,title,type,similarity,duration,sale,date,bgm
0,【卡妈推荐】柳州螺蛳粉原产地广西正宗螺丝粉300g*5包装,食品,0.70710677,33,3671,2020/7/3 13:03,
1,咪偲图品牌女装2020夏季新品清新（裙长92）短款SYXR-48款,服装,1.0,12,43,2020/7/3 13:05,DDU-DU DDU-DU (Japanese Ver.) - BLACKPINK
2,2020夏季新款大码女装文艺复古芝麻数码花V领手工盘扣裙衫9243,数码,1.0,15,41,2020/7/3 13:05,成都 - 李雨婷
3,【博集官方直营】罪全书（套装全7册） 蜘蛛著 ,图书,0.70710677,37,53,2020/7/3 13:07,Hello Zepp - Charlie Clouser
4,铜耳环F091,饰品,1.0,27,206,2020/7/3 13:09,哦哈哟欧尼酱 - 赵梓婷
5,佰姿舞脚蹬拉力器仰卧起坐辅助器材家用健身瘦肚瑜伽女运动弹力绳,运动,0.7729085,13,5790,2020/7/3 13:12,
6,厘昉--小孩子邹菊速干衣套装【3至13岁】,,0.0,11,1943,2020/7/3 13:13,
7,偷吃奶油 熊猫印花白色短袖T恤男女2020夏季新款宽松ins情侣上衣,服装,0.5206558,8,30,2020/7/3 13:18,即兴freestyle (Live) - 颜人中、Tizzy T、艾福杰尼、余佳运、Vinida万妮达
8,开学礼物 PILOT百乐 V5考试针管水笔 BX-V5系列水性笔,图书,1.0,10,41000,2020/7/3 13:19,没有喝够 - 门小强
9,toocoolforschool涂酷柔滑鸡蛋滋养面膜韩国进口补水保湿嫩滑5片,美妆,0.70710677,41,1833,2020/7/3 13:19,
10,【七彩磷光】闪光宽松百搭防晒衬衫,美妆,1.0,12,465,2020/7/3 13:20,
11,无线充电宝预计6-8天发货,数码,0.81649655,18,809,2020/7/3 13:21,
12,女童凉鞋2020夏季新款中大童水钻透明公主鞋女孩仙女风时尚沙滩鞋,鞋靴,0.8573488,7,1143,2020/7/3 13:36,
13,幺妹同款草莓格子连衣裙,服装,1.0,59,2,2020/7/3 13:40,Seven Sticks of Dynamite - AWOLNATION
14,A星ALPINESTARS TECH-AIR 5 电子气囊马甲摩托车骑行防护准备,车品,1.0,22,2,2020/7/3 13:41,生日歌 - 风之曳
15,情侣短袖,服装,1.0,8,140,2020/7/3 13:42,两个世界 (DJ版) - 杨小壮
16,柏宣妮。新款妈妈装连衣裙XL-5XL,服装,0.7694781,7,234,2020/7/3 13:43,微笑吧 (DJ版片段) - 香子
17,溢田玉米面条250g*5袋,食品,0.70710677,56,2450,2020/7/3 13:43,
18,【王赫专属福利】东北农家三色糙米5斤装（下单48小时发货）,食品,1.0,17,3330,2020/7/3 13:44,
19,赛普瑞斯先生烹倍力高压锅压力快锅防爆家用炖锅燃气电磁炉通用,电器,0.77327967,30,51,2020/7/3 13:46,
20,GLAMONKISS原创潮牌足球皇马C罗尤文罗纳尔多纯棉短袖T恤加绒卫衣,运动,1.0,231,13,2020/7/3 13:47,
21,2020年夏季新款韩版时尚洋气百搭上衣+半身裙+两件套100002.907,服装,0.57735026,7,4,2020/7/3 13:48,包容 - 思思
22,厨房置物架壁挂锅盖免打孔墙上调料架碗筷子收纳盒菜板不锈钢刀架,家装,0.70710677,21,525,2020/7/3 13:50,Wrap Me In Plastic - CHROMANCE
23,SS亲子情侣狗头沙滩裤聚酯纤维,服装,1.0,13,235,2020/7/3 14:09,
24,曹国栋 无暇粉底霜遮瑕持久保湿油皮不脱妆不卡粉轻薄服帖遮瑕,美妆,0.57735026,37,186,2020/7/3 14:58,
25,kingkingled创意香薰蜡烛结婚情人节礼物家用室内装饰mirror系列,家装,0.6099686,59,79,2020/7/3 15:11,Only Love (Extended Mix) - Deepend
26,2020时尚新款连衣裙JYF1602,服装,1.0,6,154,2020/7/3 15:12,Come On - Turtles
27,MSQ/魅丝蔻10支萝卜丁化妆刷套装全套粉底刷散粉眼影刷子美妆工具,美妆,0.588028,59,16000,2020/7/3 15:13,Dawn of us - 王嘉尔
28,纽扣松紧腰纯色阔腿直筒裤,服装,0.70710677,10,117,2020/7/3 15:14,
29,珍百万同款韩版ins牛仔短裤宽松学生阔腿显瘦网红同款热裤潮,服装,1.0,8,81,2020/7/3 15:14,能被抢走的都是垃圾 - 69
30,【新品特卖】超柔植绒气质旗袍 001 M-4XL,服装,1.0,7,1290,2020/7/3 15:15,小小新娘花 (广场舞) - 云菲菲
31,林珊珊lisa风短款复古印花短袖T恤女夏季网红洋气宽松显瘦潮上衣,服装,0.5206558,7,14000,2020/7/3 15:16,好喜欢你 - 王广允
32,女童鞋2020夏季新款单鞋儿童网鞋透气飞织运动鞋小男孩时尚老爹鞋,运动,0.7729085,17,725,2020/7/3 15:17,
33,日本佑天兰黄金果冻面膜补水保湿紧致玻尿酸胶原蛋白女正品9片,饰品,1.0,85,27000,2020/7/3 15:25,
34,【读万卷】坏血 ,图书,0.70710677,99,300,2020/7/3 15:28,我喜欢你 你这句话我等了好久 - 精神领袖你阿政
35,【4册】内心强大的女人最优雅 女人就是要有气质,图书,1.0,25,157,2020/7/3 15:31,
36,【品读呵护】女生呵护指南 六层楼 女性健康  关爱女生科普书籍 ,图书,1.0,73,1840,2020/7/3 15:32,
37,众辰空气炸锅迷你小型多功能薯条机新一代全自动无油烟电炸锅家用,车品,0.70710677,60,182,2020/7/3 15:35,
38,1ct/d色/18k白金经典6抓款定制链接,饰品,1.0,41,7,2020/7/3 15:35,
39,鑫光锂电鑫辕48V20AH系列三元锂电池高密度三防电动车大容量电池,车品,0.70710677,14,1,2020/7/3 15:36,Apollo s Triumph - Audiomachine
40,zxs  发光短袖T恤男女,服装,0.7694781,9,40,2020/7/3 15:42,雨过之后 (DJ女声版片段) - DJ
41,简约polo衫,服装,1.0,9,582,2020/7/3 15:43,总在一瞬间长大 (DJ版) - 韩子曦
42,鸡毛掸子除尘家用可伸缩打扫卫生工具扫灰毯子大扫除神器掸子,家装,0.6099686,15,67,2020/7/3 15:43,
43,桃红盘扣花朵衬衣,服装,0.70710677,16,237,2020/7/3 15:43,桃花朵朵开 - 你的九儿
44,【有间】新版 断舍离  人生清单山下英子著,图书,1.0,141,648,2020/7/3 15:44,
45,  致力打造佛山最大最全岩板采购中心大板批发，餐桌茶几，电视柜,家装,0.70710677,11,31,2020/7/3 15:44,感谢 - 黑龙
46,TAJEZZO探迹者POLY系列Scutum斜挎包,箱包,1.0,21,950,2020/7/3 15:45,所有精神小伙听令 - 静妹
47,2020新款修身连衣裙+牛仔短马甲,服装,0.63867325,11,48,2020/7/3 15:52,Love Story (2015 1989世界巡回演唱会悉尼站) - Taylor Swift
48,懒人高品质休闲拖地裤,服装,1.0,7,167,2020/7/3 15:53,
49,【猪猪家】格子连衣裙碎花简约夏季,服装,1.0,10,1830,2020/7/3 15:54,"以前打扰了,以后不会了 (DJ版) - 黄静美"
50,赵晓晓定制 2020春夏新款黑色短款防晒绑带上衣女薄款夏季收腰T恤,美妆,1.0,6,208,2020/7/3 15:55,漂洋过海来看你 (Remix) - 刘明湘
51,衬衫女夏季新款短袖雪纺衫心机领收腰超仙显瘦打底衫大码百搭上衣,服装,0.43121767,8,26,2020/7/3 15:55,今夜我一个人醉 - 徐婧
52,1:400特尔博055导弹驱逐舰模型军舰模型成品合金战舰南昌舰,玩具,1.0,39,6,2020/7/3 15:55,
53,针织上衣女2020夏季新款显瘦V领短袖打底衫百搭木耳边短款修身T恤,服装,0.6098339,8,414,2020/7/3 16:02,我的天空 - 刘至佳
54,9B333-29蝴蝶结方头粗跟单鞋,鞋靴,1.0,19,120,2020/7/3 16:02,
55,罐装果蔬脆组合 香菇脆  香芋脆 脆冬枣  南瓜脆,食品,0.57735026,28,300,2020/7/3 16:02,
56,小重楼汉服 中国风古装正品原创刺绣方领补服织金纱马面裙明制女,服装,0.70710677,90,3,2020/7/3 16:03,
57,LKOD 2020夏季新款圆领珍珠奶茶字母印花tee 男女情侣款夏日t短袖,服装,0.7694781,53,11,2020/7/3 16:07,
58,正宗邳州刘井粉丝纯山芋红薯粉丝5斤装粉条徐州特产,食品,0.6324555,14,81,2020/7/3 16:09,微笑吧 (DJ版) - 香子
59,小香风外套 玫红色,服装,1.0,13,82,2020/7/3 16:10,暗里着迷 - 吉他的天空
60,【OG季梵】夏款连衣裙20PV342,服装,1.0,14,568,2020/7/3 16:10,一晃就老了 (DJ版) - 民工乞哥
61,派对女王高端女神气质法国小众雪纺玫瑰印花飘逸阔腿裤两件套套装,服装,0.70710677,6,50,2020/7/3 16:14,男人花 (片段) - 张茜
62,清新花朵款36#,,0.0,12,125,2020/7/3 16:18,我多想回到那个夏天 - 虞姬、圈妹
63,时尚休闲套装女2020牛仔裤宽松大码妈妈装减龄两件套8010 S-2XL,服装,1.0,9,81,2020/7/3 16:18,无言的结局 - 杜晓峰、郭芷伲
64,金边水晶玻璃锤纹高脚杯,家装,1.0,8,1160,2020/7/3 16:26,Falling for U - Peachy!、mxmtoon
65,火影忍者联名高帮鞋大蛇丸,服装,1.0,10,88,2020/7/3 16:27,
66,【卫龙专卖店】辣条火锅网红懒人自热火锅自助速食麻辣方便小火锅,食品,0.6515742,38,4953,2020/7/3 16:37,The Tap Tap v Opeře 2010 - The Tap Tap
67,朗祺自动伸缩卷管器收纳架水管车水鼓家用洗车水枪浇花喷头园艺,车品,1.0,8,28,2020/7/3 16:38,Mojito - 唱歌的梓豪Jay
68,童磊纯棉高弹力休闲八分裤加大码08,服装,0.7925293,13,2990,2020/7/3 16:38,
69,宝宝粉粉嫩旗袍,服装,1.0,6,6340,2020/7/3 16:39,
70,【福利款】3-6年级韩版超轻女童书包-637,文具,1.0,13,312,2020/7/3 16:39,
71,镁高镁服饰衬衫女2020夏季法式灯笼袖慵懒风上衣短袖天丝衬衣0621,饰品,0.70710677,9,146,2020/7/3 16:42,新欢渡旧爱 (DJ69、DJ肖涵、DJ沈子凡、DJ虞姬版) - 黄静美
72,赤木刚宪美妆BLACKPAW黑爪香水女士持久清新淡香夏日限定少女专用,美妆,1.0,57,148,2020/7/3 16:42,
73,娃娃领碎花连衣裙女夏收腰显瘦气质仙女裙温柔风蕾丝拼接公主裙子,服装,1.0,15,304,2020/7/3 16:43,疯狂爱爱爱 (广场舞) - 慕容晓晓、办桌二人组
74,大飙车推荐 汽车遮阳帘防晒隔热遮阳挡自动伸缩,车品,1.0,59,219,2020/7/3 16:44,
75,【博库】戴建业作品集系列9册正版书籍图书,图书,0.57735026,53,21,2020/7/3 16:47,
76,心机百搭洋气泡泡袖束腰上衣女2020一字肩衬衫短袖格子小个子衬衣,饰品,0.70710677,37,5,2020/7/3 16:49,
77,网红同款卡通米老鼠印花短袖,服装,0.7694781,14,47,2020/7/3 16:51,你是上天给我的礼物 (DJ何鹏版) - 星月组合
78,【青青草】人生海海 麦家,,0.0,42,75,2020/7/3 16:52,圣诞前夜 - 赵海洋
79,【醉鹅娘推荐】青岛啤酒日期新鲜白啤11度500ml*12听罐啤新品上市,食品,1.0,59,5745,2020/7/3 16:52,
80,精臣D11打码机全自动生产日期打码机打价格标签机手动小型打日期标价机服装店打码神器超市价格手提打价机,运动,0.70710677,31,674,2020/7/3 16:54,
81,新品80兰精天丝面料四件套花羽,家装,1.0,8,35,2020/7/3 16:54,男人女人都不醉 (DJ版) - 颜66
82,四十岁妈妈衬衫洋气春款上衣真丝香云纱七分袖衬衫桑蚕丝翻领衬衣,服装,0.75592893,7,34,2020/7/3 16:55,High Emotions - El Regalo De Silvia
83,【有间】全4册 卡耐基给女人的忠告做个有气质会赚钱淡定女人,图书,1.0,29,117,2020/7/3 17:01,Last Reunion - Peter Roe
84,2020春夏新款链条小方包欧美风范单肩包斜跨包迷你女包,箱包,0.57735026,17,9,2020/7/3 17:02,好人好梦 - 黑鸭子
85,freeplus芙丽芳丝水乳套装保湿修护柔润/清爽化妆水乳,美妆,0.70710677,57,13000,2020/7/3 17:03,奥利给 - ZeroSeven
86,包子脸QTQ猫咪零食猫条增肥幼猫成猫小鱼干妙鲜湿粮包猫鲜条6支,食品,1.0,45,947,2020/7/3 17:03,
87,百褶阔腿裤女春夏季冰丝高腰显瘦休闲裤宽松直筒裤垂感九分裤长裤,服装,0.6098339,26,6224,2020/7/3 17:04,梅花泪 (并四版) - 孙嫣然
88, 泡泡袖短袖连衣裙女长裙短款小个子雪纺v领收腰公主裙,服装,0.769478,7,1610,2020/7/3 17:04,星月糖 - 黎林添娇
89,【创谷】可循环使用便携折叠伸缩小圆盘购物袋多功能收纳袋旋转盘,家装,0.57735026,13,6,2020/7/3 17:06,Monsters (MushrooMRemix) - 敏少、Mushroom
90,【米薇书苑】成长文库—在输得起得年纪，遇见不服输的自己,图书,1.0,172,31,2020/7/3 17:12,
91,【咚咚鸡翅尖120g】麻辣鸡翅零食小包装云南特产卤味小吃休闲美食,食品,0.57735026,56,198,2020/7/3 17:15,
92,爱唯依 Elsissi2020夏季新款日系棉麻拼接蕾丝中袖衬衫衬衣 705,服装,0.70710677,7,210,2020/7/3 17:16,여행  - 未知
93,初晓皮草牛仔裤时尚百搭2020年春夏新款气质超酷修身显瘦青春潮流,服装,0.70710677,13,8,2020/7/3 17:17,漫步人生路 - 邓丽君、汪金金先生鸭
94,629款裤子（5天发货）,服装,1.0,7,3950,2020/7/3 17:19,赤伶 - 等什么君
95,越心Nami 洋气时尚 蛋糕裙半身裙套装雪纺短裙两件套气质韩版夏,服装,1.0,67,169,2020/7/3 17:21,爱成叹息 (DJ邱国新版) - 冷漠、杨小曼、邱国新
96,新疆特产牧民手工自制3袋约450克疆味集奶皮子,食品,1.0,37,5040,2020/7/3 17:23,
97,卡片盒证件夹皮套个性二合一多功能驾驶证夹子汽车用品,车品,1.0,21,64,2020/7/3 17:24,两个世界 (DJ版) - 杨小壮
98,恩影 时尚气质两件套（S-M-L-XL-XXL）,服装,0.70710677,8,4840,2020/7/3 17:25,
99,X213背后兔子t,,0.0,155,2010,2020/7/3 17:26,
100,糊辣子面火烧辣椒面云南西双版纳基诺族火烧辣椒面150克,食品,1.0,26,595,2020/7/3 17:27,
101,一相逢婚服魏无羡蓝忘机天官赐福花城cos中国古风汉服,服装,1.0,20,2,2020/7/3 17:29,
102,新疆手工切糕500克,食品,1.0,9,228,2020/7/3 17:29,
103,谷之优品 黑芝麻核桃黑豆粉 黑芝麻糊熟即食早餐食品五谷杂粮代餐,食品,0.6324555,83,5103,2020/7/3 17:35,
104,DK幼儿玩具图画书 春夏秋冬+我自己来+堵车了,玩具,1.0,56,845,2020/7/3 17:36,
105,水中王碳素 醒目轻口 鲫鱼漂浮漂,,0.0,24,601,2020/7/3 17:37,
106,美洋MEIYANG 温柔又清新 低饱和莫兰迪鼠尾绿口袋无袖背心衬衫,内衣,0.70710677,225,1386,2020/7/3 17:38,
107,郭九九呢 复古工装裙2020夏季新款收腰显瘦气质黑色西装连衣裙潮,鞋靴,0.8690301,26,310,2020/7/3 17:39,
108,10双装家庭家用酒店餐厅筷子防滑中式合金筷餐具套装,家装,0.6099686,10,1410,2020/7/3 17:40,花海 (翻唱) - 未知
109,美国队长半袖钢铁侠 灭霸 漫威衣服复仇者联盟短袖男T恤圆领夏季,服装,0.7694781,29,11,2020/7/3 17:42,
110,真皮手提包女2020新款气质女神大容量大气百搭红色新娘婚包斜挎潮,箱包,1.0,18,407,2020/7/3 17:43,
111,思美人 旗袍,服装,1.0,11,169,2020/7/3 17:43,恨在今天再相遇 - 童丽
112,【李佳航推荐】匹克态极2.0运动鞋情侣2020夏季新款透气跑步鞋男,运动,1.0,93,11000,2020/7/3 17:44,
113,2020夏新款减龄个性阔腿大码宽松牛仔背带裤高腰复古短裤t恤套装,服装,0.7694781,13,469,2020/7/3 17:48,我和你 - 皮卡丘多多
114,正品洋酒XO鎏金瓶白兰地威士忌VSOP基酒烈酒套装2瓶,食品,1.0,31,16,2020/7/3 17:48,
115,梦幻麋鹿,,0.0,11,11,2020/7/3 17:49,不舍 (DJ何鹏版) - 郑亦辰、何鹏
116,丁丁推荐   韩风麻料无袖衬衣  10673A+933-1+ 0072A,服装,0.70710677,12,240,2020/7/3 17:49,鬼迷心窍 - 师硕晗
117,汉哲北欧实木摇摇椅沙发大人小户型家用阳台休闲懒人躺椅逍遥椅子,家装,0.67650604,27,66,2020/7/3 17:52,
118,北欧轻奢大理石岩板餐桌时尚家用小户型桌椅组合现代简约饭桌桌子,家装,0.70710677,19,17,2020/7/3 17:59,布谷鸟 - 安子与九妹
119,SANA【蝴蝶结】长款丝带气质韩国水钻blingbling仙银针耳环女,饰品,1.0,15,151,2020/7/3 18:03,被风吹过的夏天 - 金莎、林俊杰
120,TZ一次性手套食品餐饮薄膜透明加厚塑料手套龙虾烘焙手膜卫生手套,饰品,1.0,32,25,2020/7/3 18:03,
121,92号夏小暖 高跟7cm尖头亮面凉鞋,鞋靴,1.0,6,172,2020/7/3 18:04,爱情啊 - 侃侃
122,Feeling+天丝花边防晒衣,美妆,1.0,10,452,2020/7/3 18:06,
123,理然控油洗发水男士 去屑止痒清洁头皮蓬松发质油发专用洗发露膏,电器,0.77327967,28,1203,2020/7/3 18:08,Hopeful Hearts - Thomas Greenberg
124,优培农场U系列 28天逆转人生代餐礼盒套装,食品,0.70710677,76,3,2020/7/3 18:09,就这 - 蒋先生、DJ阿金、李安芳吖
125,柠檬鲸少女jsk daydream生活馆现货,,0.0,24,2,2020/7/3 18:12,
126,【一茶】婚姻不只是一张床 秒懂男女关系 恋爱必备 婚姻 五册 ,家装,0.57735026,218,859,2020/7/3 18:14,
127,波西米亚三亚海边度假沙滩裙娃娃连衣裙,服装,1.0,5,4,2020/7/3 18:15,Pop It In 2 - MADE IN HEIGHTS
128,轻奢床QSC1-6,,0.0,8,1,2020/7/3 18:16,
129,WU646夏韩版休闲幻彩双色料防晒服,美妆,1.0,14,39,2020/7/3 18:17,그런 연애 (那样的恋爱) - J_ust、Ahin
130,一哥鲍鱼大盆菜 佛跳墙加热即食鲍鱼干货年夜饭年货礼盒装送礼8斤,食品,1.0,118,82,2020/7/3 18:19,
131,蜀中桃子姐家火锅底料500克装牛油火锅麻辣味,食品,0.70710677,259,16000,2020/7/3 18:21,
132,【古阿新】原创刺绣中国爱国国潮套头夏季上新款情侣亲子复古衣,,0.0,6,764,2020/7/3 18:23,
133,套装女新款2020年夏季碎花雪纺减龄雪纺衫时尚九分裤子气质两件套,服装,1.0,9,756,2020/7/3 18:23,不配怀念 - 熊婷婷
134,【家教方法】全4册儿童心理学沟通和性格培养不吼不叫培养好孩子s,图书,1.0,51,2140,2020/7/3 18:24,清新的小女孩（For Ma） - July Tun
135,手工麻绳纳底布鞋,,0.0,15,1873,2020/7/3 18:24,18 Mne Uzhe (重置版) - ai8
136,樱桃泡泡 8188套装,服装,0.70710677,7,1400,2020/7/3 18:25,
137,菲菲毛绒玩具 皮卡丘 变身熊 变身兔 紫企鹅,,0.0,13,684,2020/7/3 18:25,
138,车后视镜防雨膜防水防止雾气凝结驱水膜保证行车安全,运动,0.70710677,30,895,2020/7/3 18:26,Jhak maar ke (抖音完整原版) - 未知
139,格力便携榨汁杯 BP-3001Zb 磨砂 青柠绿,,0.0,152,2490,2020/7/3 18:26,
140,OPPO Reno4 Pro 5G 晶钻蓝 12GB+256GB 双模5G 65W超级闪充 超级夜景视频 7.6mm超轻薄设计 拍照游戏智能手机,,0.0,50,427,2020/7/3 18:27,
141,VOA100支羊毛印花围巾PH8,饰品,1.0,10,75,2020/7/3 18:28,遇见 - 孙燕姿
142,小鱼鱼新款2020夏季女装欧货圆领字母印花T恤洋气ins潮上衣半袖女,服装,0.5206558,10,394,2020/7/3 18:35,
143,衣品乐欧洲站新款宽松拼接假两件运动风连衣裙大码胖妹妹mm女装夏,运动,1.0,12,3302,2020/7/3 18:35,百花香 - 魏新雨
144,五季家大码胖mm连衣裙夏季新款洋气收腰泡泡袖修身改良旗袍裙女,服装,0.86243534,14,281,2020/7/3 18:36,我的天空 (加长版) - 刘至佳
145,爱心天使猪毛绒玩具抱枕,鞋靴,0.9299225,7,1540,2020/7/5 1:20,心上人呀 - 阿悠悠
146,剁椒老坛酸菜香菇脆笋香辣竹笋雪菜笋丁油焖笋230g*2瓶,,0.0,27,378,2020/7/5 1:23,轻快 - 胡伟立
147,正版奔驰双层拖车运输车合金车模,,0.0,25,65,2020/7/5 1:29,We Are Perfect - Cristian Marchi
148,2020新款夏季文艺棉麻民族风仙女裙绣花纯棉大摆刺绣收腰连衣裙,服装,0.7694781,21,67,2020/7/5 1:30,下山 - 要不要买菜
149,7-1万佳秒美衣,,0.0,8,1,2020/7/5 1:43,大天蓬 - 有幸来过
150,胖子短袖套装男夏季宽松薄款加肥加大码短T五分空调裤休闲运动装,电器,1.0,34,656,2020/7/5 1:54,回到夏天 (片段) - 爱写歌的小田
151,宝雕双r国四电喷工厂直销,,0.0,13,1,2020/7/5 1:58,
152,LLS 8203格子上衣半身裙套装,服装,0.70710677,15,103,2020/7/5 2:05,
153,爆款时尚双肩带斜挎包,文具,0.70710677,7,296,2020/7/5 2:06,你的样子 (片段) - 小倩
154,简约时尚沙发垫,,0.0,19,412,2020/7/5 2:08,
155,YQ  330  夏季必备 牛油果绿 耳扣琉璃花,家装,0.57735026,16,120,2020/7/5 2:10,Lego House - Ed Sheeran
156,金以琳家花朵一脚蹬牛筋底单鞋,鞋靴,1.0,10,691,2020/7/5 2:11,赤羚 - 等什么君
157,NUTREND诺特兰德炫彩摇杯诺特兰德EAA复合肌酸AAKG,,0.0,44,1,2020/7/5 2:13,Hyper Confirmed - 未知
158,小鱼鱼新款2020夏季女装衬衫时尚洋气后系带雪纺上衣圆领短袖T恤,服装,0.477937,8,65,2020/7/5 2:14,野狼disco (粤语版片段) - 很美味
159,女童夏季牛仔裤套装反光蝴蝶两件套,,0.0,13,385,2020/7/5 2:14,
160,2020新款37件套组合扳手套装,,0.0,22,42,2020/7/5 2:15,
161,澳洲谷饲180天肉眼心牛排 每包1kg,,0.0,35,177,2020/7/5 2:16,
162,鑫光锂电鑫辕48V20AH（60-70公里）电动车三元锂电池送3A充电器,车品,1.0,14,1,2020/7/5 2:38,Apollo s Triumph - Audiomachine
163,【丛姐推荐】思科奇无线电动拖把家用拖地机擦地神家手持清洁杀菌,电器,0.77327967,25,665,2020/7/5 2:40,
164,玖姑娘《耘硕说鞋》限量珍藏版图书礼盒 球鞋文化类,图书,1.0,46,20,2020/7/5 2:54,The Party Troll - D1ofaquavibe
165,小鱼鱼新款2020夏季女装小香风冰丝上衣短袖简约大气时尚韩版潮女,服装,0.6484997,10,333,2020/7/5 2:56,其实我想说的还有很多 - 鱼大仙儿
166,时尚衬衫穿搭,服装,1.0,6,39,2020/7/5 5:01,
167,8372#修身高腰牛仔中长半身裙 配送腰带,饰品,1.0,9,1370,2020/7/5 5:09,
168,波点蕾丝修身连衣裙,服装,1.0,52,151,2020/7/5 9:28,走着走着花就开了 - 卓舒晨
169,LINE FIRENDS卡通浴室地垫家用进门卫生间门口吸水地毯防滑脚垫子,家装,0.6099686,17,880,2020/7/5 9:30,Mojito (片段) - 妖蝠
170,Rever绿野仙踪黄金沐浴油 持久留香嫩滑肌肤改善粗糙香体沐浴露,饰品,1.0,133,6428,2020/7/5 9:51,
171,韵航   大面积喷灌套装,,0.0,27,165,2020/7/5 9:56,
172,"8872#（25码，26码，27码,28码需要拍单3天）新款高腰显瘦阔腿裤",服装,0.63867325,9,1090,2020/7/5 10:08,The Cure - 泽亦龙
173,韩国东大门2020夏季净色撞色边气质显瘦减龄单排扣甜美宽松上衣女,服装,1.0,8,558,2020/7/5 10:16,两个世界 (片段) - 张茜
174,LJ 家用不粘四孔煎锅,家装,0.6099686,13,741,2020/7/5 10:27,一千零一次我爱你 - 刘亦泽
175,德国数学虎【全4册】,图书,1.0,109,1140,2020/7/5 10:33,
176,冰丝网红爆品小性感旗袍,服装,1.0,8,102,2020/7/5 10:35,烟雨蒙蒙 - 李茂山
177,【樊登推荐】掌控：开启不疲惫、不焦虑的人生B,,0.0,115,2050,2020/7/5 11:04,
178,蓝语大码女装胖妹妹mm气质优雅方领连衣裙夏装新款遮肚显瘦小黑裙,服装,0.74210465,8,178,2020/7/5 11:10,Wild (Perfect Mix) - 王雨笙
179,中长款羽绒服,服装,1.0,7,29,2020/7/5 11:11,只要你还需要我 (DJ何鹏版) - 小曼、何鹏
180,豹纹衬衣短裤套,服装,0.70710677,7,1310,2020/7/5 11:16,爱情错觉 (DJ小鱼儿版) - 半吨兄弟
181,蕾丝拼接连衣裙 S-95斤；M-105斤；L-115斤；XL-125斤；XXL-135斤,服装,0.6098339,13,1702,2020/7/5 11:18,爱久了才会懂 - 未知
182,【顺丰包邮】kitchendele凯晨德乐韩国原装进口麦饭石炒锅不粘锅,,0.0,214,636,2020/7/5 11:20,
183,巴塞罗那官方商品丨运动速干T恤休闲短袖训练紧身衣夏季户外运动,运动,1.0,22,21,2020/7/5 11:21,
184,MY001袖衫,,0.0,23,4,2020/7/5 11:21,走江南 - 亦伊
185,呈迎 304不锈钢包饺子器懒人工具,数码,0.70710677,8,426,2020/7/5 11:22,
186,欧韩简约背带裤大码牛仔,服装,1.0,10,1731,2020/7/5 11:22,嚣张 - en
187,蓝绮儿2167时尚牛仔连衣裙,服装,1.0,41,4520,2020/7/5 11:23,sans. - Toby Fox
188,香秀的美妆店 zenn神仙高光修容鼻阴影脸部提亮瘦脸土豆泥闪粉盘,美妆,1.0,19,998,2020/7/5 11:24,MAMAMOO-WIND FLOWER（AKEN Remix） - AKEN
189,1119#松紧腰显瘦阔腿裤,服装,0.63867325,30,1433,2020/7/5 11:26,情歌虽老却动听 - 小阿龍
190,自粘装饰画客厅沙发背景墙山水国画鸿运当头油画办公室壁画仿边框,文具,0.70710677,16,144,2020/7/5 11:26,鸿运当头 - M-Girls
191,5801凉鞋女仙女风2020新款夏季新款平底网红百搭蛇型带水钻女凉鞋,鞋靴,0.7965172,15,63,2020/7/5 11:28,
192,789V领宽松长裙,,0.0,10,2601,2020/7/5 11:41,
193,减龄套装,,0.0,14,1114,2020/7/5 11:45,
194,【小美酱】碎花连衣裙 大珍珠【环】,饰品,1.0,9,42,2020/7/5 11:48,让我做你的眼睛 (热搜版)(DJ小猫多鱼版) - 子芮
195,超薄天丝牛仔背带裤,,0.0,12,21,2020/7/5 11:48,大王叫我来巡山 - 母一帆
196,合欢花开 纺丝旗袍 ,服装,1.0,11,142,2020/7/5 11:48,恨在今天再相遇 - 童丽
197,上衣,服装,1.0,6,542,2020/7/5 11:49,
198,DW-蜘蛛侠四件套套装,,0.0,12,1000,2020/7/5 11:54,不变的音乐Jealousy - 承利
199,2020新款松紧腰民族风棉麻绣花阔大裆休闲肥腿裤长裤子女,服装,1.0,27,36,2020/7/5 11:55,情难渡 - 文静
200,赢销特种兵之实战篇,,0.0,49,3230,2020/7/5 11:55,Cooking - 未知
201,58050 韩国X2原标弹力腰短裤,服装,1.0,7,3421,2020/7/5 12:11,小雨と君 (小雨和你) - 荒木毬菜
202,隆澳智利进口犬牙鱼银鳕鱼片500g,,0.0,167,458,2020/7/5 12:14,
203,贝拉动物长条枕,玩具,0.57735026,11,3610,2020/7/5 12:18,
204,现代卡通电表箱装饰画北欧风餐厅电闸开关壁画轻奢玄关配电箱挂画,,0.0,12,104,2020/7/5 12:19,
205,【预售8天发货】丝麻刺绣改良旗袍裙,,0.0,9,836,2020/7/5 12:19,
206,衣品乐大码欧洲站新款洋气条纹拼接烫钻短袖衬衫宽松胖妹妹mm女装,服装,0.6484997,15,976,2020/7/5 12:21,
207,206加菲猫套装-男,,0.0,11,1420,2020/7/5 12:23,
208,纯棉四件套晨风飞扬,服装,1.0,13,1880,2020/7/5 12:24,
209,星耀 空顶遮阳帽女夏防晒百搭太阳帽,美妆,1.0,66,2931,2020/7/5 12:25,
210,洋葱哥7号篮球室外成人男女生专用室外耐磨比赛用球软皮蓝球正品,,0.0,11,21,2020/7/5 12:26,
211,夏季迷彩t恤女短袖时尚烫钻军训女装个性口袋修身韩版迷彩服套装,服装,0.70710677,22,22,2020/7/5 12:30,
212,大东2020夏季新品凉鞋DW20X1339A,鞋靴,1.0,32,9,2020/7/5 12:31,
213,雨哥家  8380#SR,,0.0,28,77,2020/7/5 12:31,
214,胖婷大码女装定制2020夏季微胖mm清新单排扣温柔白色木耳边连衣裙,服装,0.81649655,16,616,2020/7/5 12:32,
215,深圳3d墙体喷绘机双喷头立式文化墙室内外背景墙智能打印机,数码,0.7387283,14,1,2020/7/5 12:35,
216,【丹昆】隐形松紧女士免打孔装饰腰带,饰品,1.0,10,4350,2020/7/5 12:38,
217,光式 霓虹影2020年新款霓虹·影鱼竿江河湖泊休闲综合性28钓竿,,0.0,11,44,2020/7/5 12:43,
218,上新啦！今年超火的一款绸缎面板鞋特色的定制绸缎面料  内里全皮,运动,0.7729085,7,109,2020/7/5 12:45,
219,Espace净站磨砂膏去角质鸡皮肤疙瘩毛囊滋润蜜桃身体嫩白全身葡萄,医药,0.6577533,40,1537,2020/7/5 12:45,
220,北欧小户型卧室落地挂衣架大理石金属衣帽架现代简约立式衣服架,,0.0,29,29,2020/7/5 12:46,
221,男款短袖套装 文字刺绣款,服装,1.0,12,895,2020/7/5 13:09,杨花落尽子规啼 - G2er、黄诗扶、国风堂
222,佳佳优选雏菊刺绣套装,,0.0,14,1540,2020/7/5 13:11,
223,芥末花开中长款短袖t恤女港风字母印花宽松体恤上衣ins潮下衣失踪,服装,0.6098339,19,106,2020/7/5 13:17,The D Machine (DJ版) - Croatia Squad
224,三娘酷帅套装,,0.0,11,62,2020/7/5 13:24,想见你想见你想见你 - 王俊凯、星火飞行器、Any安伟、王北车、叶子、逯通、郭锐
225,双色修容棒鼻梁鼻影立体脸部v脸神器,美妆,1.0,8,36,2020/7/5 13:24,小宇 (片段) - 蓝心羽
226,拉雅时代祛螨净螨皂除螨净痘深层清洁洗脸全身面部香皂去螨虫男女,电器,0.70710677,116,1678,2020/7/5 13:31,第131集 咖喱咖喱 一首快乐的小童谣 - 未知
227,平安扣吊坠,,0.0,126,81,2020/7/5 13:35,
228,【买一盒送同款一盒 】罗永浩推荐ffit8轻体代餐蛋白棒 7根/盒,文具,0.70710677,210,1056,2020/7/5 13:37,越南大鼓神节奏 (DJ版) - 韩子曦、柳州DJ阿祥
229,小鱼鱼新款2020夏季女装蓝红条纹T恤短袖修身短款上衣时尚潮流女,服装,0.54410315,10,262,2020/7/5 13:45,下个路口见 - 未知
230,连云港生鲜套餐（共12包,箱包,0.5168602,49,13000,2020/7/5 13:48,
231,轩椽阁 纯铜香炉喜上眉梢家用室内创意仿古茶道熏香炉盘香炉摆件,家装,0.6099686,30,157,2020/7/5 13:49,大団円 - 川井憲次
232,《九宫格摄影》带你系统学习摄影，全面提升你的摄影水平！,文具,0.70710677,6,137,2020/7/5 13:49,Rewrite The Stars (Lucian Dai Remix) - Zac Efron、Zendaya、戴溶萱(Lucian Dai)
233,单肩漏牛仔均码198，六扣白短裤138,服装,1.0,10,516,2020/7/5 13:50,青春里不知疲倦的向往 - 张茜
234,HX字母连衣裙,服装,1.0,10,159,2020/7/5 13:58,
235,思乡山 冰镇剁辣椒400g*2瓶湖南特产下饭菜辣椒酱,食品,1.0,15,1270,2020/7/5 14:02,
236,果冻底网面飞织鞋+多种款式组合款+随机惊喜款,鞋靴,1.0,38,1005,2020/7/5 14:06,
237,全棉钩花镂空时尚款上衣,服装,1.0,6,923,2020/7/5 14:07,
238,YQ 247 紫玫瑰花,,0.0,20,423,2020/7/5 14:07,
239,米米反光套装,,0.0,8,8,2020/7/5 14:08,
240,【反季清仓】原349 韩国小姐姐毛呢大衣女中长款韩版气质呢子外套,服装,0.81649655,8,617,2020/7/5 14:09,
241,拼接灰淡香槟小性感短T恤,服装,1.0,6,0,2020/7/5 14:10,
242,MZ CIRCULAR韩版小清新超仙森系套装集合#SR,,0.0,24,36,2020/7/5 14:11,
243,宽松牛角袖上衣4683,饰品,0.70710677,12,73,2020/7/5 14:11,
244,JazzPuss杰滋冰淇淋机家用小型自制水果甜筒冰激凌芯片制冷圣代机,食品,1.0,38,1334,2020/7/5 14:12,
245,【漫思悦】拼接打结吊带假两件短袖T恤宽松中长款,服装,0.7694781,11,17,2020/7/5 14:14,
246,韩版格子防晒开衫,美妆,1.0,6,1310,2020/7/5 14:14,
247,产后盆骨带女提臀收腹收胯塑身束腹顺产剖腹产专用束缚带,文具,0.70710677,9,115,2020/7/5 14:16,
248,软牛皮简约百搭小方包5510,,0.0,7,129,2020/7/5 14:17,
249,3171#荷叶边纯色短袖雪纺衬衫,服装,0.7694781,23,82,2020/7/5 14:20,
250,羊毛大衣（长款）,,0.0,11,14,2020/7/5 14:27,
251,EOT链条T恤小哪吒同款暗黑高街INS风OS版型落肩款男女同款,服装,1.0,6,6,2020/7/5 14:28,
252,公主蛋糕衬衣,服装,1.0,10,205,2020/7/5 14:33,野狼disco (粤语版片段) - 很美味
253,预售原创设计LucyAndLory罗莎古堡OPlolita裙洛丽塔华丽秋款童装,服装,1.0,18,7,2020/7/5 14:37,万有引力 (片段) - 原来是萝卜丫
254,小鱼鱼新款2020夏季女装韩版荷叶边冰丝圆领上衣个性拼接时尚潮女,服装,0.7694781,9,84,2020/7/5 14:49,下个路口见 - 未知
255,【床头画】轻奢简约风时尚几何抽象派卧室床头晶瓷装饰挂画,,0.0,15,15,2020/7/5 14:51,
256,三只熊蜜桃粉麻料西服外套,服装,0.70710677,7,577,2020/7/5 14:51,And The Winner Is - Gérard Darmon
257,祥祯福 石榴石圆珠多圈手串女士手链多规格包邮,饰品,0.70710677,23,1740,2020/7/5 14:53,Peters Rettungsschirm-Auftrag - Gernot Kulis
258,【一茶】雍正王朝（套装上下册）,,0.0,168,16,2020/7/5 14:55,Living Serenity (Album Version) - gael chiarella
259,宿系之源茶树纯露茶树沁肤精油组合补水祛修护痘清洁毛孔闭口粉刺,电器,0.77327967,108,1095,2020/7/5 14:55,
260,8801款面膜T,美妆,1.0,8,3160,2020/7/5 14:56,赤伶 - 等什么君
261,女童英伦风玛丽珍公主鞋时尚蝴蝶结方口舒适小皮鞋,鞋靴,0.7960113,9,1740,2020/7/5 14:57,Mojito - 周杰伦
262,遇佳人180X90防晒丝巾2,美妆,1.0,32,2190,2020/7/5 14:57,不是所有人都会值得等 - 一只舟
263,【设计师原创】法式桔梗连衣裙气质赫本风小黑裙大摆大码收腰显瘦,服装,1.0,11,17,2020/7/5 15:00,一晃就老了 (DJ版) - 民工乞哥
264,滇七农红糖姜茶大姨妈古法老甘蔗块气调血理产妇月体宫子寒,,0.0,35,5455,2020/7/5 15:02,
265,康师傅红葱头葱香排骨味泡面方便面整箱12桶,食品,1.0,65,33,2020/7/5 15:02,집에 가지마 (不要回家) - GD&T.O.P
266,重工小香风上衣 ,服装,1.0,37,7250,2020/7/5 15:04,
267,3055款半裙,,0.0,8,1470,2020/7/5 15:05,
268,洋气女士小包包2020新款潮时尚百搭菱格链条单肩包夏季网红斜挎包,服装,1.0,9,1030,2020/7/5 15:05,情深深雨濛濛 (片段) - 鱼大仙儿
269,小鱼鱼新款2020夏季女装短袖格子衬衫吊带连衣裙套装两件套时尚女,内衣,0.70710677,7,359,2020/7/5 15:09,
270,00167 28调 5H龙纹鲤台钓竿,,0.0,55,187,2020/7/5 15:10,
271,【精选好课】心理学解梦方法,,0.0,37,622,2020/7/5 15:19,
272,麻将席DIY沙发垫带孔加厚牛筋条凉席修补线配件材料,车品,0.70710677,138,23,2020/7/5 15:21,田子坊 - 接个吻，开一枪、TSAR
273,运动套装宽松时尚短袖九分裤休闲洋气两件套白黑蓝卡其S-3XL1146,服装,0.70710677,10,282,2020/7/5 15:24,大眼睛 - 梁红
274,好书分享全2册  养育男孩+养育女孩家庭教育孩子的书籍,图书,0.70710677,58,4270,2020/7/5 15:25,
275,702#短袖西装套装,服装,1.0,20,1313,2020/7/5 15:28,宠护 - 王理文
276,高级感洋气鳄鱼纹小方包网红手提包2020新款潮单肩包女百搭斜挎包,服装,1.0,9,470,2020/7/5 15:29,My Boyfriend Is Gay - Hailey Rowe
277,BS高原七彩菌汤包 七种干菌集合 美味高营养 100g/袋,,0.0,17,212,2020/7/5 15:31,酒醉的蝴蝶 (DJ版) - 若涵
278,尊皇御格  韩版休闲  62016,,0.0,19,2160,2020/7/5 15:33,再度重相逢 (中四版) - 伍佰&China Blue
279,条纹潮T穿搭蓝,,0.0,10,54,2020/7/5 15:35,黄梅戏 (DJ Candy版) - 慕容晓晓、Candy
280,刺绣系带麻衬衫,服装,1.0,12,312,2020/7/5 15:44,童话 - 未知
281,恩影 洋气时尚两件套（S-XL）,服装,1.0,7,570,2020/7/5 15:44,最美的伤口 (Live片段) - 张禾禾、大石桥联盟蓝天晨、雨萱、北北
282,皮衣,服装,0.70710677,10,12,2020/7/5 15:45,大大大 - 陈沈
283,参半小太阳益生菌牙膏清新口气净白去黄去渍滋养口腔家庭套装,,0.0,59,1804,2020/7/5 15:46,
284,2020夏季新款 韩版娃娃领 宽松 遮肚腩纯棉T恤,服装,0.70710677,10,12,2020/7/5 15:47,
285,《拥抱不完美+跟家庭的伤说再见》（周志建心灵疗愈经典 两本套）,,0.0,89,810,2020/7/5 15:47,
286,黑劲大码薄款休闲裤2020夏季新款宽松胖子男装加肥加大直筒长裤,服装,0.6098339,28,114,2020/7/5 15:48,
287,【博目精雕版】2020新版 世界地形图 中国地形图套装 超大1.1米x0.8米 精细3D凹凸立体地图 三维地貌 地理学习 办公室装饰画挂图,数码,0.80027217,54,52,2020/7/5 15:48,
288,天才在左疯子在右正版完整版 作者高铭的书 心理学书籍   ,图书,0.70710677,48,64,2020/7/5 15:48,
289,褶皱真丝长裙,,0.0,19,44,2020/7/5 15:49,
290,时任同款 丝巾 ,饰品,1.0,14,201,2020/7/5 15:50,
291,2020夏装新款宽松显瘦荷叶裙摆A字假两件胖mm牛仔连衣裙,服装,1.0,11,36,2020/7/5 15:51,胖子多棒 (女声版片段) - 网络歌手
292,视频中露肚脐连体裤套装,服装,0.63867325,6,59,2020/7/5 15:56,
293,纯色重磅衬衫女短袖2020夏季新款宽松绣花v领缎面上衣潮S-3XL1202,服装,0.6098339,9,413,2020/7/5 15:57,
294,62711 新款哈伦裤 XL--4XL ,服装,0.7694781,6,1342,2020/7/5 15:59,微微 - 傅如乔
295,【1盒30包】太太胶原蛋白固体饮料水解肽精华粉，颜值保鲜,美妆,1.0,95,3400,2020/7/5 16:01,Dance Monkey - Tones And I
296,無糖S-夏季网红很仙的衬衫潮流痞帅七分袖衬衣宽松小雏菊短袖衣服,饰品,0.70710677,12,162,2020/7/5 16:06,Party Train (Remix) - DJ.Eivin一文
297,正版包邮 洛克菲勒写给儿子的38封信 [美]约翰·D·洛克菲勒著,图书,1.0,147,320,2020/7/5 16:07,
298,何度卧室床头吊灯后现代轻奢北欧复古玻璃ins风民宿餐厅吧台吊灯,家装,1.0,19,10,2020/7/5 16:14,
299,时尚logo款男士T恤,服装,1.0,54,711,2020/7/5 16:15,
300,希哥家单肩斜挎宽肩带休闲包包百搭款包包,箱包,0.8560698,9,420,2020/7/5 16:15,旧梦一场 (DJ版) - 周森
301,2020夏装新款性感吊带上衣时尚高腰宽松阔腿裤两件套洋气减龄套装,内衣,0.70710677,9,126,2020/7/5 16:17,DDU-DU DDU-DU (DJ版) - 沐泽
302,时尚韩版大码宽松V领小雏菊印花胖MM显瘦遮肉2020夏季新款连衣裙,服装,0.7694781,11,426,2020/7/5 16:19,
303,霍乱时期的爱情 诺贝尔文学奖作品,,0.0,63,186,2020/7/5 16:21,Ever Eternity - Dennis Kuo
304,海南无核荔枝4斤,,0.0,26,318,2020/7/5 16:21,Romeo's Tune - Pajaro Sunrise
305,香域湾网红冰淇淋柠檬茶桃桃珍珠奶茶杨枝金露15支+6杯+4筒组合装,食品,1.0,50,314,2020/7/5 16:22,劳作的春夏秋2 (氛围音乐) - 阿鲲
306,地板革自粘PVC地板革厚度1.8mm,,0.0,12,545,2020/7/5 16:23,阿果吉曲 (最火版) - 未知
307,高弹清凉T(送挂件）,数码,0.87401694,15,342,2020/7/5 16:23,爱的太深也是祸 - 一只舟
308,小鱼鱼新款2020夏季女装时尚T恤长袖上衣条纹短袖韩版显瘦潮流女,服装,0.54410315,11,149,2020/7/5 16:24,
309,058女士衬衫,服装,1.0,18,20,2020/7/5 16:26,只宠你一人 - 张厦、曾媛媛
310,T-206 潮牌卡通印花纯棉短袖T恤男女情侣装圆领原宿风夏装半袖,服装,0.5206558,75,16,2020/7/5 16:27,
311,简约t恤女士夏季 2020 新款刺绣洋气小衫减龄浅粉色短袖上衣,服装,0.7694781,10,158,2020/7/5 16:28,点歌的人 - 吉么哈布
312,安迪推荐【气质套装】,,0.0,9,73,2020/7/5 16:29,凤凰展翅 (DJ小黑版) - 司徒兰芳、小黑
313,器材库  KAWOO灵犀感应音响无需蓝牙连接的无线音响,数码,0.70710677,20,76,2020/7/5 16:30,孤芳自赏 - 网络歌手
314,Wilson威尔胜运动袜男女跑步吸汗毛巾底低帮短袜子专业高帮篮球袜,内衣,1.0,11,2404,2020/7/5 16:30,
315,【丹妮优品】香香菱格珍珠包305,饰品,1.0,15,261,2020/7/5 16:31,美丽的神话 - 纯音乐
316,时尚个性透气微透款上衣,服装,1.0,7,179,2020/7/5 16:32,我爱你不问归期 - 未知
317,万物一口猫汤罐猫零食高汤猫罐头80g*6成幼猫营养补水猫咪零食罐,食品,1.0,36,2954,2020/7/5 16:32,
318,新款 方扣超高跟鞋 （舒适8-9厘米跟高）单鞋 标准码5858-11,鞋靴,0.70710677,6,298,2020/7/5 16:35,你的样子 (片段) - 小倩
319,满满家TT  白色翻领娃娃裙6721,,0.0,14,201,2020/7/5 16:37,棉花糖 - 黑崎子
320,短袖8830,服装,1.0,7,578,2020/7/5 16:37,
321,设计感小众抽绳系带方领短袖衬衫女春夏2020新款韩版打底衫上衣潮,服装,0.5206558,16,231,2020/7/5 16:38,
322,年轻款少女日常新式旗袍改良版连衣裙夏天法式宫廷复古流苏刺绣裙,服装,0.7694781,7,37,2020/7/5 16:40,赤伶 (DJ耀仔版) - 未知
323,8013气质醋酸绑带衬衫连衣裙,服装,0.7694781,7,230,2020/7/5 16:40,呼吸决定 (女声版片段) - 网络歌手
324,新款飞磕飞抄方口两用鱼护网球拍双股手工编织渔护黑坑付大厨,,0.0,21,29,2020/7/5 16:43,
325,童磊夏季全棉阔腿工装短裤04,鞋靴,0.8690301,11,929,2020/7/5 16:43,只要你过得比我好 - 群星
326,M-3XL连衣裙夏2020新款收腰显瘦立裁气质a字裙女神范洋气裙子1090,服装,1.0,10,844,2020/7/5 16:44,点歌的人 - 吉么哈布
327,竹子,,0.0,14,256,2020/7/5 16:46,Tes River's Hymn - Nine Treasures
328,小鱼鱼新款2020夏季女装复古碎花半身裙松紧高腰气质大摆小香风女,服装,0.7694781,8,124,2020/7/5 16:48,伟大的肩膀 - 新旭
329,S66蝴蝶女童小皮鞋图案可爱,鞋靴,1.0,7,483,2020/7/5 16:48,
330,【汇利】防尘套,,0.0,17,163,2020/7/5 16:49,
331,L-4XL夏季宽松显瘦时尚套装女印花T恤+休闲牛仔短裤两件套5010,服装,0.57735026,8,546,2020/7/5 16:49,情花几时开 (DJheap九天版) - 魏新雨
332,学院风套装女2020夏装新款条纹短袖连衣裙搭配毛边牛仔短裤两件套,服装,0.6484997,10,294,2020/7/5 16:51,
333,简约条纹防晒衫外套6621,美妆,1.0,15,281,2020/7/5 16:51,背对背拥抱 (DJ版) - 谭晓晨、歌者凌风、小可（热曲）
334,2020年夏季新款金色水钻尖头高跟鞋女细跟性感包头凉鞋女时尚百搭,服装,1.0,9,130,2020/7/5 16:52,热火斯卡拉 (DJ版) - 艾妞姐姐
335,可伸缩铝合金 单面双面一体功能梯子,,0.0,18,217,2020/7/5 16:54,人生天涯路 (DJ版) - 司徒兰芳
336,湖南农家自制豆腐乳850g/一坛,,0.0,18,311,2020/7/5 16:55,喜悦 - 卢小旭
337,渤海浪花即食海蜇丝凉拌菜 1盒*200g,,0.0,23,29000,2020/7/5 16:55,
338,气质小西装套装女宽松短袖夏季新款时尚休闲小西服短裤薄款套装,服装,0.6098339,26,27,2020/7/5 16:55,Time Back (抖音枪声版) - 未知
339,妈妈连衣裙夏装高贵洋气2020新款阔太太旗袍中年女春装裙子中老年,服装,0.7694781,8,1700,2020/7/5 16:56,水墨丹青 (Live) - 李玉刚
340,下水槽厨房置物架可抽拉式落地多层收纳储物架卫生间用品家用大全,家装,0.6099686,27,390,2020/7/5 16:57,墨尔本的翡翠 (Live片段) - 车厘子的车车
341,2020夏季新款时尚女装洋气收腰显瘦小白裙,,0.0,7,3,2020/7/5 16:58,花雨落 - 任然
342,牛仔高腰阔腿裤608,服装,0.63867325,26,148,2020/7/5 16:58,孤芳自赏 (改编版) - 网络歌手
343,杭州夏季防晒长款丝巾女度假旅游百搭围巾大披肩薄款长条纱巾两用,美妆,1.0,20,36,2020/7/5 18:33,
344,NPX大头爷粉丝福利专属wishtoday纯棉印花boxlogoT恤,食品,0.70710677,22,45,2020/7/5 19:12,
345,糖浆日月星辰系列 高级小众设计感 项链手链 闺蜜女友,饰品,0.70710677,52,3,2020/7/5 19:17,
346,2020时尚针织V领开衫,,0.0,9,4798,2020/7/5 19:18,不谓侠 - CRITTY
347,露肩吊带单排扣小衫遮肉减龄显瘦 防走光百褶短半身裙二件套装,服装,1.0,12,44,2020/7/5 19:18,此情一直在心间 - 花姐
348,行营夜钓灯,,0.0,47,24,2020/7/5 19:21,
349,宽松露背交叉短袖T恤裙收腰显瘦a字裙子,服装,0.7694781,10,118,2020/7/5 21:06,赤伶 - 等什么君
350,睿夕新款羽绒派克服外套,服装,1.0,8,120,2020/7/5 21:08,
351,马登工装 美式复古头层植糅牛皮快脱扣皮带阿美咔叽消防员腰带男,饰品,1.0,38,447,2020/7/5 21:09,抖音最火换装卡点 (抖音完整原版) - 未知
352,泰国小众品牌oh my blush腮红正品裸妆自然持久初学者,,0.0,30,23,2020/7/5 21:12,
353,EQMQ29150羊软皮7厘米,,0.0,23,995,2020/7/5 21:13,
354,驾驭情绪的力量,,0.0,54,4,2020/7/5 21:13,
355,腰部闪钻高腰长裤夏季薄款,服装,1.0,13,109,2020/7/5 21:13,In The End - Tommee Profitt、Fleurie
356,江南造寸1-8833款上衣 1XL~6XL,服装,1.0,6,1610,2020/7/5 21:14,入骨相思谁人懂 - 暴林、乔玲儿
357,木耳边衬衫,服装,1.0,8,3780,2020/7/5 21:14,一千零一次我爱你 - 李浩然
358,111~蕾蕾自留款中国风盘扣上衣 ,服装,1.0,18,52,2020/7/5 21:18,少女的祈祷 - 杨千嬅
359,网面豆豆鞋,运动,0.7729085,11,55,2020/7/5 21:18,来吧展示 - 熊宝宝
360,三姐妹家吊带连衣裙1193#1129#,服装,1.0,6,7,2020/7/5 21:19,Wonderful U - 张含韵
361,【村意】广西酸臭笋红油酸笋即食下饭菜220克,,0.0,34,760,2020/7/5 21:20,儿时 (DJ阿祥版) - DJ、阿祥
362,澜芝  大版美背字母印花T【均码100-160】,服装,1.0,8,123,2020/7/5 21:20,阳光总在风雨后 - 许美静
363,夏季新款时尚百搭单肩斜跨包,服装,1.0,6,89,2020/7/5 21:21,微笑吧 (DJ改版) - 张一阳
364,海吃鱼   信阳毛尖   500g,,0.0,15,10,2020/7/5 21:21,
365,2020春夏新款韩版宽松大码休闲补丁七分牛仔裤气质洋气两件套装女,服装,1.0,13,80,2020/7/5 21:21,
366,汽车门槛条,车品,0.70710677,13,66,2020/7/5 21:32,有多少 (DJ版) - 孙方
367,疯味世代  风干牛肉五香/麻辣味100元3包，200元7包，每包 100g,箱包,0.5168602,89,32,2020/7/5 21:34,いいのかな? - 水谷広実
368,U型上衣#黑色、本白,服装,1.0,11,4680,2020/7/5 21:39,
369,【丹妮优品】菱格手提斜挎大胃王RG大胃王,,0.0,15,3770,2020/7/5 21:46,痴痴地等 - 静婷
370,拼色收脚弹力空调裤 2073#,电器,1.0,11,3550,2020/7/5 21:46,
371,【福东海】玉米须茶泡水组合型茶160g,食品,0.70710677,21,67,2020/7/5 21:47,黄莺 - 周子雷
372,欧货重工三件套,,0.0,8,122,2020/7/5 21:50,下山 - 要不要买菜
373,雀巢丝滑拿铁即饮咖啡焦糖摩卡榛果268ml*15瓶装开车考试加班提神,图书,1.0,12,1582,2020/7/5 21:53,
374,恒木森 高档席梦思床垫#600,运动,0.7729085,14,14,2020/7/5 21:54,夜嗨旋律 (Remix) - 肖宇帆
375,百搭老爹裤55532,服装,0.7694781,11,19,2020/7/5 21:54,
376,MZ CIRCULAR雨哥家网红同款气质亮片款单肩包91111#/91118# VV,箱包,0.99999994,43,155,2020/7/5 21:55,
377,【精选好课】不学语法的语法课【全视频永久回看】,,0.0,50,3100,2020/7/5 21:58,
378,可依国风旗袍  网纱法式蚀骨  FH,服装,1.0,18,134,2020/7/5 21:58,广寒宫 - 饭思思
379,豆沙红固体唇釉,文具,0.70710677,8,1,2020/7/5 21:59,
380,2020新款时尚潮流夏季套装L62385,,0.0,6,94,2020/7/5 22:04,
381,奥迪车标改装发光创意四环装饰车标灯动态中网A3A4LA6Q5Q3前车标,运动,0.70710677,9,2,2020/7/5 22:20,EA7硬曲 (Remix) - 马天浩
382,荷叶领衬衣,服装,1.0,9,188,2020/7/5 22:26,
383,云耕物作暖姜红糖浓姜红糖姜茶独立包装盒装96g,,0.0,56,55,2020/7/5 22:28,UNINE手写科普室--幕后大公开 - 未知
384,嵩山72g平底锅巴,,0.0,12,3510,2020/7/5 22:33,
385,卡通亲子毛衣,服装,1.0,10,343,2020/7/5 22:34,串烧 - 69、娜娜丽莎、虞姬、小可
386,Croxx Benny墨夜之心美妆蛋干湿两用不吃粉化妆工具气垫海绵粉扑,美妆,1.0,29,9177,2020/7/5 22:34,Old Threads - Deep East Music
387,6695 短裤款男士休闲运动裤日常百搭宽松裤经典潮流运动裤,服装,0.6098339,57,112,2020/7/5 22:38,
388,农家手工白溪霉豆腐麻辣特辣新化网红豆腐,,0.0,62,343,2020/7/5 22:51,
389,学霸高分示范视频课【视频示范+作答文稿+答题框架+点评提纲】,,0.0,52,181,2020/7/5 22:54,
390,冰爽丝拼接真丝缎连衣裙,服装,1.0,11,14,2020/7/5 22:56,Béradêro - Chico César
391,新疆西尔丹雪莲辣椒丝甜椒酱190g*5瓶五种口味牛肉辣椒丁炒米粉酱,,0.0,37,8,2020/7/5 22:57,新疆味道 - 王洋
392,清纯V领小飞袖,,0.0,57,140,2020/7/5 22:57,
393,火吧流汁宽粉240g*5包  Q弹爽滑,箱包,0.5168602,37,17,2020/7/5 22:58,冲动的惩罚 - 刀郎
394,街边儿一次性烧烤炉环保无烟室内户外野餐炭烤简易便携次日达包邮,运动,0.5465288,27,219,2020/7/5 22:58,玛卡巴卡 - 陈不羞羞呀
395,2020新款日系夏日学院风衬衫百褶裙套装,服装,1.0,14,6,2020/7/5 22:59,
396,婴儿游泳圈趴圈婴幼儿脖圈浮圈宝宝新生儿0-1-2-3岁防翻儿童,玩具,1.0,27,420,2020/7/5 23:00,
397,【育儿家教】正版 听孩子说胜过对孩子说 领观家教,电器,0.57735026,27,11,2020/7/5 23:00,Groovin' High - Lou Donaldson
398,实木床主卧床皮床现代简约婚床北欧家具全实木1.5m 1.8米双人床,家装,0.5,12,19,2020/7/5 23:01,
399,黑蝰鱼竿台钓竿手竿28调偏19调超轻超硬竞技野钓黑坑综合杆大物杆,运动,0.7729085,12,637,2020/7/5 23:01,
400,20年新款韩版西装款咖啡格羊毛大衣249903,食品,1.0,7,393,2020/7/5 23:02,
401,靓小靓 6月30号新品630当季新品,,0.0,6,1,2020/7/5 23:02,千本樱 (钢琴版) - 昼夜
402,2/2.3豆沙粉大格老粗布褥单,,0.0,36,10,2020/7/5 23:02,
403,视频中上衣和百褶裙套装,服装,1.0,7,108,2020/7/5 23:06,"1,2,3,4 (원,투,쓰리,포) - LEE HI"
404,2020夏季新款时尚欧货休闲气质显瘦连衣裙女xcc,服装,1.0,11,7,2020/7/5 23:07,暗里着迷 - 吉他的天空
405,情深深 重磅仿香云纱旗袍,服装,1.0,7,23,2020/7/5 23:08,雨碎江南 (琵琶版) - 纯音乐
406,2020新款亮片字母（ABC）T（90-180斤）,,0.0,7,1510,2020/7/5 23:08,三月里的小雨 - 王恰恰
407,INS博主同款宽松直筒显瘦拖地格子裤,服装,1.0,6,26,2020/7/5 23:09,
408,橄榄核雕核尖十八罗汉手串男女士手链纯手工,饰品,0.70710677,7,35,2020/7/5 23:13,中文山曲的士高 - DJ
409,茵琦饰品 银色 金色菱形流苏  35 ,饰品,1.0,16,668,2020/7/5 23:13,Lego House (Live) - Ed Sheeran
410,20112牛仔裙,,0.0,8,54,2020/7/5 23:14,女孩子都是神明掉人间的可爱鬼 (Remix) - 芮宝
411,Skechers斯凯奇女鞋2020新款字母熊猫鞋13165,运动,0.7729085,7,55,2020/7/5 23:18,Woman - BoA
412,【原创手绘】华为nova7se/小米10pro/小米9/pro个性玻璃手机壳,数码,0.7962466,13,270,2020/7/5 23:22,来给生活比个耶 (全网热播版) - 沈木
413,【又妈亲选】AING爱音宝宝氨基酸洗手液-按压花朵泡泡沫 ,,0.0,45,2130,2020/7/5 23:23,
414,背带裤两件套,,0.0,10,335,2020/7/5 23:27,
415,包邮2020夏季OL气质女装短袖圆领A字裙星空闪闪连衣裙,服装,0.57735026,12,1130,2020/7/5 23:28,
416,新疆哈密瓜苦豆蜜瓜2个装8-9斤包邮包赔送500克列巴1根,食品,1.0,43,117,2020/7/5 23:28,
417,欧韩版女装亚麻套装,服装,1.0,14,18,2020/7/5 23:29,一寒辞 - 音阙诗听、流芒菌
418,麻裙,,0.0,14,180,2020/7/5 23:30,
419,拉链款碎花半身裙,服装,1.0,7,98,2020/7/5 23:30,只要你过得比我好 - 群星
420,小鱼教练推荐卡包、送科二科三教学技巧,箱包,0.70710677,17,14,2020/7/5 23:30,最后的倾诉 (并四版) - 刘晓
421,拉链黑T均码128，大洞蓝牛仔裤178,,0.0,12,199,2020/7/5 23:31,后来-再听已是曲中人 - 未知
422,66038#浪漫公主袖上衣,饰品,0.70710677,10,35,2020/7/5 23:38,
423,【不会掉的呼啦圈】懒人运动健身收腹美腰神器T9,运动,1.0,11,2620,2020/7/5 23:47,万有引力 (枪声版) - 坏小欠
424,小鱼鱼新款2020夏季女装T恤裤子三件套时尚开衫套装洋气短袖潮女,服装,0.54410315,10,2940,2020/7/5 23:50,下个路口见 - 未知
425,YQ 203 耳环 三生三世  三天内发货,饰品,1.0,15,127,2020/7/5 23:56,梦中有你 - 陆正信
426,06月22日10点新品专用链接/抢先加购/新品请下滑到详情页查看,,0.0,10,0,2020/7/6 0:06,园游会 (节目) - 欧阳耀莹
427,plok2020夏季新款短袖t恤女短款宽松休闲韩版圆领百搭半袖上衣潮,服装,0.6098339,32,2,2020/7/6 0:16,蔬菜沙拉 - 未知
428,nnkk 20203睡裙808,内衣,1.0,20,499,2020/7/6 0:19,
429,东北 黑豆黄豆5斤装,,0.0,12,14,2020/7/6 0:19,
430,可爱投篮水杯420ML,,0.0,20,45,2020/7/6 0:20,
431,白背心,内衣,0.70710677,8,6,2020/7/6 0:20,
432,腋下包包女2020新款潮韩版时尚牛仔马鞍包斜挎珍珠链条包手提女包,饰品,1.0,8,16,2020/7/6 0:23,
433,妙兮家 夏季新款  双领蕾丝钩花打底,,0.0,7,1210,2020/7/6 0:23,
434,赢销特种兵之自我成才管理篇,,0.0,54,6730,2020/7/6 0:24,
435,两件套睡衣,内衣,1.0,14,160,2020/7/6 0:24,
436,DHB  朝鲜族糯米猪血肠米肠500g,,0.0,11,810,2020/7/6 0:25,
437,众辰空气炸锅家用无油低脂大容量多功能薯条机全自动智能电炸锅,数码,1.0,82,4726,2020/7/6 0:26,
438,2020夏季新款法式吊带中长款性感修身显瘦包臀连衣裙礼服裙子女装,内衣,0.70710677,16,5,2020/7/6 0:26,
439,直播间秒 定制款桑蚕丝长条丝巾 洋气长条丝巾,饰品,1.0,25,788,2020/7/6 0:27,
440,同款4G网络遥控车双电池仓位支架视频传输APP控制,车品,1.0,9,4,2020/7/6 0:27,
441,【精选好课】如何选择好房子户型（视频课）,,0.0,36,423,2020/7/6 0:27,
442,洋气敲减龄连帽卫衣套装女宽松韩版休闲运动裤两件套2020夏季新款,,0.0,10,34,2020/7/6 0:28,
443,HSWS日式锤纹雪平锅铝制多功能麦饭石小奶锅宝宝辅食锅小锅,,0.0,141,63,2020/7/6 0:30,
444,柒剑谷【剁椒辣子鸡】瓶装辣椒酱香辣下饭菜205克 包邮,,0.0,19,125,2020/7/6 0:30,
445,靓影降温剂柠檬清香一秒降温,,0.0,21,20,2020/7/6 0:30,
446,C126贴布牛仔八分裤 ,服装,1.0,7,683,2020/7/6 0:31,
447,72115新款冰氧吧潮流修身半袖烫金刺绣潮牌t恤男,,0.0,5,20,2020/7/6 0:31,
448,JG军哥吸湿防滑耐磨精灵球4 5 6号女标准训练7号户外室内儿童篮球,食品,0.76452196,44,1253,2020/7/6 0:34,
449,时尚气质夏2020网红轻熟小香风小西装两件套夏季,,0.0,15,450,2020/7/6 0:35,
450,减龄洋气字母衬衫背带裤女套装2020夏季新款韩版时尚轻熟风两件套,服装,1.0,10,210,2020/7/6 0:36,
451,宫西达也妈妈的奶系列（套装共4册）,图书,1.0,45,533,2020/7/6 0:36,
452,老式小汉堡400g十枚入顺丰包邮（海南、青海、新疆、云南、勿拍）,,0.0,15,587,2020/7/6 0:38,
453,花仙子除湿袋吸潮水衣柜防霉干燥剂室内吸湿盒包宿舍防潮剂可挂式,家装,1.0,23,17000,2020/7/6 0:44,
454,93471#【韩尚绣】连衣裤裙 （85-115斤）,,0.0,12,19,2020/7/6 0:44,
455,罗伟明家辣椒酱湖南香辣味特产下饭拌面拌饭菜210g*2,食品,1.0,58,5890,2020/7/6 0:45,
456,灰天鹅op汇总页面勿拍-购买链接见详情页,,0.0,10,1,2020/7/6 1:20,
457,2033,,0.0,14,21,2020/7/6 1:23,
458,U领彩钻t恤XA38,,0.0,32,305,2020/7/6 2:27,
459,【米薇书苑】全4册正版 自制力+自控力+拒绝力+重复力,图书,1.0,208,256,2020/7/6 2:37,
460,米惦 | 香芋脆片椒盐味芋头片薄脆米店零食200g 敲好次的易碎品,食品,1.0,58,15000,2020/7/6 2:40,
461,冰丝弹性修身旗袍,服装,1.0,8,311,2020/7/6 2:50,
462,大力汽修学院 网红试灯神器带200个测量视频,文具,0.70710677,147,32000,2020/7/6 8:10,Rizky Ayuba-黑人抬棺（雨降天 remix） - 未知
463,【推荐好货❤】保暖运动护膝护腕护踝护肘篮球羽毛球跑步薄款运动,运动,0.8396283,7,19,2020/7/6 8:10,处处吻 (正式版) - 于梓贝
464,【读万卷】围城 精装 写尽婚姻生活的真相,图书,0.70710677,48,28,2020/7/6 8:11,七夕情人节为阿美录制 - 谢雨锋
465,D5010,,0.0,11,370,2020/7/6 8:11,
466,SagaSF800C41寸初学者民谣木吉他男女生面单板学生入门电箱琴,,0.0,17,1,2020/7/6 8:11,
467,习酒 · 陈酿500ml 经典版首发价 每瓶998元【买6瓶发整箱】,,0.0,28,2020,2020/7/6 8:15,
468,石斛干货 花旗参 麦冬一袋250克,,0.0,16,179,2020/7/6 8:15,
469,两件套破洞牛仔裤，no退no换,,0.0,14,4,2020/7/6 8:16,
470,微弹棉质工装短裤31152#,鞋靴,0.8690301,7,220,2020/7/6 8:16,
471,【阿美美】小粗跟奶奶鞋,鞋靴,1.0,9,36,2020/7/6 8:17,
472,脚蹬拉力器仰卧起坐瘦肚子辅助健身瑜伽器材家用弹力绳,运动,0.6345175,7,326,2020/7/6 8:17,
473,【秒杀】小学生优秀作文大全10册 三四五六年级满分同步作文辅导,图书,1.0,6,181,2020/7/6 8:18,
474,芙瑾洛裳7359 S-2XL Y时尚休闲套装女2020新款显高卫衣两件套J,,0.0,7,1190,2020/7/6 8:21,
475,优能 饺子盘子创意陶瓷菜盘子家用寿司日式早餐盘水饺水果蒸盘,家装,0.6099686,14,118,2020/7/6 8:25,
476,网红蝴蝶t恤女短袖2020年新款夏季韩版宽松印花ins超火短袖上衣潮,服装,0.7612149,9,1880,2020/7/6 8:28,点歌的人 - 吉么哈布
477,【达人粉丝福利】太太胶原蛋白阿萨伊饮品  零脂肪,食品,0.70710677,78,17,2020/7/6 8:29,
478,极客无花果干 250g/袋,,0.0,40,1880,2020/7/6 8:29,
479,MZ CIRCULAR雨哥家2020法式小众经典连衣裙 02620-1 WN,服装,1.0,11,149,2020/7/6 8:29,
480,原厂速腾 迈腾合金车模,,0.0,26,50,2020/7/6 8:30,爱情红绿灯 - 徐一鸣
481,猿小姐 德国进口网红洋酒野格圣鹿酒利口酒百利力娇酒正品40ml*2,食品,1.0,38,1824,2020/7/6 8:32,
482,兰博  跳绳 电子计数跳绳负重可拆卸跳绳负重跳绳钢丝绳无线跳绳,数码,0.70710677,11,1128,2020/7/6 8:33,体面 - 周森
483,羊毛大衣,,0.0,11,9,2020/7/6 8:34,暗里着迷 - 吉他的天空
484,荣景优品 3册 别让坏脾气害了你别让心态毁了情绪控制成功励志书,图书,1.0,160,304,2020/7/6 8:35,
485,嘉绒姐姐阿娟女士博拉套装,,0.0,15,4,2020/7/6 8:35,三国恋 - Tank
486,名媛清新气质连衣裙,服装,1.0,13,10,2020/7/6 8:36,旧梦一场 (DJ余小磊版) - 未知
487,龙牙飞鹰体训鞋（升级版）运动休闲作训男鞋轻便防滑铁血君品行,运动,0.70710677,115,139,2020/7/6 8:36,上劲儿摇 - 网络歌手
488,2069泡泡袖衬衫,服装,0.81649655,10,319,2020/7/6 8:37,
489,逸红颜 女书 格子旗袍女文艺小清新中长款短袖旗袍女装2020新款夏,服装,0.86243534,47,3,2020/7/6 8:37,
490,紫色格子上衣,服装,1.0,96,65,2020/7/6 8:38,
491,63142#拉链收腰连衣裙,服装,1.0,10,46,2020/7/6 8:38,根本你不懂得爱我 - 梁爽凉爽
492,满满家309  港味复古高腰外套021,服装,1.0,13,157,2020/7/6 8:39,爱的魔法 - 阮豆
493,【线上发货，无物流信息】爵士舞基本功入门-进阶系列课,内衣,0.6577781,14,5,2020/7/6 8:39,
494,【精选好课】健身健美营养宝典（视频课）,,0.0,13,51,2020/7/6 8:41,
495,音乐发光陀螺,,0.0,12,186,2020/7/6 8:41,
496,M大码女装新款休闲七分裤牛仔套装,服装,0.7612149,14,2627,2020/7/6 8:41,酒梦 - 纯音乐
497,2020夏季新款连衣裙大码女装舒适苎麻数码花圆领撞色盘扣长裙8227,数码,1.0,15,21,2020/7/6 8:42,知道不知道 - 刘韵
498,异域密码系列之泰国异闻录+日本异闻录+印度异闻录+韩国异闻录 ,,0.0,44,4,2020/7/6 8:42,
499,一起来找弗莱德,,0.0,52,4,2020/7/6 8:43,
500,雅迪儿童安全座椅,食品,0.76452196,13,14,2020/7/6 8:48,来吧展示 - 熊宝宝
501,宝宝睡袋薄款春秋夏季夏天婴儿纱布分腿空调房儿童防踢被四季通用,电器,1.0,40,3432,2020/7/6 8:50,
502,xfh三角哈衣爬爬服网红夏装,,0.0,10,5080,2020/7/6 8:50,阳光彩虹小白马 - 大张伟
503,YUAN219两扣哈伦西装裤,,0.0,33,371,2020/7/6 8:51,
504,马达与发财联合OWOH宠粉专享喵星人&汪星人大礼包,,0.0,49,151,2020/7/6 8:55,乙女日和 - 虹音
505,【秒杀】北斗儿童AR地球仪（海神蓝灯光版）买一赠四,食品,0.76452196,97,1199,2020/7/6 8:56,Welcome to Planet Urf (欢迎来到海牛星) - 英雄联盟
506,粉色男友风潮牌衬衣,服装,1.0,7,101,2020/7/6 8:56,相依为命 - RU
507,LS南瓜短袖连体衣,内衣,1.0,9,1781,2020/7/6 8:58,
508,鑫韵黄金戒指情侣款,饰品,0.70710677,7,48,2020/7/6 8:58,赤伶 (DJ69、DJ虞姬版) - 等什么君
509,君翰 反向雨伞全自动折叠防紫外线反光手电筒伞,医药,0.70710677,24,253,2020/7/6 9:00,
510,ES棉麻休闲款格子衬衫S9008,服装,1.0,6,212,2020/7/6 9:01,大王叫我来巡山 - 流浪的蛙蛙
511,国成 无线免布线遥控开关,玩具,0.8472794,17,268,2020/7/6 9:02,
512,新款夏天泡泡袖夏季女装温柔风气质女神范法式连衣裙女h7669,服装,0.769478,15,14,2020/7/6 9:02,谁 (DJ何鹏版) - 雪十郎
513,2020三娘耳环,饰品,1.0,11,43,2020/7/6 9:03,
514,猿小姐 网红洋酒德国野格圣鹿酒利口酒百利甜酒力娇酒正品小酒版,食品,1.0,38,1774,2020/7/6 9:03,
515,背带裤套装女洋气格子直筒裤减龄卡通印花T恤两件套2020夏季新款,服装,0.57735026,9,102,2020/7/6 9:05,单车 - 庄心妍
516,【自然旋律】氨基酸洗面奶洁面乳深层清洁除螨去痘控油去螨虫面部男女150g*2,电器,0.6666666,15,2088,2020/7/6 9:05,Happy Ending - Ludwig Amadeus
517,直流抽油 抽水泵75包邮,,0.0,115,4,2020/7/6 9:07,
518,香辣可口携带方便，外出旅行不可缺少,运动,1.0,20,306,2020/7/6 9:08,一念心清净 - 巫娜
519,【厂家直销✅】民国风女复古文艺唐装禅修服日常汉服中国风改良旗,服装,1.0,29,7,2020/7/6 9:08,我是云南小姑娘 - 阿哪
520,陶瓷茶杯 2.8亿鸡缸杯  茶杯单个陶瓷茶碗老板杯复古日式家用茶具,家装,0.6099686,9,2480,2020/7/6 9:10,
521,【厂家直销❤】护膝保暖夏季薄款棉办公室空调房运动腿袜套无痕短,电器,1.0,6,30,2020/7/6 9:10,真的不容易 (广场舞) - 庄心妍
522,男士纯棉T,服装,1.0,15,75,2020/7/6 9:14,三大烟嗓音网红pk《狂浪》这首歌!谁的最狂浪? - 未知
523,大码报纸大T,服装,1.0,45,277,2020/7/6 9:15,
524,2020夏季大码宽松显瘦半袖,服装,1.0,10,27,2020/7/6 9:17,Rendez-Vous Sur La Costa Del Sol (DJ版) - DJ
525,X110黑白领连衣裙（赠打底衣）,服装,1.0,108,1720,2020/7/6 9:17,
526,澜雅丝 酒店餐厅餐巾布布艺家装饰品 全棉折花口布西餐巾简约单色,,0.0,49,10,2020/7/6 9:18,恋愛サーキュレーション (恋爱循环)(Live) - 花澤香菜
527,【限时促销♬】罐头瓶子带盖玻璃瓶密封收纳罐瓶500毫升750毫升可,,0.0,270,209,2020/7/6 9:19,
528,爱心趴猪抱枕,玩具,0.81649655,13,9316,2020/7/6 9:19,超级喜欢你 - 金南玲、李俊佑
529,2060款连衣裙（150斤以内）,服装,1.0,7,1392,2020/7/7 2:42,赤伶 - 等什么君
530,乡村胡子哥古蜀香肠90g火锅串串烧烤香肠批发广式细腊肠甜味烤肠,运动,0.70710677,28,26,2020/7/7 2:44,喜悦 - 卢小旭
531,乐佳达2020新款YG520家用投影仪高清手机无线wifi微型投影机墙投3D家庭影院1080p便携式宿舍卧室无屏电视U盘,家装,0.6099686,9,83,2020/7/7 3:00,只对你说 (片段) - 网络歌手
532,半松紧腰单扣宽松显瘦五分休闲短裤Y99027,服装,1.0,7,198,2020/7/7 3:06,赤伶 - 等什么君
533,秦巴奶奶陕南农家手工红薯粉条500克,鞋靴,0.9299225,74,16000,2020/7/7 3:19,重庆婆婆做腊肉 - 阿鲲
534,8076款针织衫,,0.0,9,322,2020/7/7 3:25,旧梦一场 (DJ新南版) - 阿悠悠
535,卫仕猫多维猫咪用复合维生素片b2宠物幼猫营养膏品猫藓维生素b 族,,0.0,40,14000,2020/7/7 3:33,千与千寻 (口琴版片段) - 纯音乐
536,V领直筒连衣裙66207,服装,1.0,8,158,2020/7/7 3:39,毛不易《像我这样的人》就不用借酒《消愁》啦《二零三》 - 未知
537,HELMET头盔哥天极同款网红个性耐磨粉色篮球室内外七号比赛篮球,,0.0,17,2546,2020/7/7 3:51,怎么说我不爱你 - 耀温顺
538,KTDA 新款圆领人物喷涂系列travisscott短袖男女情侣嘻哈tee,服装,1.0,31,36,2020/7/7 4:08,无情的谎言 - 庄学忠
539,2020新款夏季时尚套装修身百搭两件套,服装,1.0,4,22,2020/7/7 4:08,
540,T6026系带溜肩宽松T恤均码,服装,1.0,8,3293,2020/7/7 4:15,
541,粼粼 白色连衣裙女高腰V领收腰显瘦夏季2020新款法式复古方领裙子,服装,1.0,70,8758,2020/7/7 4:16,
542,cuibuju/20ss 丝绸质感小清新百搭衬衫男短袖花朵章仔浅绿色衬衣,服装,0.5206558,24,223,2020/7/7 4:22,
543,小鱼鱼新款2020夏季韩版时尚女装双口袋白衬衫五分袖T恤舒适潮女,饰品,0.70710677,8,455,2020/7/7 4:33,感官先生 (Live片段) - 七夕
544,一口苏达拉腿神器胖mm冰氧吧高腰开叉牛仔裤女2020新款夏薄款裤子,服装,1.0,52,684,2020/7/7 4:47,通天大道宽又阔 - 三叶草演唱组、崔京浩
545,嘻哈风显瘦束脚工装裤套装女夏季宽松拉链短裤上衣高腰阔腿休闲裤,服装,0.70710677,10,10,2020/7/7 5:07,我的天空 (加长版) - 刘至佳
546,顽皮Happy100噜吸吸猫条70g*4包 - 二四六件起拍，14.9/件,箱包,0.5168602,18,1655,2020/7/7 5:10,冬眠 - 辫儿哥哥
547,亿元同款水泥地PU耐磨耐打室外篮球7号标准成人比赛训练篮球,,0.0,52,11,2020/7/7 5:11,Don't Stay Away for Too Long - Walton Green
548,锦鲤款 经典旗袍 ,服装,1.0,8,59,2020/7/7 5:14,笑看风云 (片段) - 阿梨粤
549,JOEYJOY  外套女2020夏季新款薄垫肩透气舒适短袖宽松西装外套,服装,0.9236211,10,4963,2020/7/7 5:50,抖音最火换装卡点 - 苏名哲
550,涛哥推荐：“来了个敲山震虎”实况8语录t恤,,0.0,16,50,2020/7/7 5:52,
551,闺蜜装白色高腰裙长短款可选女神范褶皱法式显瘦V领侧开叉连衣裙,服装,1.0,8,1253,2020/7/7 5:56,Blue Sky - 朴世君
552,【雅北好物】磁力自动咖啡杯旋转冲奶,,0.0,12,120,2020/7/7 6:05,フンフンギターだよ、らき☆すた - 神前暁
553,手游键盘鼠标转换器5件套,数码,1.0,24,193,2020/7/7 6:18,
554,阳台简约高脚窄桌子长条靠墙小吧台桌实木桌椅组合商用酒原木吧台,家装,0.54429454,8,5,2020/7/7 6:24,
555,布丁妹妹 狗狗可食用牙膏牙刷去牙结石清洁口腔清新口气套装,电器,0.77327967,30,137,2020/7/7 6:27,iKON-Love Scenario（文武贝钢琴版） - 未知
556,TIANMEI 甜美【香肩诱惑】白色雪纺衫女性感显瘦一字领短款上衣夏,服装,0.70710677,8,145,2020/7/7 6:30,幻听 (片段) - 半吨兄弟
557,花伦 | HOMDOON小雏菊梵高油画向日葵短袖网红男女情侣宽松潮T恤,服装,0.7694781,77,11,2020/7/7 6:36,
558,潮流破洞男士9分牛仔裤,,0.0,9,3,2020/7/7 6:38,상어를 사랑한 인어 (爱上鲨鱼的人鱼) - 赵冠宇
559,桑蚕丝短袖,服装,1.0,15,49,2020/7/7 6:42,花桥流水 - 纳兰珠儿、高安
560,淑女民国风旗袍,服装,1.0,7,58,2020/7/7 6:56,это ли счастье? (DJ热搜) - 苏以沫
561,casio旗舰店冰电之韧透明潮流男士手表G-SHOCK卡西欧官网官方正品,数码,0.82552636,51,241,2020/7/7 7:09,
562,心机露肩雪纺防晒衣,美妆,1.0,8,348,2020/7/7 7:14,嚣张 (片段) - 刘妍菲
563,陶陶麻麻背带裤,,0.0,15,18,2020/7/7 7:19,喜欢你 - G.E.M.邓紫棋
564,鑫韵18K小星星项链6087,饰品,1.0,7,58,2020/7/7 7:26,一生回味一面 (Live片段) - 阿悠悠
565,DONO狗狗一次性拾便袋粑粑抓遛狗垃圾袋铲屎工具粪便清洁垃圾分类,电器,0.5467913,59,450,2020/7/7 7:27,
566,【桃夭手作】蒲公英球项链可定制发丝 拍下备注寄件人姓名,饰品,1.0,27,33,2020/7/7 7:34,当你 - 林俊杰
567,性感斜肩连衣裙女2020年夏新款收腰显瘦气质露肩小黑裙设计感小众,服装,1.0,9,38,2020/7/7 7:35,As Long As You Love Me (Acoustic) - Justin Bieber
568,连云港发货 鲜活速冻鲍鱼  25只(20赠5) (一斤10-12只左右),食品,0.76452196,48,74,2020/7/7 7:54,
569,生日礼物七彩毛毛虫毛绒玩具卡通公仔女生睡觉夹腿抱枕,玩具,0.81649655,10,241,2020/7/7 7:55,桃花笑 - 锦零
570,CHALI茶里九小盒多口味组合花茶9包/盒,箱包,0.5168602,60,2440,2020/7/7 8:06,
571,钱夫人家雪梨定制 莫代尔阔腿裤女夏季小个子高腰显瘦运动拖地裤,运动,1.0,33,1228,2020/7/7 8:18,
572,UNIQLO联名银魂  英雄学院T恤,服装,1.0,6,3,2020/7/7 21:24,Breath - pluko、pronouncedyea
573,中高考金榜题名款九乘伽业金刚手绳 手艺人泽哥中高考祈福手绳,,0.0,37,9,2020/7/7 21:25,盗墓笔记·十年人间 - 昼夜
574,岩板圆形茶几金属意式极简储物伸缩小户型轻奢简约现代大理石茶几,家装,0.57735026,14,3,2020/7/7 21:25,你是人间四月天 (片段) - 小阿枫
575,时尚雪纺衬衫  jlyy8020+ls2036#,服装,1.0,9,224,2020/7/7 21:30,最美的伤口 - 张禾禾、大石桥联盟蓝天晨、雨萱、北北
576,30BRAID 2020SS 麂皮金属排扣直筒宽松潮牌飘带系带五分短裤子,服装,1.0,51,30,2020/7/7 21:31,
577,寻常小胡  打底T恤女长袖2020夏季新款网红ins潮百搭网纱短款上衣,服装,0.70710677,20,430,2020/7/7 21:31,Trip - Axero
578,GLAMONKISS原创足球葡萄牙AC米兰鲁伊科斯塔纯棉短袖T恤加绒卫衣,运动,1.0,327,5,2020/7/7 21:48,
579,猪猪家春夏新款花色帆布鞋,鞋靴,1.0,9,503,2020/7/7 21:55,
580,3023,,0.0,7,12,2020/7/7 21:59,Sound of Silence - Emilíana Torrini
581,74-D17044秋冬季毛呢子外套女韩版双面羊绒大衣,服装,0.70710677,25,90,2020/7/7 22:00,
582,歙县冰鲜溪流石斑鱼 净膛400克 满4份包邮,,0.0,7,141,2020/7/7 22:09,稻香 - 周杰伦
583,milkcocoo鬼马少女暗黑系韩系复古方领针织短袖衬衫+褶皱高腰鱼尾,服装,0.6098339,8,173,2020/7/7 22:13,
584,（信封手包）6677-1,箱包,0.5168602,52,299,2020/7/7 22:14,
585,菩银坊项链,饰品,1.0,10,12,2020/7/7 22:32,
586,2020夏季新款潮流女装X1463,服装,1.0,6,126,2020/7/7 22:32,
587,飞乐思眼部按摩仪热敷护眼仪智能眼部按摩器缓解眼疲劳神器眼罩,数码,1.0,11,168,2020/7/7 22:37,If - 丁可
588,【牧创】创意桌面鱼缸生态圆形玻璃金鱼缸乌龟缸迷你小型造景家用,家装,0.6099686,15,47,2020/7/7 22:38,Da Froschkini - Barbara Lexa und Rupert Frank
589,豆柴冻干双拼狗粮内含冻干蛋黄鸡肉鸭肉泰迪金毛柯基全犬种通用粮,,0.0,52,189,2020/7/7 22:39,これがオタクの生きる道 - 神前暁
590,玉春香子南记原创传统中国风汉服女晋制襦裙十二破交领齐腰日常春,服装,1.0,19,544,2020/7/7 22:40,船歌 - 纯音乐
591,懒猪毛绒玩具抱枕,玩具,0.81649655,8,501,2020/7/7 22:42,超级喜欢你 - 金南玲、李俊佑
592,碎花长裙,,0.0,11,14,2020/7/7 22:52,酒醉的蝴蝶 - 崔伟立
593,大版字母拼接T恤+骑士裤,车品,1.0,11,105,2020/7/7 22:56,
594,TTOUCHME深蓝533香水沐浴露乳液原创香体男女士香氛留香网红 同款,美妆,0.70710677,35,22000,2020/7/7 22:57,Natural - Spice Mangos
595,品译 螺母破开器,,0.0,14,103,2020/7/7 22:59,
596,U.VN 发光休闲时尚运动套装女夏季韩版宽松短袖t恤短裤健身两件套,服装,0.7694781,10,30,2020/7/7 22:59,"Luv(sic.), Pt. 3 - Nujabes、Shing02"
597,2020夏季新款韩版时尚女装s7777765,,0.0,7,28,2020/7/7 23:02,玛尼情歌 - 丁靖懿
598,赭颜汉服 萤火之夏配套包包 原创正品汉服配饰中国风手提斜挎包女,箱包,1.0,13,3532,2020/7/7 23:02,一剪梅 - 费玉清
599,200斤大码女装夏季胖MM红色波点网纱拼接修身减龄中长款连衣裙,服装,0.70710677,8,139,2020/7/7 23:08,
600,【读万卷】人民的名义 周梅森著 ,图书,0.57735026,250,24,2020/7/7 23:13,
601,大码女装运动风连体裤胖mm收腰显瘦黑色反光宽松连体套装夏,运动,1.0,11,161,2020/7/7 23:23,莫西莫西 - 坏小欠
602,崔万志2020年新款改良修身中国风两件套旗袍连衣裙女日常,服装,0.7694781,13,164,2020/7/7 23:27,蓝色海黑色河 (DJ版) - 69
603,初涵  减龄显瘦修身上衣+裤子两件套 S-XL,服装,0.57735026,8,3790,2020/7/7 23:30,
604,衬衫套装女油画风长袖防晒衬衣夏季新款牛仔短裤减龄时尚两件套潮,美妆,1.0,11,29,2020/7/7 23:35,
605,新款洋气布手提包716,箱包,1.0,15,1173,2020/7/7 23:36,
606,教官同款战术长裤,服装,1.0,9,15,2020/7/7 23:36,
607,沙网三件套,,0.0,7,730,2020/7/7 23:58,
608,CM0051青春减龄牛仔裙,,0.0,20,2700,2020/7/7 23:58,
609,Miss AB牛仔连衣裙女夏2020休闲女神范a字方领花瓣中袖中长款裙子,服装,1.0,18,322,2020/7/8 0:00,朝なんぎいの唄~南行きの小船の上で - 村松健
610,OIOY史迪仔情侣装夏装2020新款ins风宽松百搭不一样t恤女短袖上衣,服装,0.6098339,12,1221,2020/7/8 0:22,
611,新款亮钻套装,,0.0,13,511,2020/7/8 0:41,大眼睛 (女声改编DJ版) - 梁红
612,网红ins风梳妆台led卧室小户型轻奢公主化妆桌小迷你单人,美妆,1.0,15,35,2020/7/8 0:45,那时正好 (女生版) - 李奕遐
613,运动无痕树脂胶方领V领两穿背心,运动,1.0,14,23,2020/7/8 0:46,
614,8D电视背景墙壁画立体电视墙背景画墙纸壁纸立体几何图6d8d客厅无缝壁画卧室定制墙画 A款 法国8D凹凸立体冰雕真丝壁布,家装,0.81649655,10,33,2020/7/8 0:46,
615,小心恶犬玩具 恶犬狗偷骨头猫狗玩具咬手指解压整蛊整人创意玩具,玩具,1.0,34,57,2020/7/8 0:48,Buttercup - Jack Stauber
616,彩色冰丝带扣短袖 H3322 LL,服装,1.0,8,63,2020/7/8 0:53,星月糖 (片段) - 黎林添娇
617,大g哇V领青春色连衣裙2020新款夏季甜心女孩设计感中款气质甜美裙,服装,1.0,20,363,2020/7/8 0:53,
618,教官同款DQM53防割防划背包,箱包,0.70710677,22,14,2020/7/8 0:54,
619,电动清缝机锥刀开槽清理扩缝工具瓷砖地板清缝机,车品,0.77955955,13,10,2020/7/8 0:59,ᥓᥣᥭᥰ ᥟᥣᥢ ᥐᥧᥭᥱ (片段) - July Tun
620,雨哥家 00320# VV,,0.0,28,25,2020/7/8 1:00,Buttercup - Jack Stauber
621,广东清远山林散养 168天休眠清远鸡 1000g/袋,,0.0,29,7,2020/7/8 1:00,Little Leona - roy haynes
622,纯手工剁辣椒 湖南特产剁椒酱农家自制手工辣椒酱下饭菜老坛剁椒,食品,1.0,44,21,2020/7/8 1:02,卡农 (浪潮版) - Noble Music Project
623,野球帝加重篮球官方正品训练用器材装备重力7号3磅发泡青少年成人,,0.0,39,6492,2020/7/8 1:08,
624,一号店：月下麋鹿晶瓷玄关画,,0.0,11,15,2020/7/8 1:09,往事如烟 (DJ版) (改编版) - 精彩鑫
625,牛仔半身裙包臀紧身设计感小众性感高腰a字显瘦遮肉短裙新款夏季,服装,1.0,6,458,2020/7/8 1:11,嗯哒嗯哒 (完整原版) - 苏名哲
626,年糕妈妈nicomama儿童滑板车3四轮初学宝宝车2-3-6岁折叠车溜溜车,食品,0.76452196,63,39,2020/7/8 1:11,
627,黄好厉害 黄黄同款大容量便携水瓶便携随手运动水杯1800ml,运动,1.0,272,635,2020/7/8 1:14,
628,【送杯子2个】日本进口Suntory三得利万志泡沫精酿啤酒瓶装24整箱,,0.0,56,14,2020/7/8 1:14,despair - LookedatHerFore
629,801款休闲裤（五天发货）,,0.0,8,2643,2020/7/8 1:17,赤伶 - 等什么君
630,小野智恩 一字领吊带背心女夏内搭短款露脐打底衫甜美设计感上衣,内衣,0.99999994,13,2521,2020/7/8 1:20,Blueming (改编版片段) - 张大千子
631,手工切片糖水果硬糖六角瓶140克装休闲零食,食品,0.70710677,48,20000,2020/7/8 1:21,
632,JWZQ40510玖姿外套MWB,服装,1.0,8,22,2020/7/8 1:21,MFBTY (Remix) - 肖宇帆
633,【反季特价】原349 韩国小姐姐毛呢大衣女中长款韩版气质呢子外套,服装,0.81649655,8,451,2020/7/8 1:28,Another Day - C.A.R.L（칼）、RuDi
634,《Q04》印花T恤B,服装,0.70710677,27,6,2020/7/8 1:30,妹妹你等着我 (DJ何鹏版) - 德惠他宝哥
635,moon sea蓝色的温度是23冰肌透心凉短袖蓝色小碎花吊带裙,服装,1.0,11,80,2020/7/8 1:31,她说 (Live) - 杨丞琳、周深
636,韩版百搭松紧腰裙裤,,0.0,8,1000,2020/7/8 1:31,"""可能我撞了南墙才会回头吧""今天你被这首魔性民谣洗脑了吗? - 未知"
637,夏装2020新款个子矮套装洋气减龄裤装韩版设计感小众连体裤,服装,0.63867325,18,278,2020/7/8 1:34,
638,【6月29号10点上新】价格未定 更多新品下滑至详情页抢鲜查看！,,0.0,11,0,2020/7/8 1:34,凉凉 (DJ版片段) - 张碧晨、杨宗纬
639,连云港 盐渍裙带菜  1箱4.5~5斤左右（凉水洗两次，泡3分钟即可）,,0.0,38,3882,2020/7/8 1:35,
640,【欣怡专享】SDK 可调节七合一学步滑板车mxy,运动,1.0,9,39,2020/7/8 1:35,天之大 - 童雅路
641, 【蝶入花】百搭宽松休闲马甲,服装,0.70710677,9,528,2020/7/8 1:36,人的这一生 - 伊笑
642,素衣客2020新款夏季修身改良旗袍印花中国风旗袍,服装,0.8944272,24,39,2020/7/8 1:42,风筝误 - 刘珂矣
643,2020春夏新款修身休闲时尚套装C06260104,,0.0,9,35,2020/7/8 1:43,空空如也 - 蔡妍
644,七度空间洗脸巾一次性棉柔巾纯棉擦脸纸巾洁面巾洗面卸妆100* 3包,美妆,1.0,102,22,2020/7/8 1:43,
645,LKOD 2020夏季新款海豚做旧满印日系衬衫 男女情侣款国潮短袖衬衣,服装,0.6098339,19,56,2020/7/8 1:45,
646,山海经 正版包邮图解山海经 神话饕餮上古异兽全集,,0.0,70,427,2020/7/8 1:45,雪见·落入凡尘 - 麦振鸿
647,一口苏达宝藏单品大码黑色性感侧开叉半身裙中长款女装2020新款夏,服装,0.7612149,37,25000,2020/7/8 1:50,How You Like That - BLACKPINK
648,寰球渔市进口黑虎虾鲜活超大特大海捕海鲜斑节虾新鲜海虾1200克,,0.0,206,180,2020/7/8 1:51,
649,王等等微胖定制不规则工装机能风半身裙2020夏新款高腰显瘦a字裙,鞋靴,0.8690301,22,3080,2020/7/8 1:51,When You Left Me - Stories
650,米米告辞t,,0.0,14,30,2020/7/8 1:52,个人简介 - 安全着陆
651,勇哥苍狼白鹿卤制羊排2.2斤装熟食,食品,1.0,33,846,2020/7/8 1:54,
652,汤圆家 夏季新款 品质拼色针织,,0.0,6,86,2020/7/8 1:54,Shalala Lala - Vengaboys
653,洒哇地咔无线手持吸尘器,电器,1.0,27,4,2020/7/8 1:56,Saint Sophia. Mosaics. Deesis - Sara Anderson
654,棉柔星球婴儿洗脸棉柔巾干湿两用手口屁专用新生非湿巾加厚80抽*6,玩具,1.0,339,470,2020/7/8 1:57,
655,小鱼鱼新款2020夏季女装欧货短袖波浪纹褶皱上衣立领T恤显瘦潮女,服装,0.54410315,9,94,2020/7/8 1:57,画皮 - 未知
656,Lecoo感应节水宝,数码,0.70710677,15,25,2020/7/8 2:11,Fade - Alan Walker
657,不莱玫包包女斜挎包2020新款潮百搭剑桥包女包夏季小包jk包单肩包,箱包,0.77992177,37,2098,2020/7/8 2:12,
658,寓吉 家用免打孔可折叠脏衣篮卫生间挂式塑料脏衣篓,家装,0.6099686,13,12,2020/7/8 2:13,
659,视频中潮流带扣灯笼裤,,0.0,6,56,2020/7/8 2:16,你是我拒绝别人的理由 (DJ Candy版) - 赵霏儿
660,【ICE水水冰】港风日式印花衬衫女设计感小众夏外穿雪纺衬衣外套,服装,0.5,7,428,2020/7/8 2:18,太迟 - 王茗
661,新款V领连衣裙,服装,1.0,10,21,2020/7/8 2:20,
662,杜屁屁桃2020年夏季新款牛仔阔腿裤女高腰显瘦薄款宽松链条直筒裤,服装,1.0,10,50,2020/7/8 2:20,孤单坠爱 (DJ版) - 庄心妍
663,厚力兄妹团 麦克风领夹手机录音采访vlog单反收音麦声控话筒WJ,数码,0.6580853,15,7,2020/7/8 2:22,
664,《黄金屋》过得刚好 郭德纲正版 包邮 ,,0.0,112,47,2020/7/8 2:25,
665,云南新鲜红皮土豆3斤/5斤/9斤包邮,,0.0,12,37,2020/7/8 2:26,
666,爱你多蓝色之恋砂锅,,0.0,30,18,2020/7/8 2:29,Tolliyunu (Neelambari) - 未知
667,透气运动鞋+休闲小白鞋+百搭帆布鞋潮流运动男鞋,运动,1.0,17,1310,2020/7/8 2:29,
668,自由构造GOLDEN MATRX潮男女港风复古情侣装奶牛衬衫宽松oversize,服装,1.0,13,462,2020/7/8 2:30,爱出发 - TFBOYS
669,大码水洗牛仔破洞裤,服装,0.70710677,25,976,2020/7/8 2:32,
670,injoylife2019流行包包新款单肩斜挎包女定型包小众气质手提包,箱包,0.57735026,10,10,2020/7/8 2:32,
671,珍珠手链,饰品,0.70710677,8,77,2020/7/8 2:32,烟雨江南 - 云菲菲
672,佰德隆天天台式纯肉肠两袋装,,0.0,26,2310,2020/7/8 2:38,一口一口 - 童可可
673,仙姆Samchak 柏翠丝去黑头鼻贴溶解导出液套装收缩毛孔粉刺闭口女,美妆,1.0,83,4183,2020/7/8 2:41,Ain't No Stoppin' Us Now - wayman tisdale
674,M-4XL大码牛仔短裤两件套夏季新款大码女装宽松短袖t恤洋气5009,服装,0.7771102,8,578,2020/7/8 2:46,欢喜就好 (DJ在忠、DJ河源小天版) - 陈雷
675,casio旗舰店冰电之韧系列透明潮流卡西欧官网官方男士手表G-SHOCK,数码,0.82552636,51,253,2020/7/8 2:48,
676,BIPOLAR 罗密欧的剧本短袖 夏季新品嘻哈宽松潮流街头印花T恤,服装,0.6098339,36,35,2020/7/8 2:49,好久不见 - 音浪老师
677,女士气质套装,,0.0,6,51,2020/7/8 2:52,只要有你 - 黄晓明、刘涛、周杰、古巨基、马伊琍、黄奕
678,【精选好课】112堂奥数思维课【送配套讲义】,,0.0,13,109,2020/7/8 2:54,
679,设计感小众条纹半身裙2020新款女夏高腰包臀短裙显瘦不规则A字裙,箱包,1.0,6,560,2020/7/8 2:57,My Sunset (Original Mix) - Feint
680,2020新款女装潮牌休闲套装英文哈伦运动松紧腰时尚百搭小脚,运动,1.0,17,58,2020/7/8 2:58,夏日炎炎有你超甜 (完整原版片段) - 苏名哲
681,大g哇复古显瘦连衣裙2020新款夏POLO领泡泡袖金属扣中长款短袖裙,服装,0.769478,22,346,2020/7/8 2:59,Oops - Little Mix、Charlie Puth
682,南威无刷大功率冲击扳手,,0.0,10,13,2020/7/8 2:59,
683,22号3M反光渐变T恤天使翅膀大印花短袖宽松情侣夏季ins蹦迪上衣潮,鞋靴,0.9299225,6,325,2020/7/8 3:06,攀娘举牌 (DJ版) - 蒋先生
684,丸子妹日本关东煮汤料火锅底料日式好汤底侍调料包速食森罗关东煮,食品,0.99999994,76,3590,2020/7/8 3:07,
685,不二家官方旗舰店新品网红饼干臻芯挞三盒限定版礼盒日式糕点,食品,0.70710677,93,807,2020/7/8 3:09,
686,湖南特产美食桃江竹笋原味笋尖300克,食品,0.70710677,17,6001,2020/7/8 3:11,花灯游 - 封茗囧菌、洛少爷
687,0183纺车轮海竿轮渔轮金属不锈钢鱼线轮,,0.0,37,4050,2020/7/8 3:13,
688,法儿家韩版2020年新款女夏a字长裙子高腰小清新小碎花绿色半身裙,服装,1.0,21,767,2020/7/8 3:13,夏天的风 - 枫宇辰、兰妮
689,零度企鹅芝士草莓口味4KG低卡无蔗糖吃不胖冰淇淋冰激凌雪糕,食品,1.0,45,69,2020/7/8 3:14,Toca - Carnage、Timmy Trumpet、KSHMR
690,7285涂鸦短袖,服装,1.0,15,288,2020/7/8 3:14,只要你过得比我好 - 群星
691,服装盲盒,玩具,1.0,94,486,2020/7/8 3:15,
692,8872#新款高腰显瘦阔腿裤（排单2天）,服装,0.63867325,11,1190,2020/7/8 3:15,The Cure - 泽亦龙
693,PRAMY/柏瑞美丝柔蜜粉胡椒粉散粉定妆粉控油持久遮瑕防水防汗自然,食品,0.70710677,83,5161,2020/7/8 3:16,枉凝眉 - 聆听花蕾
694,T661 亲子装涂鸦印花T恤夏季潮牌宝宝纯棉童装短袖T恤学生上衣服,服装,0.77330744,101,8,2020/7/8 3:19,兜圈 (片段) - 火鸡
695,转运珠套链,,0.0,6,16,2020/7/8 3:20,
696,新款爆汗安全裤,服装,0.63867325,17,1291,2020/7/8 3:21,感官先生 (片段) - 戴羽彤
697,大容量休闲单肩斜挎包 软面,箱包,0.70710677,7,660,2020/7/8 3:23,你的样子 (片段) - 小倩
698,booob时尚套装女夏季2020年新款气质女神范小香风衬衫百褶半身裙,服装,0.70710677,16,268,2020/7/8 3:25,
699,林坚定私服黑色小心机系带高腰显瘦半身裙女夏百搭A字短裙,服装,1.0,24,327,2020/7/8 3:25,
700,董小姐高端定制奢华链条腰带醋酸鱼尾连衣裙2020新款夏女神范裙子,饰品,1.0,9,716,2020/7/8 3:26,
701,武当三十六路腿法之正踢里合外摆,,0.0,17,115,2020/7/8 3:27,
702,OKA欧咔小方块粉底液养肤轻薄控油持久遮瑕粉底膏BB霜学生平价女,美妆,1.0,192,3135,2020/7/8 3:30,
703,最生活小米毛巾纯棉 洗脸 家用吸水不掉毛全棉柔软洗澡成人男女,数码,1.0,137,6192,2020/7/8 3:33,
704,依妮琳8625刺绣前短后长休闲装,,0.0,6,345,2020/7/8 3:34,
705,这就是物理【全10册】,图书,1.0,206,2750,2020/7/8 3:34,
706,小苏打持久留香洗衣液,,0.0,10,69,2020/7/8 3:35,
707,tom潮港味复古条纹字母圆领短袖宽松oversize条纹中长款t恤女嘻哈,服装,1.0,24,22,2020/7/8 3:39,
708,趣派宠物披肩围巾狗狗披肩泰迪小型犬棉舒适猫咪披肩围巾宠物用品,饰品,1.0,21,34,2020/7/8 3:40,
709,【阿lin拯救花】直筒西装短裤女2020高腰垂感薄款宽松休闲五分裤,服装,1.0,7,288,2020/7/8 3:41,
710,1：32五菱宏光/长安之星车模,,0.0,10,1627,2020/7/8 3:42,
711,马婧谢幕黑色西服套装细腿裤修身时尚高端职业正装922405C922406P,,0.0,14,6,2020/7/8 3:43,
712,高品质复古风改良旗袍,服装,1.0,8,71,2020/7/8 3:45,
713,厚底帆布鞋,鞋靴,1.0,10,442,2020/7/8 3:48,
714,【精选好课】小学数学六年级下册思维训练,,0.0,55,10,2020/7/8 3:48,
715,沈阳农大自然留胚芽软米 宝宝儿童粥米 有机标准种植 2kg老人皆宜,食品,0.76452196,47,1896,2020/7/8 3:49,
716,时尚博主人手一件衬衫 防嗮醋酸缎面小众百搭设计感衬衫上衣,服装,0.8164966,19,113,2020/7/8 3:51,
717,2020新款时尚潮流夏季连衣裙T62688,服装,1.0,9,129,2020/7/8 3:53,
718,火龙果爆款T,,0.0,6,716,2020/7/8 3:54,
719,Laboratorios Vinas百年冰淇淋润唇膏口红打底防干裂去死皮去唇纹,食品,1.0,206,10000,2020/7/8 3:54,
720,欧洲站男士Polo衫8922,,0.0,13,55,2020/7/8 3:55,
721,赤木刚宪 Ficcecode菲诗蔻仙女护发精油改善毛躁修复干枯染烫受损,,0.0,105,20,2020/7/8 3:56,
722,咪偲图品牌夏季成熟风韩国镂空纱面料(裙长116cm),家装,1.0,16,24,2020/7/8 3:57,
723,ig队服theshy战队s8总决赛lp纯棉l短袖lol英雄联盟2定制男女IGT恤,家装,0.70710677,192,16,2020/7/8 3:57,
724,[ZQ358234MG]夏天也爱小黑马含桑蚕丝后系带荷叶边显瘦连衣裙,服装,1.0,13,1045,2020/7/8 3:58,
725,bodydream新款跑步训练健身背心简约休闲纯棉透气吸汗运动背心男,运动,0.7729085,69,2580,2020/7/8 3:59,
726,新款帆布鞋,鞋靴,1.0,7,141,2020/7/8 3:59,
727,寻常小胡    西装套装女韩版夏薄款2020新款气质西装半身裙两件套,服装,1.0,22,284,2020/7/8 4:00,
728,“600度小姐姐”~变粉,,0.0,7,49,2020/7/8 4:01,
729,东北玉米面条粗粮细作5斤,食品,0.70710677,14,180,2020/7/8 4:03,
730,怀化南高铁站到凤凰古城拼车服务正常发车+准时高效+全程高速,,0.0,17,47,2020/7/8 4:04,
731,2020夏季时尚潮流女装FF341,服装,1.0,7,129,2020/7/8 4:04,
732,天然乳胶凉席夏季空调养生席 | 北欧立体水洗双人冰丝凉席三件套,电器,1.0,26,103,2020/7/8 4:05,
733,2020年新款时尚潮流夏季套装L62938,,0.0,10,22,2020/7/8 4:05,
734,新款牛仔短裤2928,服装,1.0,14,119,2020/7/8 4:06,
735,9943破洞珍珠牛仔裤,饰品,1.0,15,277,2020/7/8 4:08,
736,KF黑全麦吐司面包无添加糖粗粮饱腹低GI健身网红早代餐卡卡业,内衣,0.6577781,41,1734,2020/7/8 4:08,
737,定位盘花旗袍领连衣裙0912,服装,1.0,15,25,2020/7/8 4:08,
738,双口袋宽松薄款衬衫+萝卜休闲裤99213,服装,1.0,8,107,2020/7/8 4:09,
739,海南三亚树熟大杨桃  4斤装 净果3斤 基地现摘现发 空运包邮,,0.0,30,257,2020/7/8 4:09,
740,链条腰带女2020新款复古双层百搭蝴蝶装饰朋克风腰链裤链装饰女潮,饰品,1.0,36,62,2020/7/8 4:10,
741,MJJ背带裤两件套,,0.0,11,1900,2020/7/8 4:10,
742,满满家rn  横条范防晒上衣162,美妆,1.0,15,2690,2020/7/8 4:12,
743,嘻嘻减龄套装女夏季2020年新款学院风宽松衬衫高腰黑色中筒休闲裤,服装,1.0,10,110,2020/7/8 4:13,
744,【一茶】大明王朝1566 上下两册,,0.0,180,1150,2020/7/8 4:13,
745,寻常小胡   牛仔背心女外穿2020夏季新款时尚潮短款外搭吊带上衣,内衣,0.99999994,26,1243,2020/7/8 4:13,
746,宸胖胖微胖穿搭大码女设计小众开叉不规则牛仔短裤裙包臀A字半身,服装,1.0,7,99,2020/7/8 4:17,
747,2020夏季新款宽松印花字母短袖t恤+高腰显瘦牛仔短裤套装两件套女,服装,0.6098339,8,75,2020/7/8 4:18,
748,气质高档旗袍式连衣裙,服装,0.7694781,8,6,2020/7/8 4:18,
749,【反季清仓】原599 双面羊绒大衣女中长款赫本小香风毛呢外套,服装,1.0,6,171,2020/7/8 4:19,
750,褶皱两件套 均码100-180斤内,车品,0.77955955,12,153,2020/7/8 4:20,
751,南帅空间  直播高档手动多功能主播桌 电脑桌 升降桌   学习桌  ,家装,0.6324555,34,3,2020/7/8 4:20,
752,经典水桶包9605,箱包,0.99999994,6,211,2020/7/8 4:21,
753,格子拼接套装 上衣＋裤子,服装,0.70710677,7,228,2020/7/8 4:21,
754,2169#翻领短款露脐上衣,服装,1.0,24,68,2020/7/8 4:22,
755,1501#水冰月可单穿打底月牙防晒长袖,美妆,1.0,15,920,2020/7/8 4:23,
756,小蜜坊多效紫草膏,,0.0,91,80,2020/7/8 4:24,
757,芥末自制白色雪纺衫女夏装新款2020年薄款设计感小众短袖宽松上衣,服装,0.6098339,6,38,2020/7/8 4:26,
758,依诗嫚镂空连衣裙,服装,1.0,7,32,2020/7/8 4:26,
759,JUST CC #1390港风多口袋工装短裤 #1392 潮流不规则两穿纯色T恤,鞋靴,0.8690301,11,581,2020/7/8 4:28,
760,赫本风气质显高显瘦日常可穿小礼服,,0.0,13,58,2020/7/8 4:30,
761,针织纳米天丝超大弹力衬衫1888,服装,1.0,11,30,2020/7/8 4:32,
762,拼色英文短袖,服装,1.0,9,914,2020/7/8 4:36,
763,现货日本网红猫咪吐司模具猫头猫形土司盒可爱猫猫面包猫型烘焙模,食品,1.0,17,174,2020/7/8 4:48,
764,老北京木炭铜火锅,食品,0.70710677,7,91,2020/7/8 4:51,
765,半身裙套装小清新甜美洋气减龄小个子显高鱼尾短裙两件套h1821,服装,1.0,15,26,2020/7/8 4:58,
766,2020时尚气质修身高腰半身裙,服装,1.0,6,25,2020/7/8 5:00,
767,纯羊毛大衣,,0.0,10,4,2020/7/8 5:10,
768,8060牛奶丝二件套,,0.0,10,409,2020/7/8 5:11,
769,injoylife包包2019新款潮小包包女包黑色链条包迷你包单肩斜挎包,箱包,0.77992177,35,1436,2020/7/8 5:19,
770,暗非黑厚底增高小白鞋女2020新款松糕百搭休闲帆布鞋女,鞋靴,1.0,13,37,2020/7/8 5:24,
771,麦枳 雨后の天空 鱼尾连衣裙女夏2020新款网纱拼接设计感高腰长裙,服装,1.0,7,30,2020/7/8 5:33,
772,樱桃泡泡 22102连衣裙,服装,0.63867325,7,3813,2020/7/8 5:35,
773,1005小鸭套装-男,,0.0,10,1590,2020/7/8 5:38,
774,  2020新款低跟拖鞋夹脚凉拖时尚女拖鞋舒适耐穿女鞋,,0.0,23,80,2020/7/8 5:42,
775,布丁妹妹 蒙贝宠物酸奶狗狗零食补钙0乳糖猫咪牛奶羊奶50g*10包,食品,0.70710677,27,240,2020/7/8 5:43,
776,BONELESS 20SS 重磅宽松休闲裤毛圈排扣运动长裤潮流街头长裤子男,运动,1.0,30,106,2020/7/8 5:48,
777,夏装新款显瘦套装裙雪纺V领泡泡袖减龄上衣洋气百搭A字裙两件套潮,饰品,0.70710677,10,70,2020/7/8 5:50,
778,男士发胶喷雾定型干胶清香啫喱水膏无味保湿头发造型摩丝发泥发蜡,美妆,1.0,87,25000,2020/7/8 6:01,
779,中粮山萃冷泡绿茶2g（8瓶）,食品,1.0,25,131,2020/7/8 6:05,
780,男女通用沙滩防晒遮阳帽可折叠细纸辫CCMHAT品牌面罩防飞沫鸭舌帽,美妆,1.0,11,11,2020/7/8 6:11,
781,卡古斯夏季男士金属字母C棒球帽鸭舌帽大码大头围帽子男韩版潮,饰品,1.0,48,3,2020/7/8 6:14,
782,小彭自营麻辣牛排大片牛肉片内蒙古特产川味零食208g包邮,食品,0.70710677,72,5200,2020/7/8 6:18,
783,原创设计恶魔天使情侣短袖夏季T恤男女卡通可爱情侣装潮流潮牌,鞋靴,0.9299225,35,17,2020-07-09 01:32:49,
784,三分妄想王者荣耀cos服如梦令嫦娥古风游戏全套套装cospay服装女,数码,1.0,11,17,2020-07-09 01:35:20,三寸天堂 - 严艺丹
785,v领连衣裙女夏装新款短袖气质修身中长款过膝缎面裙子8115 M-3XL,服装,0.70710677,9,256,2020-07-09 01:38:51,点歌的人 - 吉么哈布
786,INFINT专业实战篮球袜男中筒高帮精英袜毛巾底运动透气袜子叶天,内衣,1.0,53,1879,2020-07-09 01:42:03,Early Morning Dreams (Kled Mone Remix) - Kadebostany
787,美洋服饰新款上线斑马纹衬衫领短款上衣＋牛仔短裤夏季女装,服装,0.5206558,9,12,2020-07-09 01:47:12,浪子回头 (改编版) - 大石桥联盟
788,2020安吉黄金叶380新茶250g-500g,,0.0,25,196,2020-07-09 01:48:52,Indian Occupation in Kashmir - Arundhati Roy
789,法国原味黄油125g 共8块,,0.0,55,27,2020-07-09 01:53:18,
790,倍思 数据线理线器魔术贴捆绑线耳机绕线器电源线收纳扎带绳整理,电器,0.6340651,36,2856,2020-07-09 01:54:36,中国新说唱EP01 RAP01 (Live) - 周汤豪
791,荷宝娜微胖定制 方领碎花连衣裙女2020夏胖mm显瘦大码气质雪纺裙,服装,0.84277874,80,1318,2020-07-09 01:56:40,萨克斯男唱 - 志泽、虞姬
792,浪漫传奇洗衣液-令,,0.0,36,921,2020-07-09 01:57:05,Illusionary Daytime - Shirfine
793,3D绣花面料复古旗袍长摆裙两件套,家装,1.0,10,396,2020-07-09 01:57:58,想起了你 (片段) - 王恰恰
794,优雅气质连衣裙,服装,1.0,34,13,2020-07-09 01:58:45,For the Damaged Coda - Blonde Redhead
795,艳敏同款16色星空魔方格眼影盘,美妆,1.0,14,14,2020-07-09 01:59:20,紫霞仙子 - 宋瑞、梦瑾
796,荣景优品3册 口才三绝 为人三会 修心三不口才训练成功励志书籍,图书,0.57735026,53,1850,2020-07-09 02:04:03,潇湘子 - 霹雳英雄布袋戏
797,6885条纹后开叉长裙,,0.0,11,100,2020-07-09 02:04:39,
798,蕉下气息防晒面罩黑色透气可水洗夏季冰丝面罩薄款,美妆,1.0,22,1693,2020-07-09 02:11:18,
799,【全锋】搅拌器混凝土水钻打灰搅灰杆拌机水泥砂浆拌灰搅灰神器,,0.0,19,28,2020-07-09 02:11:44,放手一搏 (DJ版) - 三郎
800,MNIF STUDIO 20SS 优雅且性感真丝钻扣褶皱设计漂亮连衣裙,服装,1.0,10,3,2020-07-09 02:12:09,
801,比利时进口精酿啤酒 督威啤酒 烈性黄金艾尔啤酒330ML*6瓶,饰品,1.0,35,14,2020-07-09 02:12:18,
802,女士家居服,内衣,1.0,11,215,2020-07-09 02:12:44,粉红情歌 - 蓝若兮
803,民族风重工刺绣半裙,,0.0,11,50,2020-07-09 02:13:10,此情一直在心间 - 花姐
804,1W BLACK格子连衣裙女2020夏季新款情侣装领带露背小心机收腰裙子,服装,1.0,12,293,2020-07-09 02:17:33,Kimi No Toriko (抖音完整原版) - 虞姬、圈妹
805,JOEYJOY  炸街西装短袖外套女外搭薄款垫肩黑色百搭舒适辣妹穿搭,服装,0.6098339,10,5254,2020-07-09 02:18:25,**最火换装卡点 (完整原版) - 苏名哲
806,气质夏装连衣裙复古旗袍,服装,0.7694781,8,166,2020-07-09 02:19:18,不谓侠 - CRITTY
807,枢纽新款大理石纹大板电视背景墙现代简约轻奢客厅装饰 腾云,家装,0.70710677,14,4,2020-07-09 02:20:30,
808,欧瑞博全屋智能家居控制系统别墅大平层公寓智能家居定制解决方案,家装,0.99999994,36,5,2020-07-09 02:21:24,Fashion (Explicit) - The Royal Concept
809,衣品乐原创大码女装复古印花宽松短袖衬衫胖妹妹mm女装上衣小衫夏,服装,0.6592314,10,664,2020-07-09 02:29:38,我的天空 (加长版) - 刘至佳
810,韩国X2 新款开扣裙#13103,,0.0,8,398,2020-07-09 02:31:21,
811,2020夏季新款淑女泡泡袖缎面连衣裙白色气质收腰抽皱短裙子包臀裙,服装,0.86243534,17,10,2020-07-09 02:32:44,
812,【金马鞍】超干轻享C型风干手撕高鍴牛肉干 去肉腥内蒙新特产100g,食品,0.70710677,24,73,2020-07-09 02:34:13,
813,【陆志廉自制】Chris Luk夏季新款圆领印花男潮T恤三色短袖,服装,0.6098339,40,8,2020-07-09 02:37:36,
814,纯皮时尚女鞋,,0.0,14,53,2020-07-09 02:37:45,
815,厂家运损双门迷你家用出租屋冷藏冷冻节能小冰箱,家装,0.6099686,15,175,2020-07-09 02:38:37,
816,SJSU改良版真丝缎旗袍,服装,1.0,9,41,2020-07-09 02:39:03,
817,widelia 2020老板娘同款英伦风马丁靴女韩版简约百搭中筒高帮靴子,服装,1.0,6,34,2020-07-09 02:39:50,
818,陕西洛川红富士80#大果12斤当季新鲜水果包邮,食品,1.0,15,61,2020-07-09 02:40:15,
819,大飙车推荐 玻璃水泡腾片高效浓缩,,0.0,57,35,2020-07-09 02:41:10,
820,初级农产品贵州本地青菜酸菜新鲜2斤4斤6斤包邮,,0.0,13,3750,2020-07-09 02:45:42,
821,国风刺绣套装 山水画,,0.0,11,349,2020-07-09 02:46:09,
822,【7月06号10点上新】价格未定 更多新品下滑至详情页抢鲜查看！,,0.0,13,0,2020-07-09 02:46:18,
823,正版全2册夜航船贾平凹张岱全套上下,图书,1.0,46,56,2020-07-09 02:47:11,
824,大腰果2斤,,0.0,15,1570,2020-07-09 02:48:26,
825,地板刷长柄硬毛卫生间厕所刷地刷子浴室洗地去死角瓷砖地砖清洁刷,家装,1.0,16,399,2020-07-09 02:48:52,
826,（男款正码）新款果冻底爆米花透气鞋#980,运动,0.7729085,25,514,2020-07-09 02:49:18,
827,松本丧丧 新品合集 6月30日00:00点上新 下拉详情页看新品,,0.0,16,6,2020-07-09 02:51:27,
828,宠粉产品  东韵入耳式直播用耳塞3M抗拉线. 无语音功能,内衣,0.6577781,14,780,2020-07-09 02:51:35,
829,【初尹】夏季薄款松紧腰冰丝休闲运动五分裤1599【均码85-135】,运动,1.0,6,2.1w,2020-07-09 02:52:26,
830,锰宝  韩国OSEQUE澳皙可海藻面膜涂抹面膜舒缓修护补水保湿单片,美妆,0.8944272,42,597,2020-07-09 02:57:54,
831,金钻绒防尘免洗卧室地毯,数码,0.70710677,52,302,2020-07-09 02:58:19,快乐无极限 - 杨紫
832,情侣短袖（情侣拍两次）,服装,1.0,8,166,2020-07-09 02:59:10,两个世界 (DJ版) - 杨小壮
833,美甲晶石贵妇猫眼指甲油胶2020年新款网红冰沙冰境宽猫眼胶送磁铁,美妆,1.0,51,3093,2020-07-09 02:59:58,Rhythm On the River - Bing Crosby
834,鲁味齐风威海喜饼10个,食品,1.0,22,4560,2020-07-09 03:00:24,亡くなった愛 (Remix) - 落地成盒
835,VENGETICE 透气薄款工装短裤 国潮牌嘻哈宽松休闲五分裤黑机能裤,鞋靴,0.8690301,41,658,2020-07-09 03:02:35,
836,REAIMNESS(RAMN)20SS夏季墓碑小熊短袖男卡通圆领休闲宽松情侣t恤,服装,1.0,55,35,2020-07-09 03:03:01,
837,赫本风连衣裙女2020夏季新款韩版交叉露背短袖T恤裙收腰显瘦a字裙,服装,0.6484997,10,208,2020-07-09 03:03:27,赤伶 - 等什么君
838,降龙慢摇杆,,0.0,66,100,2020-07-09 03:09:38,
839,WHOOPSHOP Alonely walk 云彩天使短袖国潮牌宽松情侣休闲嘻哈T恤,鞋靴,0.9299225,14,20,2020-07-09 03:12:24,深深深深 (Remix) - DJ
840,1837条纹口袋贴布上衣,服装,1.0,7,509,2020-07-09 03:13:17,微笑吧 (女生版) - 毛小国
841,山东小黄瓜脆嫩5斤,,0.0,15,73,2020-07-09 03:14:29,Sacrifice - Bandari
842,北欧茶几简约现代创意铁艺大理石圆形茶几小户型网红客厅休闲小桌,家装,0.57735026,18,14,2020-07-09 03:14:55,Mojito (片段) - 妖蝠
843,【时光系列】法颂白桃乌龙沙龙香水蜜桃香水持久淡香清新自然女士,美妆,1.0,59,7415,2020-07-09 03:19:57,
844,【淏然带你学语文】攻破文言文实词和翻译,,0.0,46,258,2020-07-09 03:26:41,
845,针织POLO衫+压花短裤99206,服装,1.0,9,64,2020-07-09 03:27:33,成都 - 赵雷
846,条纹笑脸短袖,服装,1.0,9,390,2020-07-09 03:29:53,有什么可惜（烟嗓版） - 张萨
847,2020网红同款香薰挂脖风扇 USB充电超长续航 多档模式 360度调节,数码,0.70710677,10,4804,2020-07-09 03:31:10,いつも何度でも (永远同在) - 伊藤サチコ
848,名暖厨房抽拉式水龙头伸缩式洗菜盆水槽龙头可拉伸带喷枪花洒喷头,文具,0.70710677,21,8,2020-07-09 03:35:42,
849,空军运动休闲鞋男女情侣款小白鞋全白奶白红两色,运动,1.0,67,26,2020-07-09 03:36:35,匆匆那年 - 王菲
850,欧堡充电式无刷冲击起子机电钻工业电动螺丝刀大扭力彩钢瓦小扳手,车品,0.77955955,24,12,2020-07-09 03:37:53,
851,【章进大招课】电磁感应综合应用-高考重难点,图书,1.0,18,133,2020-07-09 03:43:19,
852,静静家 复古蝴蝶结小衫,,0.0,8,377,2020-07-09 03:43:49,
853,男生纯棉套装,服装,1.0,15,108,2020-07-09 03:44:42,夏天的风 - 刘瑞琦
854,海米 雪纺短袖小衫,服装,1.0,8,838,2020-07-09 03:55:01,情歌虽老却动听 - 花姐
855,劳伦父亲分享美式教育,,0.0,32,134,2020-07-09 03:56:48,
856,SUOZUO所作 白桃乌龙茶三角茶包葡萄乌龙茶袋泡茶养生水果茶两盒,食品,0.8164966,26,75,2020-07-09 03:57:12,
857,男去口臭口气重清新剂持久型便携口腔清洁喷雾口喷除口臭接吻神器,电器,0.77327967,78,4.6w,2020-07-09 03:57:39,we will rock you - 未知
858,【丹妮优品】菱格迷你竖款大胃王斜挎包RG0028,箱包,1.0,14,214,2020-07-09 03:58:06,美丽的神话 - 孙楠、韩红
859,兔子耳朵米老鼠儿童床少女网红床ins北欧粉色女孩女生公主床梦幻,家装,0.57735026,18,45,2020-07-09 04:00:03,
860,《Q023》T恤B,服装,1.0,14,2,2020-07-09 04:02:23,
861,女复古藤编箱草柳竹沙滩包拍照摄影道具编织女士包袋田园手提包包,鞋靴,0.83510935,33,34,2020-07-09 04:02:48,
862,2020夏季300斤特体显瘦半袖,,0.0,15,29,2020-07-09 04:03:14,酒吧气氛土嗨 - 宋艳娇
863,针织上衣+雪纺碎花半身裙,服装,0.70710677,11,208,2020-07-09 04:04:32,Wanna Be Starting Something - T Stars Deluxe
864,ARKO牛油果身体乳喷雾保湿滋润香体女夏天清爽补水持久留香润肤乳,美妆,1.0,19,576,2020-07-09 04:06:10,
865,{融图文化} 20几岁不能不懂的社交礼仪常识 ,,0.0,17,2150,2020-07-09 04:07:02,Clear Water - Robert Haigh
866,夏季新款纯色流行百搭连帽休闲外套男士薄20224,服装,1.0,13,97,2020-07-09 04:07:57,
867,【玺米】家用手动碎冰机 刨冰机 手摇碎冰机 家用碎冰机,家装,0.6099686,23,26,2020-07-09 04:12:01,
868,弯弯家ST 拼色方领小衫6359,服装,0.7694781,13,220,2020-07-09 04:13:14,Mojito - 唱歌的梓豪Jay
869,野豹发现系列｜中式台球杆（下单有礼包）,运动,0.7729085,29,7,2020-07-09 04:15:20,
870,我是卡卡1995新款露背长裙,,0.0,5,36,2020-07-09 04:18:09,Pop It In 2 - MADE IN HEIGHTS
871,无袖T恤,服装,0.70710677,6,60,2020-07-09 04:19:01,울고 싶지 않아 (Don't Wanna Cry) (不想哭) - SEVENTEEN
872,妙招姐 100W高品质热熔胶枪+乳白色特粘胶棒 包邮,文具,0.70710677,169,6900,2020-07-09 04:20:12,
873,时尚套裤,,0.0,15,5,2020-07-09 04:20:39,凉凉 - 杨宗纬、张碧晨
874,2020夏季韩版学院风海军领大码连衣裙,服装,1.0,9,4,2020-07-09 04:21:05,Vitas《Mama》音轨精曲抒情慢摇 (DJ版) - DJ
875,夏装2020新款宽松设计感蕾丝镂空短袖T恤女装中长款紫色上衣女夏,服装,0.54410315,8,2006,2020-07-09 04:27:31,入戏太深 (DJ kene版) - 承利、kene
876,黑全麦卷饼无糖无油40张低脂健身粗粮主食即食早餐饼皮卷饼薄饼皮,食品,0.76452196,12,9766,2020-07-09 04:31:56,布谷鸟 - 安子与九妹
877,定制百家姓一键换火打火机,家装,0.70710677,14,1340,2020-07-09 04:35:36,Mojito - 唱歌的梓豪Jay
878,OXYENERGY氧气能量夜间片,,0.0,17,331,2020-07-09 04:36:27,
879,樱花猫（肥猫）,,0.0,19,220,2020-07-09 04:37:21,你好坏哦 我好喜欢 - 小张
880,妙兮家 早秋新款  珍珠娃娃领纯羊毛毛衣,饰品,1.0,6,294,2020-07-09 04:43:21,未来式情歌 (片段) - 丫蛋蛋(马启涵)、刘妥妥
881,"靓小靓 6月30号新品

630当季新品",,0.0,6,1,2020-07-09 04:45:31,千本樱 (钢琴版) - 昼夜
882,035-水溶绣品香槟色A版裙,,0.0,19,265,2020-07-09 04:45:57,всю жизнь - мавлан музыка
883,【厂家直销✅】汽车香水摆件吉象葫芦车内摆件车载装饰品马车香水,美妆,1.0,7,45,2020-07-09 04:56:43,四块五 - 王晴音乐
884,ins超火小包包女2020新款高级感网红单肩复古质感手提包,箱包,0.70710677,11,1340,2020-07-09 05:02:44,听妈妈的话 (改编版片段) - 藤竹京
885,仰卧起坐辅助器懒人女减腰腹赘肉吸盘式多功能男运动健身减肥神器,运动,1.0,7,266,2020-07-09 05:08:09,Larg - Elgit Doda
886,豹纹阔腿裤,服装,1.0,7,73,2020-07-09 05:09:25,我原以为 (片段) - 师硕晗
887,生僻字潮T穿搭白,,0.0,8,32,2020-07-09 05:15:05,少年 - 梦然
888,生理垫,运动,0.7729085,43,2660,2020-07-09 05:18:03,123木头人 (片段) - 蓝心羽
889,罗伟明红薯片香脆地瓜干蜂蜜味100g*3包,箱包,0.5168602,84,1.9w,2020-07-09 05:23:24,Battle Without Honor Or Humanity - 布袋寅泰
890,视频中重工烫钻T恤与韩范百搭牛仔短裤,服装,0.70710677,7,72,2020-07-09 05:24:18,你是人间四月天 (片段) - 小阿枫
891,Judydoll橘朵小花管唇釉哑光丝绒雾面学生,,0.0,58,1.0w,2020-07-09 05:26:08,Pull Up (Explicit) - Luh Kel
892,洋气套装女2020夏季新款宽松格子衫上衣阔腿短裤时尚小个子两件套,服装,0.70710677,13,305,2020-07-09 05:29:02,百花香 (DJ版) - 魏新雨
893,新款蕾丝改良版中长款旗袍,服装,1.0,10,234,2020-07-09 05:29:30,人间 (片段) - 林子
894,农家手工葛根粉 罐装代餐葛粉500g,食品,0.70710677,15,7,2020-07-09 05:38:13,
895,中国风古典舞蹈练功服女飘逸纱衣表演出服装长款披风渐变色大摆裙,服装,1.0,18,42,2020-07-09 05:44:29,知否知否 - 胡夏、郁可唯
896,小鱼鱼新款2020夏季女装字母卡通短袖T恤韩版水果印花圆领潮女,食品,1.0,8,81,2020-07-09 05:45:25,大笨钟 (片段) - Zealot周星星
897,钱夫人 撞色冰丝套装女短款v领泡泡袖上衣高腰阔腿短裤包臀半身裙,饰品,0.70710677,25,1719,2020-07-09 05:45:52,Better Now (Simon de Wit Cover) - 未知
898,孕妇夏装连衣裙2020潮辣妈个性夏季夏天裙子套装网纱吊带裙两件套,服装,1.0,9,48,2020-07-09 05:48:17,Brad Breeck - 怪诞小镇op.音乐盒版 - 之乐而乐
899,2020新款双丝光面料男士T恤,家装,1.0,6,47,2020-07-09 05:48:26,
900,赵晓晓定制 2020春夏新款性感方领连衣裙收腰显瘦气质黑色小心机,服装,1.0,7,17,2020-07-09 05:50:47,Dancing With Your Ghost - Sasha Sloan
901,湖南特产美食茶油剁辣椒 下饭菜458g,食品,0.70710677,17,622,2020-07-09 05:51:15,Foot Of The Mountain - a-ha
902,逐本3代森韵植物卸妆油 敏感肌脸部深层清洁卸妆水感清爽乳膏正品,电器,0.77327967,288,5.6w,2020-07-09 05:53:26,失眠飞行 (Live) - 海哲明、张梦弘
903,小草宽松定制特大码女装中长款花衬衫240斤胖妹妹mm遮肚显瘦上衣,服装,0.6098339,18,3063,2020-07-09 05:56:25,금요병 - 达多
904,【张思莱教授倾情推荐】《可怕的两岁》两岁孩子正面管教圣经,,0.0,44,1.1w,2020-07-09 05:57:48,Journey - Capo Productions
905,瑜伽形体训练开肩开背棍矫正驼背棒（24小时内发货）,车品,0.77955955,13,5070,2020-07-09 05:58:18,小半 (Live) - 骆蕾
906,拉雅时代玻色因小熨斗眼霜淡化黑眼圈眼袋抗皱抚平细纹补水熬夜,电器,0.70710677,104,1010,2020-07-09 06:00:38,
907,kelme卡尔美西班牙人19/20赛季 足球服 武磊球员版印字印号球衣,运动,0.70710677,18,0,2020-07-09 06:01:35,你的答案 - 阿冗
908,休闲时尚套装女夏季2020年新款防晒长袖T恤+吊带短裤子洋气两件套,美妆,1.0,13,103,2020-07-09 06:02:04,海阔天空 (Remix) - DJRE
909,8815带卡子短裤,服装,1.0,19,113,2020-07-09 06:02:32,
910,Chuy2020新款宽松印花短袖T恤女中长款含棉打底衫上衣,服装,0.5206558,17,27,2020-07-09 06:03:30,
911,小熊t,,0.0,14,282,2020-07-09 06:03:59,大王叫我来巡山 - 流浪的蛙蛙
912,新歌初学最爱流行经典弹唱,,0.0,28,158,2020-07-09 06:08:12,远帆 - 冯玉
913,开业5折抢树山高品质北欧风美宿，毗邻苏州乐园，有效期至年底！,,0.0,94,34,2020-07-09 06:09:40,
914,大码女装夏胖妹妹mm方领连衣裙显瘦遮肉开叉长裙子遮肚法式桔梗裙,服装,0.74210465,22,581,2020-07-09 06:10:59,
915,郭九九呢 连衣裙女2020年新款收腰显瘦气质法式方领小黑裙A字裙潮,服装,1.0,22,1218,2020-07-09 06:16:49,
916,大东202O新款,,0.0,14,1,2020-07-09 06:18:37,哥哥妹妹 (广场舞) - 胡小宝、门丽
917,碎花雪纺连衣裙子微胖显瘦小香风心机,服装,1.0,7,206,2020-07-09 06:22:14,
918,短款连衣裙,服装,1.0,12,32,2020-07-09 06:24:50,Señorita - Shawn Mendes、Camila Cabello
919,2020年新款时尚潮流夏季连衣裙L62901,服装,1.0,9,25,2020-07-09 06:25:18,负心的你 (Live版片段) - 海方姐姐
920,2020夏季新款中国风重工刺绣鲤鱼体恤夏装宽松大码国潮短袖T恤男,服装,0.6484997,50,64,2020-07-09 06:33:07,
921,高博士  泡面干拌方便面5包/10包装,食品,1.0,21,454,2020-07-09 06:33:36,一腔诗意喂了狗 - 花粥
922,茵浪足球5号小学生青少年成人训练比赛用球耐磨INLANG五号足球,运动,1.0,12,3,2020-07-09 06:35:09,干啥呢 (DJ版) - 代慧颖
923,纯羊毛大衣中长款,,0.0,14,34,2020-07-09 06:35:38,可不可以 - 张紫豪
924,YQ 203 耳环 三生三世  ,饰品,1.0,15,156,2020-07-09 06:38:05,梦中有你 - 陆正信
925,梧桐阁汉服明制立领蕾丝短衫＋小金花一片式打孔褶裙,服装,1.0,13,127,2020-07-09 06:40:01,小さい春 - Andre Gagnon
926,【樊登推荐】如何让你爱人爱上你  一开口就让人喜欢你S,,0.0,218,4410,2020-07-09 06:43:48,
927,龙母汉服女 8米大裙摆齐胸襦裙超仙飘逸龙纹重工刺绣古装全套春夏,服装,1.0,9,3,2020-07-09 06:44:15,一秒变身九尾狐 (DJ版) - 安筱冷
928,夏季工艺潮流连衣裙,服装,1.0,19,3210,2020-07-09 06:47:03,情歌虽老却动听 - 花姐
929,YOUNG GUNS 保持童心 抵抗恶意 设计师原创款T恤男女款tee潮牌817,服装,1.0,26,354,2020-07-09 06:48:36,僕が死のうと思ったのは (曾经我也想过一了百了) - 中島美嘉
930,短袖T恤+牛仔短裤(M-XXL),服装,0.5206558,11,4340,2020-07-09 06:49:08,男人绝不认输 (DJ版) - 万一
931,欧版气质针织衫,,0.0,7,373,2020-07-09 06:49:39,想起了你 (片段) - 王恰恰
932,轻奢高端极简风100支埃及棉纯棉四件套 高定三色拼接百搭五星酒店,服装,0.70710677,14,16,2020-07-09 06:50:59,Right Now (Na Na Na) - am1r
933,ES-KY-高雅范儿旗袍,服装,1.0,15,92,2020-07-09 06:51:30,莫问归期 (DJ徐子杨版) - 蒋雪儿
934,毛绒玩具五彩毛毛虫内含夏凉被,,0.0,7,86,2020-07-09 06:51:58,Wrap Me in plastic (片段) - Koka
935,sunny定制2020夏季新款泰国潮牌小水风气质荷叶边一字肩两件套装,家装,0.70710677,7,96,2020-07-09 06:53:47,我想更懂你 - 潘玮柏、苏芮
936,香家夹克外套,服装,1.0,17,37,2020-07-09 06:55:02,有何不可 - 紫陌
937,【88元/12听】燕京啤酒 8度 小度酒U8啤酒 特酿清爽整箱罐装包邮,食品,0.70710677,107,139,2020-07-09 06:56:01,习惯你的好 - 王理文
938,三色短袖腰带西服裙（体重125斤以内拍S，偏大）,饰品,1.0,74,33,2020-07-09 06:56:32,某人 - 汪苏泷
939,彩条休闲裤,,0.0,7,2210,2020-07-09 06:57:00,
940,小鱼鱼新款2020夏季女装韩版宽松拼接中长款洋气大版T恤亮片上衣,服装,0.6098339,11,141,2020-07-09 06:57:31,You - Approaching Nirvana
941,033-醋酸刺绣礼服,,0.0,16,17,2020-07-09 06:58:16,
942,卡通套装,,0.0,10,91,2020-07-09 06:59:11,
943,百利甜酒baileys原味700ml奶油利口酒配制烘焙爱尔兰原装力娇酒,食品,1.0,57,7,2020-07-09 07:00:04,
944,16付妩媚手工精绑成品双钩,,0.0,15,3211,2020-07-09 07:00:35,
945,小鱼鱼新款2020夏季女装韩版时尚收腰连衣裙长款仙气显瘦潮流女,服装,0.70710677,10,504,2020-07-09 07:01:02,
946,图胜卡通日式耐高温陶瓷猪猪锅,,0.0,44,205,2020-07-09 07:01:29,
947,【限时秒，58一套，包邮】工装裤男潮牌2020夏季新款宽松束脚裤,服装,1.0,9,2.6w,2020-07-09 07:01:56,
948,现货美国OpenFarm自由牧场冻干狗粮主食383g有机原料食材可追溯,,0.0,59,14,2020-07-09 07:02:21,
949,灌篮高手联名短袖男女T恤樱木花道流川枫三井赤木晴子半袖学院风,服装,0.7694781,212,61,2020-07-09 07:03:01,
950,方领长袖碎花衬衫女2020夏装新款气质修身时尚洋气印花衬衫潮,服装,0.8164966,8,21,2020-07-09 07:03:55,
951,法式显瘦无袖小黑裙,服装,1.0,9,288,2020-07-09 07:04:22,
952,字母T恤+高腰毛边短裤,服装,0.70710677,11,18,2020-07-09 07:04:31,
953,花朵雪纺娃娃衫,,0.0,13,962,2020-07-09 07:05:22,
954,宠物湿巾狗狗猫清洁用品湿纸巾猫咪专用猫用擦眼泪去泪痕除臭擦脚,,0.0,46,179,2020-07-09 07:06:13,
955,K20A19南韩纱连衣裙,服装,1.0,11,117,2020-07-09 07:07:07,
956,陶陶麻麻同款上衣短裤,服装,0.70710677,13,98,2020-07-09 07:07:32,
957,夏季2020新款女装气质性感修身包臀裙裙子OL短袖显瘦中长款连衣裙,服装,0.57735026,7,189,2020-07-09 07:10:05,
958,睦火火 法式衬衫连衣裙女夏2020年新款收腰显瘦温柔风裙子 20056,服装,0.7694781,10,649,2020-07-09 07:10:59,
959,U.VN米杏色手工小花针织开衫外套女2020秋装新款韩版宽松百搭毛衣,服装,0.57735026,6,41,2020-07-09 07:13:01,
960,8872#新款高腰显瘦阔腿裤,服装,0.63867325,11,1210,2020-07-09 07:13:28,
961,复古旗袍雪纺裙子两件套,服装,1.0,10,442,2020-07-09 07:16:57,
962,磁吸式墙面管道检修口,,0.0,11,29,2020-07-09 07:17:24,
963,男士专用学生头发中分蓬松夹板直卷两用迷小型纹理电拉直发造型器,车品,0.70710677,44,1350,2020-07-09 07:17:50,
964,ES 爱姐自留款花边吊带 7888,内衣,0.70710677,9,273,2020-07-09 07:18:15,
965,泡泡袖连衣裙66209,服装,0.86243534,10,83,2020-07-09 07:19:31,
966,鲜活大爆头长腿八爪鱼  新鲜冷冻海鲜,,0.0,59,4535,2020-07-09 07:20:53,
967,湖南特产 农家自制香辣下饭菜 280g/瓶,食品,1.0,17,6748,2020-07-09 07:21:47,
968,半高领无袖背心女白色修身打底衫女上衣韩版无袖坎肩吊带打底,内衣,0.99999994,11,11,2020-07-09 07:22:19,
969,灰灰家定制 套装2020年新款女赫本风套装轻熟风休闲套装裙两件套,家装,0.70710677,13,61,2020-07-09 07:23:55,
970,王者模型 伽罗手办视频教程材料包 DIY超轻粘土摆件玩偶礼物手工,玩具,0.70710677,57,2,2020-07-09 07:32:37,
971,渔轮（送100米鱼线）,,0.0,49,1640,2020-07-09 07:33:04,
972,玻璃密封罐 厨房收纳玻璃瓶柠檬蜂蜜瓶泡菜坛子瓶子储物罐,家装,0.70710677,20,32,2020-07-09 07:33:31,
973,【芬儿家】领蕾丝印花小衫下牛仔短裤两件套,服装,0.70710677,10,148,2020-07-09 07:34:03,
974,【坏果包赔】海南小台芒果5斤新鲜热带水果当季包邮,食品,1.0,11,379,2020-07-09 07:36:23,爱拼才会赢 (片段) - 中国台湾老杨
975,PLAY正品幻想博物馆趣味香氛6合1洗护套装2洗2护2发膜洗护发珠珠,,0.0,29,9,2020-07-09 07:36:58,Blueming (改编版片段) - 张大千子
976,水光饮白桃酵母复合饮品1盒/7支,,0.0,7,30,2020-07-09 07:37:24,
977,钢熙定制韩式冷面湖南妹子嫁韩国,家装,0.70710677,28,2942,2020-07-09 07:37:50,
978,干吃汤圆 2000g麻薯零食小吃糯米糍团子糕点驴打滚糍粑整箱 (白芝麻+原味+芒果味)共2000g,食品,0.70710677,16,4,2020-07-09 07:38:38,
979,767#碎花上衣+高腰短裤套装,服装,0.70710677,7,760,2020-07-09 07:39:03,
980,【精选好课】吴彦忠反扒魔术全套教学,,0.0,123,43,2020-07-09 07:41:39,
981,蓝语大码女装胖妹妹mm洋气减龄背带裙套装夏装新款遮肚显瘦两件套,服装,0.99999994,8,693,2020-07-09 07:42:31,不配怀念 (DJ69、DJ虞姬、DJ锋锋版) - 69、虞姬、锋锋
982,郭九九呢 白色短袖t恤女2020夏季新款宽松韩版休闲学生百搭上衣潮,服装,0.6098339,32,304,2020-07-09 07:44:54,Homage - Mild High Club
983,秦巴奶奶香辣塌辣子拌面炒菜酱200克X2两瓶,鞋靴,0.9299225,74,6.4w,2020-07-09 07:45:20,重庆婆婆做腊肉 - 阿鲲
984,勇哥苍狼白鹿卤大羊腿2.2斤装熟食,食品,1.0,46,749,2020-07-09 07:46:12,
985,张阿星 法式复古方领上衣2020年夏季新款短款性感bm风露脐T恤,服装,0.57735026,13,1216,2020-07-09 07:46:37,
986,湖南特产美食农家酸菜笋248克,食品,0.70710677,18,927,2020-07-09 07:47:25,花灯游 - 封茗囧菌、洛少爷
987,糖糖同款清新衬衫喇叭袖可爱,饰品,0.70710677,18,18,2020-07-09 07:47:52,Romeo's Tune - Pajaro Sunrise
988,李宁官网运动鞋男鞋跑步鞋运动跑鞋一体织透气旅游鞋光速减震耐磨网面透气速干轻质防滑运动时尚休闲鞋子 夜影蓝/焰橙色/新基础黑 42,运动,0.8396283,11,2993,2020-07-09 07:48:00,
989,贵妃壶400毫升,,0.0,11,374,2020-07-09 07:48:27,消愁 (吉他女版) - 玉儿
990,婷子家 夏季短款米奇针织开衫 JDE295-1,,0.0,14,84,2020-07-09 07:48:54,말해! 뭐해? (说！干什么？) - K.Will
991,HALO CHIC~针织开衫外套,服装,1.0,6,419,2020-07-09 07:49:50,
992,【全新预售】水果味江小白100ml*4瓶，最晚7月28日24点前发货,食品,1.0,75,1140,2020-07-11 01:00:14,
993,周奕宏 oversize夏季3M反光情侣装卡通动漫短袖嘻哈宽松ins男女,服装,1.0,5,147,2020-07-11 01:01:28,她说 (Live) - 杨丞琳、周深
994,于谦动物园   ,,0.0,25,518,2020-07-11 01:02:50,
995,玛丽珍胖胖鞋休闲舒适软底松糕鞋时尚韩版单鞋浅口,鞋靴,0.7960113,7,224,2020-07-11 01:06:48,拜拜 - 王巨星
996,睦火火 连衣裙20075,服装,1.0,11,92,2020-07-11 01:07:15,一曲红尘 - 艾歌
997,鑫韵黄金爱心锁骨链,饰品,1.0,7,243,2020-07-11 01:08:25,
998,糖浆水晶能量系列 天然草莓晶搭配玫红虎眼石鲸尾水晶手链 招桃花,饰品,1.0,32,13,2020-07-11 01:11:49,
999,美雅达  蕾丝领气质丝滑透气连衣裙女装,服装,0.70710677,9,1840,2020-07-11 01:12:39,
1000,海宽推荐纯色牛奶丝面料短袖T恤,家装,1.0,22,395,2020-07-11 01:13:31,
1001,三星Galaxy Z Flip 折叠屏 手机 潘多拉紫 8GB+256GB,数码,0.87401694,38,12,2020-07-11 01:14:43,
1002,【司制御品】极乐之宴褶裙百迭裙7.15晚八点上架，部分现货,,0.0,25,0,2020-07-11 01:15:36,错失风雅 - 伊格赛听、鹿一君、晗木之
1003,604牛仔露肩套装,,0.0,8,162,2020-07-11 01:16:02,我从草原来 (Live片段) - 苏晗
1004,白色盘扣开衫上衣,服装,0.70710677,10,66,2020-07-11 01:16:28,有你的快乐 (片段) - 彤仔儿
1005,【1年级】幼小衔接减压书包#177#,文具,1.0,11,694,2020-07-11 01:16:54,夏日炎炎有你超甜 (DJ完整版) - 刘士鸣
1006,ES 天丝休闲衬衫 7890#,服装,1.0,9,180,2020-07-11 01:18:07,
1007,639女童银点套装,,0.0,10,2044,2020-07-11 01:19:00,夏日炎炎有你超甜 - 苏名哲
1008,荣景优品 儿童时间管理全书正面管教家庭教育家教育儿畅销书籍 ,图书,1.0,67,454,2020-07-11 01:19:26,
1009,白色套装,,0.0,12,30,2020-07-11 01:19:52,最后的倾诉 (四步) - 刘晓
1010,PinkyPeach 百搭基础款光版圆圈大金圈耳环简约镂空几何耳环气质,饰品,1.0,58,137,2020-07-11 01:21:38,팔레트 - IU、G-DRAGON
1011,艾米同款 麦富迪鸡鸭牛成犬双拼美毛颗粒肉粒狗粮全犬种1.5kg干粮,,0.0,27,15,2020-07-11 01:22:04,大哥走路怕过谁 - 二咖(东北话配音)
1012,高端定制款连衣裙,服装,1.0,7,76,2020-07-11 01:23:31,это ли счастье (热搜版) - 小猫多鱼
1013,Earth's Best爱思贝地球世界宝宝高铁辅食米糊婴儿米粉有机大米粉,玩具,1.0,36,44,2020-07-11 01:23:56,
1014,028水溶绣花【香粉公主】S-5XL,,0.0,9,109,2020-07-11 01:25:33,
1015,大飙车推荐 玻璃除水镀膜 挡风驱水 雨敌,,0.0,59,22,2020-07-11 01:25:42,
1016,booob牛仔连衣裙女夏季2020年新款薄款收腰显瘦气质泡泡袖裙子潮,服装,0.86243534,9,184,2020-07-11 01:26:07,魔动闪霸 - Zizzy Z
1017,郭九九呢 2020年夏装韩版宽松短袖面膜t恤女休闲百搭慵懒风上衣潮,美妆,1.0,26,427,2020-07-11 01:26:32,
1018,恩影 洋气性感雪纺上衣（M-XXL）,服装,0.70710677,8,32,2020-07-11 01:27:45,最美的伤口 (Live片段) - 张禾禾、大石桥联盟蓝天晨、雨萱、北北
1019,亲子装连衣裙新,服装,1.0,10,477,2020-07-11 01:29:13,Kimi No Toriko (VersiDJRemix) - 未知
1020,韩版高品质丝巾,饰品,1.0,10,11,2020-07-11 01:30:04,
1021,白色印花衬衫，送小包,服装,0.70710677,11,60,2020-07-11 01:30:29,其实我想说的还有很多 - 鱼大仙儿
1022,鲜8方便速食挂面龙须面无添加早餐汤面拌面390g*6袋装,内衣,0.6577781,58,32,2020-07-11 01:30:37,
1023,【好麦多】关晓彤代言酸奶桃桃麦片420g非油炸奇亚籽代餐早餐即食,食品,0.57735026,48,12.1w,2020-07-11 01:31:04,千与千寻 主题曲《いつも何度でも》 - 里德可以Houche
1024,2020新款条纹T恤,服装,1.0,19,7,2020-07-11 01:31:32,
1025,20131黑白拼裙子,,0.0,7,700,2020-07-11 01:31:58,
1026,《合租吧》男主小雷保命同款金肯JK-DQR21变频智能灶品质生活必备,数码,1.0,122,3,2020-07-11 01:37:28,情缘等足一辈子 - 非洲刘德华
1027,电动高压农用果树柑橘打药省药绿色耐用雾化好/3头扇形绿颖喷头,车品,0.77955955,19,322,2020-07-11 01:38:20,情歌虽老却动听 - 花姐
1028,公主宠你毛毛虫抱枕,玩具,0.81649655,8,489,2020-07-11 01:38:46,情歌虽老却动听 - 花姐
1029,野球帝篮球排扣裤男全开扣束脚宽松女fog热身快脱侧扣运动裤潮牌,服装,0.63867325,26,1087,2020-07-11 01:42:17,
1030,金钱榕树老桩盆景四季常青S造型树室内观叶植物小叶榕盆栽,,0.0,14,85,2020-07-11 01:43:09,ᥓᥣᥭᥰ ᥟᥣᥢ ᥐᥧᥭᥱ - July Tun
1031,FD80305-2凉拖,,0.0,11,178,2020-07-11 01:43:34,
1032,D2020年新款单鞋诗妮1313,鞋靴,1.0,10,1569,2020-07-11 01:45:12,
1033,WE11新款镭射光印花彩色T恤,服装,0.70710677,60,6,2020-07-11 01:46:29,
1034,肉卷家大码背带裤牛仔糖果色百搭学院风减龄短裤2020夏季新款女装,食品,1.0,23,292,2020-07-11 01:47:25,到底要怎么样 - Lil Ghost小鬼-王琳凯
1035,M银灰色U型半头套假发女长卷发大波浪圆脸网红可爱长发接发假发片,,0.0,9,130,2020-07-11 01:49:44,蓝色海黑色河+灰色轨迹 - 涛少君
1036,少也眼:/切茜娅之心/不良全刺绣少女jk水手服中间服夏季短袖,服装,1.0,7,333,2020-07-11 01:50:39,室内系的TrackMaker - hanser
1037,开龙脊与仿生技、身法短打,,0.0,20,35,2020-07-11 01:53:26,战斗 - 通往胜利 - 陈致逸
1038,海盗桶玩具叔叔大号插剑木桶刀喷射搞怪创意减压解压桌游,玩具,0.53114736,30,346,2020-07-11 01:54:47,
1039,原厂兰德酷路泽合金车模1：18,,0.0,38,609,2020-07-11 01:55:14,潇湘子 - 霹雳英雄布袋戏
1040,LKOD 2020夏季新款幻影字母蝴蝶印花夏日短袖 男女情侣款宽松tee,服装,0.7694781,24,39,2020-07-11 01:57:42,
1041,姐妹团伴郎伴娘新郎新娘结婚用品大全胸花婚礼全套襟花家人一套,,0.0,36,114,2020-07-11 02:06:31,
1042,破洞直筒高腰阔腿裤,服装,0.63867325,7,160,2020-07-11 02:06:39,
1043,阔腿显瘦休闲裤百搭长裤领口上衣简约时尚两件821,服装,0.57735026,6,20,2020-07-11 02:10:22,灰姑娘 - 卓依婷
1044,V领泡泡袖连衣裙女装夏季2020新款法式蝴蝶结系带显瘦闺蜜装裙子,服装,0.769478,10,760,2020-07-11 02:11:33,
1045,8011超薄天丝牛仔五分裤,,0.0,8,447,2020-07-11 02:11:59,感谢缘分让我们相遇 (片段) - DJ
1046,NPX大头爷联名款书法字体wishtoday纯棉印花T恤,服装,0.57735026,20,156,2020-07-11 02:14:20,社会人专用DJ - 东子陌
1047,转运珠5m 送银项链,,0.0,9,139,2020-07-11 02:14:45,
1048,milu家胖mm夏复古大码法式方领珍珠褶皱过膝长款收腰显瘦连衣裙女,饰品,1.0,14,447,2020-07-11 02:15:37,
1049,四叶小花两面戴沙金项链（收货检查质量，饰品不支持退换）,饰品,1.0,15,172,2020-07-11 02:16:06,
1050,【精选好课】格斗训练20讲（视频课）,电器,0.57735026,46,22,2020-07-11 02:18:21,Be Your Sun (DJ版) - 新旭
1051,韵航   特大号龙纹加厚鱼缸,,0.0,56,82,2020-07-11 02:18:47,梦中的兰花花 (片段) - 李林笛子
1052,新款宽松港风简约卫衣2020,服装,1.0,9,1734,2020-07-11 02:18:55,
1053,粉色短袖T恤,服装,0.7694781,7,316,2020-07-11 02:19:22,乘风破浪向你飘 - 可爱的小团团
1054,连衣裙女2020新款高端妈妈夏装重工刺绣裙子,服装,1.0,14,249,2020-07-11 02:19:48,恋人心 - 魏新雨
1055,Ukiwi纽西之谜黑糖磨砂膏 清洁泥面膜去角质去鸡皮去死皮面部全身,电器,0.77327967,60,24,2020-07-11 02:20:37,Micmacs à la gare - Raphaël Beau
1056,12v汽车用液压电动千斤顶多功能充气泵电扳手轿车越野SUV通用换胎,电器,0.6340651,42,19,2020-07-11 02:20:45,
1057,莫桑钻吊坠,,0.0,7,73,2020-07-11 02:21:10,
1058,郭九九呢 短袖T恤女2020夏季新款bm风修身显瘦短款百搭针织上衣潮,服装,0.5206558,30,858,2020-07-11 02:21:35,
1059,2020年流行套装两件套宽松半大字母T恤搭配五分破洞骑士裤夏季潮,车品,1.0,6,101,2020-07-11 02:22:01,无人之岛 - 任然
1060,Halo nini半袖2020年新款露脐上衣显瘦百搭木耳边抽绳短款t恤女,服装,1.0,4,3393,2020-07-11 02:23:56,Waiting For Love (Remix) - 白一阳
1061,婷子家 怒推款冰丝西裤JDE 0497 ,服装,1.0,14,3560,2020-07-11 02:24:22,말해! 뭐해? (说！干什么？) - K.Will
1062,童磊夏季蕾丝微喇七分裤加大码,服装,1.0,8,814,2020-07-11 02:24:49,Darker Than The Light That Never Bleeds (ChesterForeverSteveAokiRemix) - LINKIN PARK、Steve Aoki
1063,老上海旗袍,服装,1.0,7,130,2020-07-11 02:25:15,恨在今天再相遇 - 童丽
1064,TNAC拓驰夏季摩托车骑行服迷彩网眼机车夹克透气城市休闲防摔赛车,车品,1.0,43,1,2020-07-11 02:25:40,
1065,厨房微波炉置物架落地多层抽屉式放烤箱调料锅具带轮可移动收纳架,电器,0.70710677,16,29,2020-07-11 02:26:27,Boys - Lizzo
1066,夏季清凉宠物衣服短款小吊带泰迪比熊博美猫咪雪纳瑞贵宾狗狗衣服,内衣,0.70710677,16,1.0w,2020-07-11 02:26:54,sans. - Toby Fox
1067,2020年新款时尚潮流夏季套装T70162,,0.0,12,30,2020-07-11 02:27:20,沉默是金 (合唱版本) - 张国荣、许冠杰
1068,2020年新款时尚潮流夏季套装L62853,,0.0,7,18,2020-07-11 02:27:47,爱情的故事 - 王晴
1069,韩璐 碎花短裤女夏宽松2020新款韩版高腰阔腿裤薄款a字裤子休闲裤,服装,0.70710677,13,1132,2020-07-11 02:30:12,陷阱 - 蜉蝣Wh
1070,荷乐士儿童坚果乳低糖200mLx12盒 孕妇每日坚果膳食纤维植物奶,食品,0.8369093,45,24,2020-07-11 02:31:14,
1071,南极人男士背心 男中老年爸爸打底汗衫纯棉无袖白色宽松透气夏,内衣,0.70710677,95,3,2020-07-11 02:31:45,
1072,JUSTCC  卡卡正品U型吊带,内衣,0.70710677,10,155,2020-07-11 02:35:41,天也不懂情 - 馒小蛮同学
1073,QIUQUIZHONG设计感不规则下摆连衣裙收腰法式小众娃娃领黑色裙子,服装,1.0,171,23,2020-07-11 02:36:33,금요병 - 达多
1074,ISB伊珊娜黑炫系列赛级犬猫宠物沐浴露香波,,0.0,76,9,2020-07-11 02:37:04,
1075,面部吸油纸 夏季清爽脸部女士去油纸 便携盒装吸油纸,,0.0,103,6,2020-07-11 02:37:38,
1076,小鱼鱼新款2020夏季女装韩版条纹T恤中袖中长款上衣马甲两件套女,服装,0.5206558,10,347,2020-07-11 02:38:30,"下个,路口,见 - 哦漏"
1077,女童复古单鞋2020秋季新款宝宝豆豆鞋软底猪蹄鞋儿童小童公主鞋潮,运动,0.7729085,12,273,2020-07-11 02:39:27,
1078,2020年春季新款韩版时尚洋气百搭上衣100002.1364,服装,0.70710677,7,6,2020-07-11 02:43:13,要爱你就来 (DJ版) - AZ珍珍
1079,H010三色树叶耳饰耳环,饰品,0.70710677,17,912,2020-07-11 02:43:38,爱丫爱丫 (慢摇版) - 封茗囧菌
1080,5002宽横条短袖,服装,1.0,15,490,2020-07-11 02:44:31,爱的太深也是祸 - 一只舟
1081,【丹妮优品】简约撞色丝巾豆豆包290,饰品,1.0,14,169,2020-07-11 02:45:28,堆积情感 - 邝美云
1082,首钢体育北京男篮 19-20赛季蓝色客场7号林书豪篮球衣比赛服,,0.0,12,20,2020-07-11 02:45:54,Salt - Ava Max
1083,阔腿裤套装小个子显高开叉直筒西装裤+印花字母T恤两件套夏季新款,服装,0.57735026,10,363,2020-07-11 02:46:21,星光背后 (片段) - 贝贝帅
1084,蓝语大码女装胖妹妹mm甜美学院风连衣裙子夏装新款遮肉显瘦a字裙,服装,0.81649655,9,733,2020-07-11 02:46:48,火影卡点 - 安筱冷
1085,针织毛衣开衫90-135斤,服装,1.0,8,146,2020-07-11 02:49:28,
1086,时尚小熊三件套,,0.0,10,17,2020-07-11 02:52:16,一千个伤心的理由 (片段) - 维艾迪娅
1087,俩件套18-6,,0.0,10,527,2020-07-11 02:53:08,
1088,京夫人网纱连衣裙,服装,1.0,10,4,2020-07-11 02:53:35,我在你眼里到底算什么 (Live片段) - 花姐
1089,2020新款妈妈夏装套装中老年女短袖上衣中年40岁50洋气小衫两件套,服装,0.7694781,7,2380,2020-07-11 02:54:02,爱江山更爱美人 - 小阿枫
1090,民族风女装丽江旅游连帽开衫外套绣花薄款长款女夏季红色防晒衫夏,美妆,1.0,20,193,2020-07-11 02:55:31,AI (纯音乐) - 橘子君-Ruxar
1091,2020网红太阳镜,饰品,1.0,24,3,2020-07-11 02:58:30,只要你爱我 - 未知
1092,寻梦之羽厨房油污清洁剂柠檬香型,家装,0.70710677,19,4262,2020-07-11 02:58:56,
1093,贝乐虎大会员丨7天/周卡,,0.0,32,2,2020-07-11 02:59:49,做个勇敢的⼩朋友 - 小匠星、杨智羡
1094,今时月汉服 缤纷夏日系列宋制旋裙短款 宋制飞机袖短衫原创三件套,饰品,0.70710677,8,177,2020-07-11 03:00:15,
1095,2020新款单鞋时尚百搭款,鞋靴,1.0,6,24,2020-07-11 03:00:42,我爱他 - 王小帅
1096,冷淡风套装女2020夏季新款气质拼接阔腿裤+时尚减龄港风T恤两件套,服装,0.70710677,10,716,2020-07-11 03:01:56,Señorita - Shawn Mendes、Camila Cabello
1097,2020盈公主新款蝴蝶夹发夹,,0.0,19,367,2020-07-11 03:02:21,
1098,JEEP/吉普男鞋2020新款夏季透气潮流百搭帆布鞋 板鞋休闲运动鞋潮,服装,1.0,71,6,2020-07-11 03:03:15,
1099,双宫茧手工纯桑蚕丝兜原料,,0.0,36,22,2020-07-11 03:03:41,
1100,腹语学习的理论和技巧,,0.0,25,961,2020-07-11 03:04:55,
1101,T-2028 日系潮牌卡通t恤男新款休闲短袖宽松学生个性情侣装上衣,服装,0.7694781,62,2,2020-07-11 03:05:40,
1102,粉粉嫩旗袍,服装,1.0,6,6750,2020-07-11 03:08:43,
1103,【活动专享】元気森林无蔗糖低脂肪奶茶阿萨姆网红牛乳茶低卡乳茶,食品,0.70710677,81,4945,2020-07-11 03:09:37,
1104,经典百搭水桶包5502,服装,1.0,7,350,2020-07-11 03:09:46,
1105,778款短裤（会打皱）,服装,1.0,8,214,2020-07-11 03:13:03,
1106,韩国whoo后天气丹面部护理套装滋润保湿水乳面霜眼霜精华六件套盒,美妆,0.57735026,26,368,2020-07-11 03:13:30,
1107,宽松小熊T恤,服装,1.0,8,2570,2020-07-11 03:14:49,
1108,湖南特产茶油萝卜丁 下饭菜458g,食品,1.0,16,3570,2020-07-11 03:15:37,
1109,2罐新奥尔良烤翅腌料蜜汁微辣家用烤鸡翅粉炸鸡烤肉烧烤料调料,运动,0.70710677,37,14.9w,2020-07-11 03:16:03,
1110,青岛啤酒日期新鲜白啤11度500ml*12听罐啤新品上市,食品,1.0,58,6757,2020-07-11 03:16:36,
1111,小猫安妮冰晶石冰点家用小绿盒女士,家装,0.6099686,56,11,2020-07-11 03:17:00,
1112,后现代 意式轻奢 个性 客厅 餐厅 卧室 书房吊灯,家装,1.0,11,24,2020-07-11 03:17:27,
1113,短袖t恤女夏打底衫白色mm超火ins潮2020新款韩版猫咪字母衣服体恤,服装,1.0,9,1081,2020-07-11 03:18:16,
1114,未卡X旺旺水神联名宠物猫咪除臭剂+口腔除臭喷雾组合漱口水砂去味,,0.0,58,1899,2020-07-11 03:18:41,
1115,佩佩服装  棉麻套装   V134,,0.0,10,272,2020-07-11 03:18:50,
1116,【4岁+】思维大陆色彩层层叠 空间思维 逻辑推理,,0.0,21,249,2020-07-11 03:22:09,
1117,[竹沫家居]大尺寸麋鹿160*230cm,,0.0,6,356,2020-07-11 03:22:38,
1118,靓小靓圆领灯笼袖柔软显白毛衣巨美茄紫色/南瓜橘/豆沙粉,饰品,0.70710677,6,53,2020-07-11 03:26:17,
1119,爱阁十字绣百财纳福白菜 60787,,0.0,21,283,2020-07-11 03:29:40,
1120,橄榄核纯手工刻刀雕刻包衣钟馗手串男女士手链,饰品,0.70710677,12,0,2020-07-11 03:33:21,
1121,方领泡泡袖连衣裙女夏季收腰短袖气质褶皱长裙洋气蕾丝花边A字裙,饰品,0.70710677,9,163,2020-07-11 03:35:10,
1122,佩佩服装  小熊熊T  T267,,0.0,10,69,2020-07-11 03:38:48,
1123,【新品】王饱饱咖啡坚果烘焙麦片谷物早餐代餐即食干吃,食品,0.4082483,118,5086,2020-07-11 03:42:56,
1124,四小姐旗袍2020年新款桑蚕丝气质长款老上海高端真丝年轻款少女,服装,1.0,8,115,2020-07-11 03:46:27,
1125,鞋柜家用门口简约现代翻斗式超薄17cm进门厅柜窄收纳大容量省空间,家装,0.6099686,16,148,2020-07-11 03:51:10,
1126,粉丝专用链接 PRSR帕莎2020年新款明星同款偏光墨镜太阳镜网红款,饰品,1.0,8,7,2020-07-11 03:54:49,
1127,素衣客2020新款夏季A版改良旗袍印花中国风连衣裙旗袍纯棉,服装,0.77330744,20,37,2020-07-11 03:56:39,
1128,芯町女士休闲裤86829,,0.0,14,1200,2020-07-11 03:58:29,
1129,祖能能【手链数据线】手环数据线便携数据线苹果安卓数据线手链,饰品,1.0,13,2314,2020-07-11 04:02:08,
1130,澳洲进口8切片水钻非常闪交叉水钻女神凉鞋 时尚百搭 高8.5公分,鞋靴,1.0,8,136,2020-07-11 04:06:32,
1131,奶瓶抱枕空调被,电器,1.0,13,1568,2020-07-11 04:10:12,
1132,2926旗袍2件套,服装,1.0,10,47,2020-07-11 04:12:03,
1133,物空宋松 夏季韩版潮男宽松扣子设计高街运动短裤五分裤,运动,1.0,17,744,2020-07-11 04:13:52,
1134,儿童画笔,食品,0.76452196,17,737,2020-07-11 04:16:11,
1135,小红狗 2020新款夏装女牛仔裤背带裤宽松直筒阔腿裤高腰显瘦裤子,服装,1.0,16,353,2020-07-11 04:19:42,
1136,国风旗袍连衣裙碎花 S-95斤；M-105斤；L-115斤；XL-125斤,服装,0.6098339,13,865,2020-07-11 04:21:33,
1137,鹿家良品全铜后现代led吸顶灯简约大气轻奢水晶灯客厅灯卧室灯具,家装,0.70710677,30,9,2020-07-11 04:31:20,
1138,望儿山黄金豆棍非物质文化遗产300g*2包,饰品,1.0,99,1730,2020-07-11 04:33:40,
1139,迟唐水晶紫米粘豆包传统手工制作速食营养早餐无油 低卡美食780g,食品,0.54059863,7,7.2w,2020-07-11 04:39:03,
1140,1号—紫色时尚T ,,0.0,14,57,2020-07-11 04:43:34,
1141,【限量发售】准者X吴勇豪上身同款 篮球猫 美式潮流宽松短袖T恤,服装,0.7694781,45,74,2020-07-11 04:47:09,
1142,【创谷】自动鞋套机一次性鞋套,,0.0,13,56,2020-07-11 04:49:01,
1143,北斗月伴地球仪AI+AR双智能交互灯光地球仪( 适合人群3-15岁）,数码,1.0,149,0,2020-07-11 04:52:46,
1144,吴大叔2020新款春夏尖头细跟软皮气质通勤百搭潮时尚韩版高跟鞋女,鞋靴,1.0,10,25,2020-07-11 04:56:01,
1145,宽松字母T恤+开叉阔腿裤,服装,0.70710677,7,43,2020-07-11 04:57:52,
1146,法式复古小众蕾丝连衣裙子超仙女森系2020新款夏收腰显瘦气质轻熟,服装,1.0,6,220,2020-07-11 05:00:48,
1147,小红狗 2020新款女装条纹连衣裙子夏季宽松显瘦短袖长款遮肚长裙,服装,0.57735026,18,240,2020-07-11 05:02:39,
1148,蓝语大码女装胖妹妹mm时尚休闲上衣短裤套装夏新款遮肉显瘦两件套,服装,0.63867325,8,795,2020-07-11 05:04:30,
1149,日本企鹅洗脸巾一次性女纯棉抽取式擦脸巾美容毛巾棉柔巾4包装,服装,1.0,66,2187,2020-07-11 05:06:50,
1150,CHEMAS/车玛仕 太阳能移动电源20000毫安,,0.0,18,12,2020-07-11 05:10:22,
1151,三只熊香奶粉透冰丝衫,,0.0,7,97,2020-07-11 05:12:13,
1152,GOTO PiONEER 2020开拓者限量鞋盒5周年限定球鞋侧开收纳盒现货,,0.0,41,548,2020-07-11 05:14:04,
1153,短袖灌篮高手,服装,1.0,136,93,2020-07-11 05:17:13,
1154,9935款工装裤（西服面料）,家装,1.0,7,3290,2020-07-11 05:19:06,
1155,JULY SL【视频同款白色长裤】裤型好到爆垂顺显瘦高腰直筒阔腿裤,服装,0.7694781,54,143,2020-07-11 05:20:57,
1156,【粉丝专享99/4瓶】除味抗菌剂空气清新除臭空气净化剂P6,家装,0.8079042,12,143,2020-07-11 05:22:49,
1157,呂噜噜【7月7号 新品合辑】点详情查看更多新品 抢先收藏加购,,0.0,7,1,2020-07-11 05:24:42,
1158,六粒扣牛仔裤,,0.0,11,218,2020-07-11 05:26:18,
1159,HEY LADS男生女生童装夏季时尚系列男小童水洗短裤,服装,1.0,25,3,2020-07-12 16:06:48,The Waiting Game - 纯音乐
1160,【预售十天发货】苎麻重工刺绣民族风衬衫,服装,1.0,8,101,2020-07-12 16:07:14,你的万水千山 (DJ沈念版) - 海来阿木
1161,ICE水水冰】黑色垂感半身裙女2020夏新款不规则绑带开衩显瘦裙子,服装,1.0,7,187,2020-07-12 16:08:33,情人 - 蔡徐坤
1162,阔腿裤套装小个子显高牛仔阔腿裤搭配洋气时尚短袖减龄T恤两件套,服装,0.8385236,9,204,2020-07-12 16:10:13,万有引力 (枪声版) - 坏小欠
1163,2020新款夏季时尚潮流套装T70209,,0.0,9,45,2020-07-12 16:10:39,负心的你 (Live版片段) - 海方姐姐
1164,甜燃定制高级显白显气质飘逸连衣裙高腰优雅白色长裙温柔风仙女裙,服装,1.0,9,46,2020-07-12 16:11:06,烟火里的尘埃 - 蒋先生
1165,【华光】小学生举一反三应用题 共6册 思维强化训练辅导书,图书,1.0,108,1750,2020-07-12 16:15:04,
1166,小吊带背心女夏季新款蝴蝶结褶皱木耳边外穿百搭抹胸甜美,内衣,0.81649655,7,113,2020-07-12 16:23:04,La Banda - 者思范Remix
1167,2020夏季时尚潮流女装FF888,服装,1.0,6,110,2020-07-12 16:23:30,追梦人 - DJ
1168,爱阁十字绣般若波罗蜜多心经莲花版 61793,,0.0,15,811,2020-07-12 16:24:59,LTMP Reloaded 26 Non Stop Mix - sohail sen、Shankar Mahadevan、Sunidhi Chauhan、Vishal Dadlani
1169,若语定制【裙子届的艺术品】2020夏季新款名媛风流苏网纱连衣裙,服装,1.0,6,877,2020-07-12 16:27:55,热播就对了 - 69
1170,2020秋季新品头层牛皮小裸靴，鞋码标准，脚特别瘦长拍大一个码,,0.0,11,96,2020-07-12 16:28:49,
1171,爆款羽绒马甲,服装,0.70710677,58,823,2020-07-12 16:29:14,
1172,2020年春季新款韩版时尚洋气百搭上衣+裙子两件套30001.952,服装,0.70710677,9,46,2020-07-12 16:29:40,没有你陪伴真的好孤单 - 梦然
1173,胖梨阿姨辣台妹黑色开叉半身裙女夏季新款高腰显瘦性感中长款裙子,服装,1.0,47,655,2020-07-12 16:30:09,
1174,【全国包安装】小蛮腰可视智能锁,数码,1.0,28,229,2020-07-12 16:33:29,
1175,周扬青 2020年新款复古清新碎花方v领少女短款上衣,服装,1.0,9,2605,2020-07-12 16:34:03,Spin With You - Emma Sameth、Jeremy Zucker、Wolfe
1176,KIM MING金大铭同款 舞蹈jazz小开衫 露脐装 爵士舞上衣长袖外套,服装,0.70710677,16,166,2020-07-12 16:34:30,How You Like That - BLACKPINK
1177,新品 小鱼家的猫鲜花胭脂非联名中国风口红持久滋润保湿 复古红,美妆,0.70710677,12,30,2020-07-12 16:34:56,三国恋 - Tank
1178,【騛速】特步男鞋2020夏季新款减震跑步鞋男专业竞速运动鞋男跑鞋,运动,1.0,44,68,2020-07-12 16:35:25,
1179,INS港风OVERSIZE嘻哈宽松腰果花休闲短袖衬衫男女古着花衬衣国潮,服装,0.6098339,59,32,2020-07-12 16:35:52,神の怒り - 光宗信吉
1180,孕妇连衣裙夏季宽松中长款V领显瘦夏天裙子洋气潮辣妈时尚雪纺裙,服装,1.0,11,30,2020-07-12 16:36:18,La Banda - F. Physical、A. Doremi、Sax Project
1181,GENANX闪电潮牌伊拾七联名款 短袖T恤太空棉卡通情侣款短袖上衣潮,服装,0.7612149,28,22,2020-07-12 16:36:44,魔法城堡 (片段) - 原来是萝卜丫
1182,短袖开叉T恤+显瘦喇叭裤3051,服装,0.7694781,6,1600,2020-07-12 16:37:10,PHANTASY STARONLINE - deko、YAMEII
1183,airPodsPro保护套碳纤维适用于苹果AirPods2无线蓝牙耳机盒防摔潮,数码,0.5192678,31,115,2020-07-12 16:37:37,Daylight(Roman Blanco RE-MASHUP） - Yves V、Dimitri Vangelis & Wyman、Roman Blanco
1184,灰灰家定制 白色学院风连衣裙短款小个子温柔风高腰收腰显瘦显高,服装,1.0,10,208,2020-07-12 16:38:24,我的天空 - 刘至佳
1185,MaxwellHouse 冷泡果味咖啡(专属链接V),食品,1.0,100,94,2020-07-12 16:38:51,Born a Champion (Underscore_Full Length) - Unkown Artists
1186,北欧真皮床现代简约2米2.2大床轻奢网红新款棕色意式极简真皮床,家装,0.57735026,11,1,2020-07-12 16:42:41,最美丽天使 (DJ版) - 唐小力
1187,南夕姐姐7月6日AM 00点新品专用链接（下拉详情点新品开播提醒）,,0.0,10,0,2020-07-12 16:44:22,это ли счастье - 虞姬、圈妹
1188,月子服夏季薄款产后纯棉孕妇哺乳睡衣7月份8怀孕期产妇喂奶家居服,服装,1.0,11,43,2020-07-12 16:44:48,素颜 (Feat.文韬) - 宋雅萌
1189,五味太郎思维游戏书（全5册）,图书,0.70710677,49,1120,2020-07-12 16:45:15,酒醉的蝴蝶 (水兵舞版) - 丹尼·翁
1190,蓝语大码女装胖妹妹mm法式气质方领连衣裙2020夏装宽松遮肉仙女裙,服装,0.74210465,6,828,2020-07-12 16:45:24,
1191,红口袋 复古少女桃心链条挂坠项链丝绒choker暗黑爱心lolita项圈,饰品,1.0,7,47,2020-07-12 16:46:16,**最火换装卡点 (完整原版) - 苏名哲、腾金涛
1192,美佳尔大容量巨能霸收纳袋换季衣服防潮收纳篮衣物整理袋,,0.0,21,104,2020-07-12 16:50:33,
1193,腰带大姨妈痛肚子疼神器女生月经期保寒发热护腰痛经礼物,饰品,1.0,186,31,2020-07-12 16:51:00,有点甜 - By2
1194,PPX男童猫和老鼠短袖套装,服装,1.0,6,658,2020-07-12 16:51:27,蜗牛与黄鹂鸟 (抖音DJ热搜版) - 小猫多鱼
1195,休闲短裤套装女夏2020年宽松洋气短袖时尚T恤+高腰显瘦减龄热裤潮,服装,0.6098339,7,211,2020-07-12 16:51:54,Blueming - 逗号的留声机
1196,宽松长袖抽绳针织衫女上衣俏皮性感时尚百搭短款露脐V领体恤衫韩,服装,1.0,8,56,2020-07-12 16:55:02,泡沫 - G.E.M.邓紫棋
1197,天猫精灵妙物无线蓝牙耳机迷你入耳式降噪耳机可适用苹果小米华为,数码,0.6440082,44,405,2020-07-12 16:56:12,
1198,豆豆 chillmore泠水沐浴露男女香体沐浴液留香300ml,鞋靴,0.9299225,188,2781,2020-07-12 17:01:46,
1199,【丹妮优品】小熊徽章包MD807预售15天,箱包,0.5168602,12,2121,2020-07-12 17:02:12,后来 (大合唱版) - 网络歌手
1200,3d电视背景墙8d壁纸客厅墙布现代中式简约5d家和新式梅花影视墙墙纸自粘壁画 无缝宣绒布/每平米 58元,家装,0.99999994,10,12,2020-07-12 17:02:37,
1201,婷子家 重工钩花冰丝针织上衣JDE292,服装,1.0,17,902,2020-07-12 17:03:02,
1202,小鱼鱼新款2020夏季女装韩版条纹圆领长款休闲短袖连衣裙时尚显瘦,服装,0.57735026,12,1697,2020-07-12 17:03:51,你说 - 赵乃吉
1203,小鱼鱼新款2020夏季女装潮牌大版镶钻宽松字母T恤上衣半袖时尚女,服装,0.6098339,11,2666,2020-07-12 17:05:22,I Love You - 王若琳
1204,原创设计|欧美INS风前蕾丝假发女中长发淡紫色帅酷超A聚会街拍,,0.0,55,28,2020-07-12 17:05:48,금요병 - 达多
1205,【丹妮优品】菱格迷你竖款大胃王斜挎包RG0028预售15天,箱包,1.0,14,1770,2020-07-12 17:06:13,
1206,蕾丝边套装裙雪纺短袖衬衫半身短裙洋气两件套小个子女夏季,服装,0.7694781,8,1101,2020-07-12 17:07:05,我和你 (Live片段) - 皮卡丘多多
1207,卓薇妮美甲全套套装指 甲 油 亮胶小套系2020新款色流行开店专用,美妆,1.0,33,78,2020-07-12 17:07:31,小鹿乱撞 - RoleX
1208,大耳兔T恤,服装,1.0,8,1330,2020-07-12 17:09:11,晚安 (DJ浪子康、DJ豪大大版) - 浪子康、豪大大、颜人中
1209,斜挎包男潮牌日系帆布包男士休闲单肩包学生大容量斜跨背包邮差包,箱包,0.6335722,14,1402,2020-07-12 17:09:38,大城小爱 - 王力宏
1210,斜纹超薄天丝刺绣小菊花牛仔短裤,服装,1.0,9,680,2020-07-12 17:10:02,
1211,fofos仿真小龙虾逗猫棒耐咬会动的鱼猫咪玩具自嗨电动解闷神器,玩具,1.0,38,822,2020-07-12 17:11:27,
1212,小衣橱管家西装短袖外套宽松韩版2020年新款女夏季外搭ins潮上衣,服装,0.6098339,7,184,2020-07-12 17:12:57,
1213,大表姐2020实拍格子旗袍时尚微胖少女宽松a字裙改良版旗袍连衣裙,服装,0.9236211,25,274,2020-07-12 17:14:47,大城小爱 - 王力宏
1214,【曼迪芬妮】苎麻圆领上衣,服装,1.0,15,721,2020-07-12 17:15:59,
1215,港风韩版痞帅长袖衬衣,服装,1.0,12,61,2020-07-12 17:16:26,我爱你不问归期 (片段) - 半吨兄弟
1216,2020年夏季新款气质高档舒适时髦潮流时尚女套装修身百搭d23,服装,1.0,6,46,2020-07-12 17:16:52,不爱我就别伤害我 - 叶筱萱、亚喃
1217,联想拯救者吃鸡游戏笔记本17寸屏幕1660ti   2060  6G独显窄边框,,0.0,17,1,2020-07-12 17:18:32,
1218,背带裤女大码胖mm短裤胖妹妹韩版宽松减龄显瘦五分裤吊带连体裤夏,服装,1.0,16,295,2020-07-12 17:18:59,금요병 - 达多
1219,2020时尚毛呢大衣中长款外套,服装,0.81649655,10,272,2020-07-12 17:19:24,
1220,龙牙潜伏者战术西裤男正装商务休闲弹力长裤宽松四季铁血君品行,服装,0.70710677,84,375,2020-07-12 17:19:53,
1221,心美美大码 2020夏季新款胖mm 蓝色卡其遮肉显瘦百搭休闲背带裤女,服装,1.0,26,981,2020-07-12 17:34:33,
1222,春夏女装2020新款宫廷复古修身性感开叉年轻款日常改良旗袍连衣裙,服装,0.6484997,8,14,2020-07-12 17:34:59,Party Train - Redfoo
1223,胖佳佳大码短袖针织衫夏季薄款刺绣甜美减龄木耳边小香风短款上衣,服装,0.6484997,13,650,2020-07-12 17:35:26,我怎么这么好看 (完整版) - 虞书欣
1224,黑虎虾大大大虾仁 15只 850g,,0.0,28,76,2020-07-12 17:36:40,
1225,APM天丝雪纺格纹防晒衬衫,美妆,1.0,6,1.3w,2020-07-12 17:37:06,On a Slow Boat to China - Luke Thompson
1226,ACE 韩国chic清新田园复古风印花上衣2020秋季遮肉泡泡袖衬衣 021,饰品,0.70710677,7,54,2020-07-12 17:39:30,都是月亮惹的祸 - 颜妹
1227,GROM格罗姆冰淇淋意大利进口gelato网红口味杯装冰激凌冷饮雪糕,食品,1.0,52,2559,2020-07-12 17:39:56,
1228,BONELESS 20SS 麂皮半袖衬衫外套多口袋工装短袖衬衣高街男夹克,鞋靴,0.8690301,65,83,2020-07-12 17:40:28,
1229,MCR大码女装国潮风复古旗袍胖人改良旗袍复古格子旗袍显瘦连衣裙,服装,0.90180236,19,63,2020-07-12 17:48:16,like That (完整DJ原版) - Good正点
1230,小鱼鱼新款2020夏季女装韩版荷叶翻领上衣小心机短袖天丝T恤潮女,运动,0.70710677,10,267,2020-07-12 17:48:42,野狼disco (粤语版片段) - 很美味
1231,实拍-现货2020大码女装夏装新款网红时尚短袖短裤两套装,服装,0.67028403,10,169,2020-07-12 17:49:09,不爱我就别伤害我 - 伤帅、安儿陈
1232,秋装男士飞行夹克宽松大码棒球服外套男国潮新款军绿色飞行外套男,服装,0.9236211,7,13,2020-07-12 17:49:35,攀娘举牌 (DJ版) - 蒋先生
1233,2020年新款时尚潮流夏季百搭套装T70715,服装,1.0,6,7,2020-07-12 17:50:01,最后的倾诉 (并四版) - 刘晓
1234,特惠重工雕花带衬裙,文具,0.70710677,12,277,2020-07-12 17:51:24,
1235,优必克官方旗舰店 Q系列陨石黑壁挂式轨道插座可移动轨道插座家用,家装,0.6099686,15,1431,2020-07-12 17:51:51,许多年以后 - 小阿枫
1236,鹿家良品北欧铁艺客厅灯具创意个性满天星吊灯现代简约魔豆分子灯,家装,1.0,17,4,2020-07-12 17:52:40,
1237,孔雀蓝设计感V领吊带连衣裙2020新款夏收腰显瘦气质温柔风a字裙子,服装,1.0,6,2433,2020-07-12 17:58:56,情人 - 蔡徐坤
1238,周大娘牛乳寻味顺德正宗大良特产手信纯手工0添加牛奶片真空装,食品,1.0,64,51,2020-07-12 17:59:21,
1239,可爱小熊！夹心蛋挞自制可爱透气温油情侣装,,0.0,15,91,2020-07-12 17:59:48,关于小熊 - 蛋堡
1240,欧美破洞牛仔裤ins女装时尚金属挂链街头酷女孩高腰休闲阔腿长裤,服装,0.7694781,49,31,2020-07-12 18:00:13,
1241,胖MM大码宽松百搭时尚显瘦遮肉小雏菊烫钻2020夏季新款洋气连衣裙,服装,0.6484997,11,46,2020-07-12 18:00:22,
1242,7月15日早10点新品集合链接  新品下滑详情页可见,,0.0,9,4,2020-07-12 18:00:48,Wonderful U - 张含韵
1243,鹭青一ACC 精致纯天然豌豆珍珠 显脸小 镀金耳环,饰品,0.70710677,52,473,2020-07-12 18:01:17,
1244,毛毛虫系列哈士奇,,0.0,14,501,2020-07-12 18:01:45,小星星 (片段) - 浪子康
1245,工装裤子女夏学生九分新款韩版哈伦裤宽松百搭bf风高腰阔腿裤薄款,服装,0.7694781,14,122,2020-07-12 18:02:11,
1246,velosan防霉实木切菜板  长方形厨房砧板宝宝辅食菜板案板,家装,0.59251314,25,22,2020-07-12 18:02:38,
1247,2020新款民族风唐装二件套,,0.0,15,11,2020-07-12 18:03:32,烟花三月 (广场舞) - 龚玥
1248,【仙姆专属】高姿面膜女水光修护补水保湿酵母虾青素30片清洁修护,电器,0.77327967,67,2163,2020-07-12 18:05:13,
1249,尊皇御格 手机包 002,数码,1.0,16,1640,2020-07-12 18:05:40,玩腻 - M3
1250,THEHANDLE/溢出时髦超好版型破洞感牛仔裤女夏薄款修身显瘦小脚裤,,0.0,8,1165,2020-07-12 18:06:06,旧梦一场 - 周森
1251,2020夏季新款T恤,服装,1.0,17,14,2020-07-12 18:06:32,
1252,蛋爷黑色小众设计感露肩T恤女夏季2020新款法式慵懒风假俩件上衣,服装,0.70710677,10,280,2020-07-12 18:07:20,
1253,【金屋】新款时尚女士蕾丝花边小披肩领子,,0.0,23,3760,2020-07-12 18:13:18,漂洋过海来看你 (DJ版) - 宇霸霸
1254,A瓷砖切割片锯片超薄干切专用不崩边细波纹片大理石花岗岩切,家装,1.0,13,58,2020-07-12 18:13:44,怎么爱都爱不够 (片段)(DJ何鹏版) - 崔伟立、孙艺琪
1255,【五条装】成人毛巾35x75cm吸水不掉毛速干毛巾,,0.0,48,5950,2020-07-12 18:18:59,
1256,SHFY-22105甜美连衣裙,服装,1.0,54,632,2020-07-12 18:19:26,Okamochi & Jersey - 佐藤直紀
1257,夜光珠12脚链,饰品,1.0,10,1087,2020-07-12 18:19:53,相思 - 叶凡
1258,【芬儿家】欧货苎麻侧绑带格子马甲,服装,0.70710677,11,145,2020-07-12 18:20:41,一定的年纪 (片段) - 雅欣跑调大王
1259,网红ins风五斗柜梳妆台一体组合多功能卧室小户型收纳柜书桌套装,家装,0.49999997,60,104,2020-07-12 18:21:09,小幸运 - 田馥甄
1260,国升潮汕特色丸子爆汁每日新鲜发货【顺丰包邮】135起三斤,,0.0,15,733,2020-07-12 18:21:37,我的快乐就是想你 - 陈雅森
1261,达州开江县回龙镇盘石村开江青青花椒,,0.0,28,91,2020-07-12 18:21:46,
1262,INN定制 水蓝吸晴甜美微领蕾丝裙精致镂空V领显瘦短裙,家装,0.70710677,10,102,2020-07-12 18:22:21,忽然之间 口琴 - 未知
1263,2020年春季新款韩版时尚洋气百搭上衣吊带裙100002.1475,服装,0.70710677,6,7,2020-07-12 18:25:24,Betsy's Silent Movie - Lluís Coloma
1264,8869#高腰百搭破洞哈伦裤,服装,0.7694781,9,825,2020-07-12 18:26:53,背对背拥抱 (抖音DJ原版) - 蒋先生
1265,加厚幼儿园棉被收纳袋防潮衣物储物袋搬家打包装衣服被子的袋子,服装,0.70710677,10,4470,2020-07-12 18:27:19,
1266,阿贵鱼饵鳞影1号添加轻麸状态饵颗粒粉末拉饵搓饵伴侣饵料鱼食,,0.0,177,6695,2020-07-12 18:29:43,
1267,中老年女装旗袍雪纺连衣裙,服装,0.6484997,7,1530,2020-07-12 18:30:11,爱江山更爱美人 - 小阿枫
1268,郭九九呢 阔腿裤女2020夏季新款宽松休闲高腰垂感显瘦拖地直筒裤,服装,0.70710677,29,350,2020-07-12 18:34:54,
1269,旅拍沙漠长裙超长款大码及踝长袖超大裙摆雪纺仙女连衣裙海边沙滩,服装,1.0,11,121,2020-07-12 18:36:11,小行囊 - 马健涛
1270,夏装新款假两件撞色潮流休闲短裤男潮牌宽松薄款跑步运动五分裤子,运动,0.7729085,22,89,2020-07-12 18:37:27,
1271,男女同款T 【小红标】现货,,0.0,20,432,2020-07-12 18:39:26,
1272,这是防拍价别拍 看详情跳Jk&格Lo,,0.0,14,0,2020-07-12 18:40:18,Caged Bird (Outro) - Alicia Keys
1273,漂亮的项链k28,饰品,1.0,10,365,2020-07-12 18:43:39,
1274,微瑕,,0.0,20,7308,2020-07-12 18:44:05,Wrap Me in plastic (片段) - Koka
1275,预售大家闺秀  天丝古法旗袍,服装,1.0,9,171,2020-07-12 18:44:34,笑看风云 (片段) - 阿梨粤
1276,秦巴奶奶麻什猫耳朵手工传统面食350gX3袋,鞋靴,0.9299225,82,1.2w,2020-07-12 18:45:02,Dancing Butterflies - PM Artist Sessions Project
1277,防滑可擦洗入户门地垫进门pvc脚垫好清洗可裁剪防水家用客厅垫子,家装,0.6099686,57,79,2020-07-12 18:45:28,可愛くなりたい (想变得可爱) - *菜乃
1278,硬糖大码原创胖mm正统jk制服套装2020年新款女显瘦遮肉洋气两件套,服装,0.70710677,15,1540,2020-07-12 18:47:27,魔法城堡 - 69
1279,阿迪达斯官网adidas neo 蛋黄哥联名女装运动套头衫GL7233 GL7234,运动,1.0,19,19,2020-07-12 18:47:55,Small Axe (Paul & Price Remix) - Bob Marley & The Wailers
1280,【当当】一读就会用的分类成语故事,,0.0,44,985,2020-07-12 18:48:20,
1281,哥弟女装短袖t恤女夏V领镂空针织衫薄款女夏季A300752,服装,0.70710677,16,115,2020-07-12 18:48:48,緊張 - 六三四
1282,曹婷婷同款ol套装女2020新款高级蓝色衬衫半裙两件套轻熟风职业装,服装,1.0,52,41,2020-07-12 18:49:14,Don't Play - Jaeger
1283,【粉丝专享99元四瓶】第二代加强型 空气清新除臭净化剂喷雾Y3,食品,0.70710677,13,180,2020-07-12 18:50:02,蓝色海黑色河+灰色轨迹 - 涛少君
1284,阪之韵假两件连衣裙M~3XL，90~160斤,服装,1.0,13,2520,2020-07-12 18:50:28,
1285,分体加厚小青柑杯,内衣,0.7889095,11,742,2020-07-12 18:50:55,新壶中天 - 崔子格
1286,阔腿裤套装女短款洋气橘色T恤夏季时尚高腰开叉西装裤2020新款潮,服装,0.70710677,9,75,2020-07-12 18:52:26,让我做你的眼睛 (弹鼓版)(DJ王雨笙版) - 子芮
1287,8082套装,,0.0,91,1270,2020-07-12 18:52:54,
1288,PAPERLLL西装连衣裙女神范气质收腰黑色夏修身短袖两件套时尚短裙,服装,0.70710677,7,185,2020-07-12 18:53:22,Earthquake (Jason.c Extended Mix) - Jason.c
1289,陕西板栗南瓜净重5斤/9斤包邮，粉糯甜，浓香板栗味,食品,0.70710677,26,1230,2020-07-12 18:53:49,1967 - Gontiti
1290,纯棉无袖套装,服装,0.70710677,12,1550,2020-07-12 18:54:16,感官先生 (Live片段) - 七夕
1291,2020新款舒适宽松睡衣两件套套装,内衣,1.0,7,1196,2020-07-12 18:55:28,我怎么这么好看 - 大张伟
1292,【仙子数学大招课】突破4种方法，熟练运用极化恒等式,,0.0,42,17,2020-07-12 18:55:54,Don't Go (Giving Your Love Away Live) - Sonia Dada
1293,ILOVECHOC我爱巧克力2020夏季新款宽松圆领学院风条纹短袖T恤潮,食品,1.0,20,69,2020-07-12 18:56:20,How You Like That - BLACKPINK
1294,【现货】2020伟薇夏季 新款苎麻印花连衣裙20L20066,服装,0.7694781,23,2,2020-07-12 18:58:18,My Boyfriend Is Gay - Hailey Rowe
1295,禾可可粉色显瘦百搭休闲裤子女宽松直筒2020新款高腰阔腿裤女夏,服装,0.63867325,13,127,2020-07-12 18:58:45,我们背对背拥抱 (抖音DJ) - 未知
1296,铺路鹰 擒敌战术皮肤衣 防晒服 户外 军迷 夏季,美妆,1.0,59,3,2020-07-12 18:59:37,
1297,Negroni意大利进口内格罗尼 帕尔玛 火腿切片 即食 顺丰包邮 80g,,0.0,107,379,2020-07-12 19:01:16,
1298,U.VN 绿色毛毛开衫外套女2020秋冬中长款慵懒风过膝毛针织衫大衣,服装,0.70710677,8,201,2020-07-12 19:02:36,
1299,布丁妹妹 豆柴狗狗零食罐头幼犬奶糕营养猫咪主食幼猫湿粮100g,食品,1.0,27,90,2020-07-12 19:03:03,
1300,复古镂空性感防嗮衫宽松凉爽针织衫,医药,0.70710677,10,154,2020-07-12 19:03:28,
1301,寻常小胡 西装套装女韩版夏薄款2020年新款气质西装半身裙两件套,服装,1.0,6,309,2020-07-12 19:03:57,
1302,时尚百搭款手机包包1000-1,数码,1.0,9,1205,2020-07-12 19:04:23,
1303,纯铅加厚电瓶卡子30两对包邮,,0.0,96,1,2020-07-12 19:05:18,
1304,广西横县特产 木瓜丝干 香辣木瓜条 酱菜500g下饭菜,食品,1.0,17,362,2020-07-12 19:06:12,
1305,珍珠重工连衣裙,饰品,1.0,43,656,2020-07-12 19:06:42,
1306,伟薇2020夏季新款高级苎麻短款上衣20S20062,服装,1.0,15,82,2020-07-12 19:09:27,
1307,2020初夏新款小挎包胸包,箱包,1.0,7,609,2020-07-12 19:09:36,
1308,竹编芭蕉扇,,0.0,12,98,2020-07-12 19:10:02,
1309,宽松卡通T恤,服装,1.0,8,979,2020-07-12 19:10:56,
1310,【顽客】携星出品 一禅小和尚 励志系列 盲盒 设计公仔 可爱潮玩,玩具,1.0,32,5,2020-07-12 19:11:23,
1311,小香风针织,,0.0,7,867,2020-07-12 19:12:11,
1312,Swisse斯维诗 硫酸氨基葡萄糖 1500mg 180片/瓶,,0.0,59,5668,2020-07-12 19:12:37,
1313,胖佳佳大码t恤女夏2020年新款网红ins潮胖MM宽松显瘦圆领短袖上衣,服装,0.6484997,33,1157,2020-07-12 19:13:06,
1314,mag三文鱼鱼油法斗金毛护肤美毛明眸润宠物狗狗猫咪滑关节营养,医药,0.70710677,55,1283,2020-07-12 19:13:15,
1315,新款,,0.0,8,432,2020-07-12 19:13:41,
1316,CHALI茶里九口味组合花茶9包/盒,箱包,0.5168602,60,2570,2020-07-12 19:18:30,
1317,朵拉朵尚磨砂膏身体嫩亮全身女烟酰胺冰淇淋去角质鸡皮疙瘩毛囊男,食品,1.0,60,1211,2020-07-12 19:18:56,
1318,汤圆家 常规版显瘦小菊花T 显瘦四分裤,服装,0.63867325,6,539,2020-07-12 19:19:05,
1319,双层绣线单肩斜挎包619,箱包,0.70710677,11,1990,2020-07-12 19:19:14,
1320,【传闻中的黑天鹅】2020夏季新款V领气质黑色短袖蕾丝连衣裙女,服装,0.70710677,10,432,2020-07-12 19:19:38,
1321,寻常小胡 牛仔小背心女外穿2020夏季新款时尚潮短款外搭吊带上衣,内衣,0.99999994,26,1313,2020-07-12 19:20:33,
1322,加肥加大码女装200斤胖mm无袖显瘦遮肚吊带小背心打底衫内搭夏季,内衣,0.99999994,9,433,2020-07-12 19:23:55,
1323,【西贝莜面村】羊蝎子火锅香辣1750g 加热即食西贝第一道功夫菜,食品,0.54059863,100,360,2020-07-12 19:24:49,
1324,XWT-亲子西服百褶裙,服装,1.0,7,603,2020-07-12 19:25:43,
1325,茶桌椅组合实木功夫茶台家用茶桌喝小茶艺桌子茶具套装一体泡茶几,运动,0.7729085,9,168,2020-07-12 19:26:37,
1326,【星眠喵】展示页面,,0.0,20,0,2020-07-12 19:27:25,
1327,Y6688旗袍裙妈妈装复古春夏短袖年轻款印花时尚气质女,服装,0.7694781,10,314,2020-07-12 19:28:18,
1328,大框黑框网红素颜近视眼镜女防蓝光抗辐射护眼睛框架平光男护目镜,,0.0,12,326,2020-07-12 19:28:27,
1329,【刘琼严选】时尚修身阔腿裤4650,服装,1.0,12,160,2020-07-12 19:28:52,
1330,余生原创洛丽塔jsk夏日甜心定金预约拍下默认详情,服装,1.0,15,22,2020-07-12 19:29:16,
1331,易起宠物-背心式宠物胸背带 新款宠物牵引绳猫咪泰迪宠物通用胸背,内衣,0.70710677,12,7,2020-07-12 19:29:43,
1332,仙女耳饰~韩国气质长款流苏蝴蝶结镶钻耳环精致ins高级显瘦百搭潮,饰品,0.70710677,11,2491,2020-07-12 19:30:31,
1333,【精选好课】象棋快速致胜 精心构思布局飞刀（视频课）,,0.0,340,87,2020-07-12 19:31:25,
1334,儿童帆布鞋2020春季蝴蝶结女童鞋中小童宝宝板鞋韩版潮低帮休闲鞋,鞋靴,1.0,7,1286,2020-07-12 19:32:18,
1335,2020年夏季新款韩版时尚洋气百搭连衣裙20006.2613,服装,0.7694781,7,15,2020-07-12 19:32:43,
1336,坛豆角爽脆下饭绿色无添加150g*2袋,内衣,0.6577781,35,4040,2020-07-12 19:33:13,
1337,网红高健同款三分球篮球吸湿室内耐磨7号成人标准,,0.0,8,2,2020-07-12 19:35:09,
1338,SANA 韩国高档复古立体锆钻蝴蝶银针耳环耳钉气质,饰品,1.0,15,125,2020-07-12 19:35:34,
1339,PA2020新款时尚百搭T恤S1957,服装,0.70710677,7,69,2020-07-12 19:36:55,
1340,三星 Galaxy Note10 手机 麦昆黑（全网通8GB+256GB）,数码,0.87401694,25,61,2020-07-12 19:37:22,
1341,茵茵情侣装夏装条纹T恤+背带裤套装女2020新款小众设计感学生套装,服装,1.0,14,103,2020-07-12 19:38:16,
1342,阿周家胖mm大码明线不规则半身裙女夏季新款高腰黑色显瘦a字短裙,服装,0.7694781,9,291,2020-07-12 19:38:46,
1343,YZ雪纺连衣裙,服装,1.0,12,569,2020-07-12 19:39:12,
1344,H756多圈镶钻半月耳环气质款满钻圈圈滴油耳饰防过敏耳钉,饰品,0.70710677,15,1440,2020-07-12 19:39:39,
1345,牛仔套装裙,,0.0,10,64,2020-07-12 19:40:33,
1346,志宣欧尼韩国Dr.g/drg温度计积雪草面膜补水降温舒缓修护肌肤保湿,美妆,0.70710677,85,73,2020-07-12 19:41:02,
1347,吾范发冻| 塑型定型二合一不油腻背头持久定型复古发蜡刚劲啫喱,,0.0,27,125,2020-07-12 19:41:29,
1348,D2020年新款单鞋飞翔20-26,鞋靴,1.0,10,374,2020-07-12 19:42:23,
1349,水妈妈越南进口超薄春卷皮 透明米纸薄饼皮油炸生食家用越南卷,家装,0.6099686,14,3662,2020-07-12 19:42:47,
1350,阿充的狗狗抱枕宠物午睡沙发靠垫套汽车办公室午休枕头床头靠背垫,车品,1.0,23,7,2020-07-12 19:43:11,
1351,hello汀韩版吊带连衣裙女2020夏装新款抽绳系腰温柔风中长裙,服装,1.0,14,2,2020-07-12 19:43:38,
1352,新款情侣装,,0.0,8,68,2020-07-12 19:44:23,
1353,高品质连衣裙,服装,1.0,8,57,2020-07-12 19:44:50,
1354,法儿家韩国2020年新款东大门女装夏淡黄色长裙约会温柔风衬衫裙子,服装,0.7694781,36,581,2020-07-12 19:45:19,
1355,港风套装女复古chic宽松休闲格子衬衫搭配小个子显瘦半身裙两件套,服装,0.70710677,12,473,2020-07-12 19:49:12,
1356,低卡冰激凌桶装方糕雪糕低脂蛋糕无蔗糖冰淇淋9杯,食品,1.0,179,132,2020-07-12 19:56:28,
1357,金尊珠宝 字母手串 26个字母留言备注,饰品,1.0,11,83,2020-07-12 19:58:49,
1358,百道源茶猫萌联名款奥力奥雪花酥网红下午茶小零食小茶点方便携带,食品,0.6073579,77,377,2020-07-12 20:03:59,
1359,T18新款半自动,,0.0,10,1100,2020-07-12 20:08:00,
1360,雪尼尔 沙发垫,,0.0,10,4,2020-07-12 20:11:31,
1361,碎花花边套装围裙华,,0.0,7,78,2020-07-12 20:15:14,
1362,手机支架子桌面放ipad平板电脑的pro可伸缩调节儿童学生学习用托架华为苹果支撑pad网课上课直播俯拍拍摄支座,食品,0.76452196,12,317,2020-07-12 20:17:04,
1363,佳梅|咸水梅 拌饭梅冰梅酱 话梅片8种青梅 四乡六里同款礼袋组合,,0.0,347,244,2020-07-12 20:18:56,
1364,张阿星 bm风针织T恤女夏季薄款V领紧身显瘦短款露脐百搭短袖上衣,服装,0.6098339,6,545,2020-07-12 20:20:30,
1365,小码凉鞋女313233百搭2020新款夏猫跟一字扣大码高跟鞋41 42 43码,服装,1.0,11,28,2020-07-12 20:22:23,
1366,短袖T恤男女宽松潮牌欧美街头嘻哈情侣装夏装小熊印花小众设计感,服装,0.6098339,7,10,2020-07-12 20:24:14,
1367,小衣橱管家短袖网红t恤女ins超火2020年新款夏短款高腰露脐上衣潮,服装,0.7694781,6,54,2020-07-12 20:26:05,
1368,【预售一周发货】苎麻红色衬衫,服装,1.0,11,1200,2020-07-12 20:28:30,
1369,涂鸦拖鞋,,0.0,9,1780,2020-07-12 20:32:31,
1370,KLIOU 可爱少女短袖t恤卡通印花粉色包边怪味百搭露脐短款上衣 夏,服装,0.6098339,7,256,2020-07-12 20:36:03,
1371,滇西小哥旗舰店正宗云南澄江藕粉纯藕粉手工制原味早餐小袋礼盒装,食品,0.76452196,142,5338,2020-07-12 20:38:24,
1372,小胖柯基 蒙贝宠物奶酪 酪咔奶泡狗零食奶条补钙美毛奶香浓郁训练,食品,0.70710677,50,76,2020-07-12 20:41:11,
1373,2020新款夏季时尚连衣裙女新款修身百搭女装re9daz,服装,0.6484997,7,29,2020-07-12 20:43:03,
1374,字母大版T恤+骑士裤,车品,1.0,10,716,2020-07-12 20:53:59,
1375,一号店：圆形晶瓷画系列,,0.0,10,42,2020-07-12 20:58:02,
1376,哥弟女装2020春夏新款简约拼色翻领POLO衫套头针织衫女A300616,服装,1.0,29,135,2020-07-12 21:01:38,
1377,【一只陆同款】Y68新款条纹立领休闲衬衣+K04黑色雪纺西装拖地裤,服装,0.7925293,6,44,2020-07-12 21:05:13,
1378,黄好厉害 gogotales戈戈舞幽然雅韵提亮高光土豆泥修容闪粉提气色,美妆,1.0,87,3346,2020-07-12 21:07:37,
1379,得利仕平底锅不粘锅麦饭石无油烟煎饼蛋煎锅炒锅电磁炉燃气灶通用,电器,1.0,236,27,2020-07-12 21:11:12,
1380,VOA真丝22姆米提花桃心领乔其短袖拼接拱针直筒套头连衣裙AE26,服装,0.70710677,10,8,2020-07-12 21:13:35,
1381,网红泫雅同款大王运动背心外穿内搭无钢圈聚拢防震中长款内衣文胸,运动,1.0,7,13,2020-07-12 21:17:09,
1382,【CHERRYQ】珍珠Chocker  ▏巴洛克天然珍珠颈链女锁骨链超仙饰品,饰品,0.8944272,11,95,2020-07-12 21:20:30,
1383,布丁妹妹 IBEANS宠物卵磷精华素天然狗狗卵磷脂营养补充美毛护眼,,0.0,48,468,2020-07-12 21:24:32,
1384,王少女的店 短袖t恤连衣裙 2020新款夏宽松韩版黑白色短裙子套装,服装,0.70710677,18,631,2020-07-12 21:28:05,
1385,女童玩具3一9益智10岁以上5儿童女孩8至12公主6生日礼物7小学生伶,玩具,1.0,44,108,2020-07-12 21:32:57,
1386,Cilndisy2020新款小众设计单肩斜跨手提帆布纹托特包大容量购物袋,箱包,0.99999994,83,274,2020-07-12 21:35:18,
1387,半松紧腰显瘦哈伦牛仔裤Y305,,0.0,7,3.1w,2020-07-12 21:39:21,
1388,小鱼鱼新款2020夏季女装翻领豹纹双漏肩印花衬衫长袖上衣显瘦时尚,服装,0.5206558,11,1.2w,2020-07-12 21:43:26,
1389,日本KOJIMA宠物洗耳液狗狗清洁耳螨套装耳朵清洁用品除耳螨套装,电器,0.5163978,30,435,2020-07-12 21:47:30,
1390,澳洲谷饲120天板腱牛排 每包1kg,,0.0,6,146,2020-07-12 21:50:46,
1391,TheBaller美式短裤街头潮牌刺绣男士休闲百搭时尚高街鲁大诗同款,服装,0.70710677,21,77,2020-07-12 21:52:39,
1392,Little Seven新品尝鲜原味1巧克力1接骨木花1桃子米酒1冰盒冰淇淋,食品,0.70710677,69,3243,2020-07-12 21:54:17,
1393,顺赢新款小方包,箱包,1.0,10,2040,2020-07-12 21:56:10,
