,title,duration,sale_x,date_x,bgm,language,genre,public_time,type,similarity,sale_y,date_y
0,遇佳人180X90防晒丝巾2,32.0,2089.0,2020/7/3 12:53,不是所有人都会值得等 - 一只舟,国语,Pop,2018-11-04,美妆,1.0,2089,2020/7/3 12:53
1,爱唯依 Elsissi2020夏季新款日系棉麻拼接蕾丝中袖衬衫衬衣 705,7.0,210.0,2020/7/3 12:54,여행  - 未知,韩语,Pop,2018-05-24,服装,0.70710677,210,2020/7/3 12:54
2,妙招姐 100W高品质热熔胶枪+乳白色特粘胶棒 包邮,169.0,6870.0,2020/7/3 13:01,追梦人 - 纯音乐,国语,Pop,2003-09-01,文具,0.70710677,6870,2020/7/3 13:01
3,手工麻绳纳底布鞋,15.0,1870.0,2020/7/3 13:02,18 Mne Uzhe (重置版) - ai8,纯音乐,,2019-11-14,,0.0,1870,2020/7/3 13:02
4,629款裤子（5天发货）,7.0,3950.0,2020/7/3 13:03,赤伶 - 等什么君,国语,Pop,2018-09-27,服装,1.0,3950,2020/7/3 13:03
5,车后视镜防雨膜防水防止雾气凝结驱水膜保证行车安全,30.0,889.0,2020/7/3 13:04,Jhak maar ke - 虞姬、圈妹,纯音乐,Pop,2013-03-18,运动,0.70710677,889,2020/7/3 13:04
6,下水槽厨房置物架可抽拉式落地多层收纳储物架卫生间用品家用大全,27.0,418.0,2020/7/3 13:04,墨尔本的翡翠 (Live片段) - 车厘子的车车,粤语,Pop,2003-08-01,家装,0.6099686,418,2020/7/3 13:04
7,咪偲图品牌女装2020夏季新品清新（裙长92）短款SYXR-48款,12.0,43.0,2020/7/3 13:05,DDU-DU DDU-DU (Japanese Ver.) - BLACKPINK,英语,Rap/HipHop,2020-06-19,服装,1.0,43,2020/7/3 13:05
8,2020夏季新款大码女装文艺复古芝麻数码花V领手工盘扣裙衫9243,15.0,41.0,2020/7/3 13:05,成都 - 李雨婷,国语,Folk,2016-12-21,数码,1.0,41,2020/7/3 13:05
9,懒猪毛绒玩具抱枕,8.0,299.0,2020/7/3 13:06,超级喜欢你 - 金南玲、李俊佑,国语,Pop,2018-04-28,玩具,0.81649655,299,2020/7/3 13:06
10,纯手工剁辣椒 湖南特产剁椒酱农家自制手工辣椒酱下饭菜老坛剁椒,46.0,16.0,2020/7/3 13:07,卡农 (浪潮版) - 未知,纯音乐,Children,2019-10-06,食品,1.0,16,2020/7/3 13:07
11,【博集官方直营】罪全书（套装全7册） 蜘蛛著 ,37.0,53.0,2020/7/3 13:07,Hello Zepp - Charlie Clouser,纯音乐,Soundtrack,2004-10-05,图书,0.70710677,53,2020/7/3 13:07
12,VOA100支羊毛印花围巾PH8,8.0,75.0,2020/7/3 13:08,遇见 - 孙燕姿,国语,Pop,2003-08-22,饰品,1.0,75,2020/7/3 13:08
13,小鱼鱼新款2020夏季女装衬衫时尚洋气后系带雪纺上衣圆领短袖T恤,8.0,60.0,2020/7/3 13:08,野狼disco - 很美味,国语,Rap/HipHop,2019-09-02,服装,0.477937,60,2020/7/3 13:08
14,铜耳环F091,27.0,206.0,2020/7/3 13:09,哦哈哟欧尼酱 - 赵梓婷,纯音乐,Dance,2020-06-23,饰品,1.0,206,2020/7/3 13:09
15,祥祯福 石榴石圆珠多圈手串女士手链多规格包邮,23.0,1650.0,2020/7/3 13:10,Peters Rettungsschirm-Auftrag - Gernot Kulis,,,,饰品,0.70710677,1650,2020/7/3 13:10
16,我是卡卡1995新款露背长裙,5.0,30.0,2020/7/3 13:12,Pop It In 2 - MADE IN HEIGHTS,英语,Pop,2017-03-06,,0.0,30,2020/7/3 13:12
17,xfh三角哈衣爬爬服网红夏装,10.0,5040.0,2020/7/3 13:15,阳光彩虹小白马 - 大张伟,国语,Pop,2018-05-18,,0.0,5040,2020/7/3 13:15
18,五季家大码胖mm连衣裙夏季新款洋气收腰泡泡袖修身改良旗袍裙女,14.0,281.0,2020/7/3 13:15,我的天空 - 刘至佳,国语,Soundtrack,2013-06-14,服装,0.86243534,281,2020/7/3 13:15
19,衣品乐欧洲站新款宽松拼接假两件运动风连衣裙大码胖妹妹mm女装夏,12.0,3302.0,2020/7/3 13:17,百花香 - 魏新雨,国语,,2019-09-26,运动,1.0,3302,2020/7/3 13:17
20,【欣怡专享】SDK 可调节七合一学步滑板车mxy,9.0,31.0,2020/7/3 13:17,天之大 - 童雅路,国语,Pop,2020-04-25,运动,1.0,31,2020/7/3 13:17
21,偷吃奶油 熊猫印花白色短袖T恤男女2020夏季新款宽松ins情侣上衣,8.0,30.0,2020/7/3 13:18,即兴freestyle (Live) - 颜人中、Tizzy T、艾福杰尼、余佳运、Vinida万妮达,,,,服装,0.5206558,30,2020/7/3 13:18
22,开学礼物 PILOT百乐 V5考试针管水笔 BX-V5系列水性笔,10.0,41000.0,2020/7/3 13:19,没有喝够 - 门小强,国语,Pop,2019-01-07,图书,1.0,41000,2020/7/3 13:19
23,素衣客2020新款夏季A版改良旗袍印花中国风连衣裙旗袍纯棉,20.0,31.0,2020/7/3 13:20,동거 - 秋天假期,韩语,Pop,2010-10-07,服装,0.77330744,31,2020/7/3 13:20
24,JULY SL【视频同款白色长裤】裤型好到爆垂顺显瘦高腰直筒阔腿裤,54.0,96.0,2020/7/3 13:21,只要为你活一天 - 黄英华,纯音乐,Soundtrack,2004-12-17,服装,0.7694781,96,2020/7/3 13:21
25,罗伟明家辣椒酱湖南香辣味特产下饭拌面拌饭菜210g*2,52.0,5150.0,2020/7/3 13:21,Big Big World - Michael Cramtu,英语,Pop,1998-01-01,食品,1.0,5150,2020/7/3 13:21
26,澜雅丝 酒店餐厅餐巾布布艺家装饰品 全棉折花口布西餐巾简约单色,49.0,15.0,2020/7/3 13:29,恋愛サーキュレーション (恋爱循环)(Live) - 花澤香菜,,,,,0.0,15,2020/7/3 13:29
27,鑫韵黄金戒指情侣款,7.0,48.0,2020/7/3 13:32,赤伶+人间城 (抖音DJ版) - 涛少君,日语,,2019-04-11,饰品,0.70710677,48,2020/7/3 13:32
28,欧韩简约背带裤大码牛仔,10.0,1570.0,2020/7/3 13:32,嚣张 (DJ弹鼓版) - 猫小凯、王雨笙,英语,Dance,2018-04-18,服装,1.0,1570,2020/7/3 13:32
29,思美人 旗袍,11.0,168.0,2020/7/3 13:34,恨在今天再相遇 - 童丽,粤语,Pop,1991-01-08,服装,1.0,168,2020/7/3 13:34
30,朗祺自动伸缩卷管器收纳架水管车水鼓家用洗车水枪浇花喷头园艺,8.0,28.0,2020/7/3 13:35,Mojito - 唱歌的梓豪Jay,国语,Pop,2020-06-12,车品,1.0,28,2020/7/3 13:35
31,龙母汉服女 8米大裙摆齐胸襦裙超仙飘逸龙纹重工刺绣古装全套春夏,9.0,2.0,2020/7/3 13:40,一秒变身九尾狐 (DJ版) - 安筱冷,纯音乐,Pop,2019-10-10,服装,1.0,2,2020/7/3 13:40
32,幺妹同款草莓格子连衣裙,59.0,2.0,2020/7/3 13:40,Seven Sticks of Dynamite - AWOLNATION,英语,Alternative,2018-02-02,服装,1.0,2,2020/7/3 13:40
33,羊毛大衣,11.0,9.0,2020/7/3 13:41,暗里着迷 - 吉他的天空,粤语,Pop,2020-06-05,,0.0,9,2020/7/3 13:41
34,A星ALPINESTARS TECH-AIR 5 电子气囊马甲摩托车骑行防护准备,22.0,2.0,2020/7/3 13:41,生日歌 - 风之曳,,,,车品,1.0,2,2020/7/3 13:41
35,地板革自粘PVC地板革厚度1.8mm,13.0,402.0,2020/7/3 13:42,阿果吉曲 - 夜夜笙歌,国语,Pop,2018-10-12,,0.0,402,2020/7/3 13:42
36,情侣短袖,8.0,140.0,2020/7/3 13:42,两个世界 (DJ版) - 杨小壮,国语,Pop,2020-04-29,服装,1.0,140,2020/7/3 13:42
37,柏宣妮。新款妈妈装连衣裙XL-5XL,7.0,234.0,2020/7/3 13:43,微笑吧 (DJ版片段) - 香子,国语,,2020-04-08,服装,0.7694781,234,2020/7/3 13:43
38,简约t恤女士夏季 2020 新款刺绣洋气小衫减龄浅粉色短袖上衣,10.0,129.0,2020/7/3 13:44,点歌的人 - 吉么哈布,国语,Pop,2020-03-21,服装,0.7694781,129,2020/7/3 13:44
39,亲子装连衣裙新,10.0,201.0,2020/7/3 13:45,Kimi No Toriko (抖音完整原版) - 未知,纯音乐,Pop,2020-05-27,服装,1.0,201,2020/7/3 13:45
40,2020年夏季新款韩版时尚洋气百搭上衣+半身裙+两件套100002.907,7.0,4.0,2020/7/3 13:48,包容 - 思思,国语,Pop,2010-07-29,服装,0.57735026,4,2020/7/3 13:48
41,米米反光套装,8.0,6.0,2020/7/3 13:49,大笨钟 (片段) - Zealot周星星,国语,,2020-06-12,,0.0,6,2020/7/3 13:49
42,满满家TT  白色翻领娃娃裙6721,14.0,195.0,2020/7/3 13:49,棉花糖 - 黑崎子,,,,,0.0,195,2020/7/3 13:49
43,厨房置物架壁挂锅盖免打孔墙上调料架碗筷子收纳盒菜板不锈钢刀架,21.0,525.0,2020/7/3 13:50,Wrap Me In Plastic - CHROMANCE,英语,Dance,2017-10-27,家装,0.70710677,525,2020/7/3 13:50
44,心机露肩雪纺防晒衣,8.0,256.0,2020/7/3 13:52,嚣张 (片段) - 刘妍菲,国语,Pop,2020-04-24,美妆,1.0,256,2020/7/3 13:52
45,L-4XL夏季宽松显瘦时尚套装女印花T恤+休闲牛仔短裤两件套5010,8.0,456.0,2020/7/3 14:59,情花几时开 - 魏新雨,国语,Pop,2020-01-08,服装,0.57735026,456,2020/7/3 14:59
46,爱心天使猪毛绒玩具抱枕,8.0,1487.0,2020/7/3 15:10,心上人呀 - 阿悠悠,国语,Pop,2020-06-04,鞋靴,0.9299225,1487,2020/7/3 15:10
47,kingkingled创意香薰蜡烛结婚情人节礼物家用室内装饰mirror系列,59.0,79.0,2020/7/3 15:11,Only Love (Extended Mix) - Deepend,,,,家装,0.6099686,79,2020/7/3 15:11
48,2020时尚新款连衣裙JYF1602,6.0,154.0,2020/7/3 15:12,Come On - Turtles,英语,Pop,2018-03-23,服装,1.0,154,2020/7/3 15:12
49,MSQ/魅丝蔻10支萝卜丁化妆刷套装全套粉底刷散粉眼影刷子美妆工具,59.0,16000.0,2020/7/3 15:13,Dawn of us - 王嘉尔,英语,Pop,2018-04-23,美妆,0.588028,16000,2020/7/3 15:13
50,珍百万同款韩版ins牛仔短裤宽松学生阔腿显瘦网红同款热裤潮,8.0,81.0,2020/7/3 15:14,能被抢走的都是垃圾 - 69,纯音乐,Dance,2020-05-11,服装,1.0,81,2020/7/3 15:14
51,【新品特卖】超柔植绒气质旗袍 001 M-4XL,7.0,1290.0,2020/7/3 15:15,小小新娘花 (广场舞) - 云菲菲,,,,服装,1.0,1290,2020/7/3 15:15
52,林珊珊lisa风短款复古印花短袖T恤女夏季网红洋气宽松显瘦潮上衣,7.0,14000.0,2020/7/3 15:16,好喜欢你 - 王广允,国语,,2019-04-09,服装,0.5206558,14000,2020/7/3 15:16
53,上新啦！今年超火的一款绸缎面板鞋特色的定制绸缎面料  内里全皮,7.0,108.0,2020/7/3 15:26,情人知己 - 车厘子的车车,粤语,Pop,1992-09-02,运动,0.7729085,108,2020/7/3 15:26
54,ES棉麻休闲款格子衬衫S9008,6.0,202.0,2020/7/3 15:27,大王叫我来巡山 - 流浪的蛙蛙,国语,Soundtrack,2015-11-11,服装,1.0,202,2020/7/3 15:27
55,【读万卷】坏血 ,99.0,300.0,2020/7/3 15:28,我喜欢你 你这句话我等了好久 - 精神领袖你阿政,,,,图书,0.70710677,300,2020/7/3 15:28
56,新款爆汗安全裤,17.0,1100.0,2020/7/3 15:28,感官先生 (片段) - 戴羽彤,国语,Pop,2019-07-05,服装,0.63867325,1100,2020/7/3 15:28
57,镁高镁服饰衬衫女2020夏季法式灯笼袖慵懒风上衣短袖天丝衬衣0621,9.0,146.0,2020/7/3 15:33,新欢渡旧爱 (DJ69、DJ肖涵、DJ沈子凡、DJ虞姬版) - 黄静美,国语,Dance,2020-05-25,饰品,0.70710677,146,2020/7/3 15:33
58,娃娃领碎花连衣裙女夏收腰显瘦气质仙女裙温柔风蕾丝拼接公主裙子,15.0,304.0,2020/7/3 15:33,疯狂爱爱爱 - 慕容晓晓、办桌二人组,国语,Pop,2013-01-01,服装,1.0,304,2020/7/3 15:33
59,鑫光锂电鑫辕48V20AH系列三元锂电池高密度三防电动车大容量电池,14.0,1.0,2020/7/3 15:36,Apollo s Triumph - Audiomachine,,,,车品,0.70710677,1,2020/7/3 15:36
60,06月22日10点新品专用链接/抢先加购/新品请下滑到详情页查看,8.0,0.0,2020/7/3 15:37,园游会 - 欧阳耀莹,国语,Pop,2004-08-03,,0.0,0,2020/7/3 15:37
61,心机百搭洋气泡泡袖束腰上衣女2020一字肩衬衫短袖格子小个子衬衣,37.0,5.0,2020/7/3 15:40,Stay Calm - Ayelle、Calper,英语,Dance,2017-10-20,饰品,0.70710677,5,2020/7/3 15:40
62,zxs  发光短袖T恤男女,9.0,40.0,2020/7/3 15:42,雨过之后 (DJ女声版片段) - DJ,国语,Dance,2020-07-08,服装,0.7694781,40,2020/7/3 15:42
63,软牛皮简约百搭小方包5510,7.0,129.0,2020/7/3 15:42,凤凰花开的路口 - 师硕晗,国语,Pop,2008-07-24,,0.0,129,2020/7/3 15:42
64,简约polo衫,9.0,582.0,2020/7/3 15:43,总在一瞬间长大 (DJ版) - 韩子曦,,,,服装,1.0,582,2020/7/3 15:43
65,桃红盘扣花朵衬衣,16.0,237.0,2020/7/3 15:43,桃花朵朵开 - 你的九儿,国语,Pop,2006-01-01,服装,0.70710677,237,2020/7/3 15:43
66,  致力打造佛山最大最全岩板采购中心大板批发，餐桌茶几，电视柜,11.0,31.0,2020/7/3 15:44,感谢 - 黑龙,国语,Children,2002-11-28,家装,0.70710677,31,2020/7/3 15:44
67,TAJEZZO探迹者POLY系列Scutum斜挎包,21.0,950.0,2020/7/3 15:45,所有精神小伙听令 - 静妹,国语,Dance,2020-06-02,箱包,1.0,950,2020/7/3 15:45
68,新品80兰精天丝面料四件套花羽,8.0,33.0,2020/7/3 15:48,男人女人都不醉 (DJ版) - 颜66,国语,Pop,2020-05-19,家装,1.0,33,2020/7/3 15:48
69,条纹潮T穿搭蓝,10.0,41.0,2020/7/3 15:48,黄梅戏 - 慕容晓晓,国语,Pop,2010-09-10,,0.0,41,2020/7/3 15:48
70,四十岁妈妈衬衫洋气春款上衣真丝香云纱七分袖衬衫桑蚕丝翻领衬衣,7.0,34.0,2020/7/3 15:49,High Emotions - El Regalo De Silvia,纯音乐,Jazz,1994-01-02,服装,0.75592893,34,2020/7/3 15:49
71,预售原创设计LucyAndLory罗莎古堡OPlolita裙洛丽塔华丽秋款童装,18.0,6.0,2020/7/3 15:51,万有引力 (片段) - 原来是萝卜丫,,,,服装,1.0,6,2020/7/3 15:51
72,2020新款修身连衣裙+牛仔短马甲,11.0,48.0,2020/7/3 15:52,Love Story (2015 1989世界巡回演唱会悉尼站) - Taylor Swift,,,,服装,0.63867325,48,2020/7/3 15:52
73,2020夏季新款淑女泡泡袖缎面连衣裙白色气质收腰抽皱短裙子包臀裙,19.0,7.0,2020/7/3 15:52,处处吻 - 杨千嬅,粤语,Pop,2004-12-01,服装,0.86243534,7,2020/7/3 15:52
74,【猪猪家】格子连衣裙碎花简约夏季,10.0,1830.0,2020/7/3 15:54,"以前打扰了,以后不会了 (DJ版) - 黄静美",国语,,2019-05-07,服装,1.0,1830,2020/7/3 15:54
75,山海经 正版包邮图解山海经 神话饕餮上古异兽全集,70.0,418.0,2020/7/3 15:54,雪见·落入凡尘 - 麦振鸿,纯音乐,Soundtrack,2009-06-18,,0.0,418,2020/7/3 15:54
76,赵晓晓定制 2020春夏新款黑色短款防晒绑带上衣女薄款夏季收腰T恤,6.0,208.0,2020/7/3 15:55,漂洋过海来看你 (Remix) - 刘明湘,国语,,2019-04-23,美妆,1.0,208,2020/7/3 15:55
77,衬衫女夏季新款短袖雪纺衫心机领收腰超仙显瘦打底衫大码百搭上衣,8.0,26.0,2020/7/3 15:55,今夜我一个人醉 - 徐婧,国语,Pop,2018-10-15,服装,0.43121767,26,2020/7/3 15:55
78,【村意】广西酸臭笋红油酸笋即食下饭菜220克,34.0,401.0,2020/7/3 15:56,儿时 - DJ,国语,Pop,2018-02-02,,0.0,401,2020/7/3 15:56
79,北欧轻奢大理石岩板餐桌时尚家用小户型桌椅组合现代简约饭桌桌子,18.0,17.0,2020/7/3 15:57,布谷鸟 - 安子与九妹,国语,Pop,2017-09-11,家装,0.70710677,17,2020/7/3 15:57
80,【有间】全4册 卡耐基给女人的忠告做个有气质会赚钱淡定女人,29.0,117.0,2020/7/3 15:59,Last Reunion - Peter Roe,纯音乐,Pop,2014-12-16,图书,1.0,117,2020/7/3 15:59
81,半高领无袖背心女白色修身打底衫女上衣韩版无袖坎肩吊带打底,11.0,5.0,2020/7/3 16:00,白狐 - 小阿枫,国语,Pop,2007-10-28,内衣,0.99999994,5,2020/7/3 16:00
82,男士纯棉T,15.0,70.0,2020/7/3 16:01,三大烟嗓音网红pk《狂浪》这首歌!谁的最狂浪? - 未知,国语,Pop,2018-12-05,服装,1.0,70,2020/7/3 16:01
83,阔腿裤套装女短款洋气橘色T恤夏季时尚高腰开叉西装裤2020新款潮,9.0,34.0,2020/7/3 16:01,让我做你的眼睛 - 子芮,国语,Pop,2018-08-27,服装,0.70710677,34,2020/7/3 16:01
84,【创谷】可循环使用便携折叠伸缩小圆盘购物袋多功能收纳袋旋转盘,13.0,6.0,2020/7/3 16:05,Monsters (MushrooMRemix) - 敏少、Mushroom,,,,家装,0.57735026,6,2020/7/3 16:05
85,L-4XL夏季宽松显瘦时尚套装女印花T恤+休闲牛仔短裤两件套5010,8.0,460.0,2020/7/3 16:07,情花几时开 (DJheap九天版) - 魏新雨,国语,Pop,2020-01-08,服装,0.57735026,460,2020/7/3 16:07
86,正宗邳州刘井粉丝纯山芋红薯粉丝5斤装粉条徐州特产,14.0,81.0,2020/7/3 16:09,微笑吧 (DJ版) - 香子,国语,Pop,2020-04-08,食品,0.6324555,81,2020/7/3 16:09
87,【OG季梵】夏款连衣裙20PV342,14.0,568.0,2020/7/3 16:10,一晃就老了 (DJ版) - 民工乞哥,国语,Pop,2017-09-20,服装,1.0,568,2020/7/3 16:10
88,理然控油洗发水男士 去屑止痒清洁头皮蓬松发质油发专用洗发露膏,28.0,1203.0,2020/7/3 16:12,Hopeful Hearts - Thomas Greenberg,纯音乐,Soundtrack,2012-10-01,电器,0.77327967,1203,2020/7/3 16:12
89,何度卧室床头吊灯后现代轻奢北欧复古玻璃ins风民宿餐厅吧台吊灯,19.0,13.0,2020/7/3 16:12,心墙 (片段) - 火鸡,国语,,2020-06-12,家装,1.0,13,2020/7/3 16:12
90,派对女王高端女神气质法国小众雪纺玫瑰印花飘逸阔腿裤两件套套装,6.0,50.0,2020/7/3 16:14,男人花 (片段) - 张茜,国语,Pop,2015-01-07,服装,0.70710677,50,2020/7/3 16:14
91,纯皮时尚女鞋,14.0,48.0,2020/7/3 16:15,点歌的人 - 黄玉娇,国语,Pop,2020-03-21,,0.0,48,2020/7/3 16:15
92,2020新款松紧腰民族风棉麻绣花阔大裆休闲肥腿裤长裤子女,26.0,36.0,2020/7/3 16:15,情难渡 - 文静,国语,Pop,2019-08-22,服装,1.0,36,2020/7/3 16:15
93,孕妇夏装连衣裙2020潮辣妈个性夏季夏天裙子套装网纱吊带裙两件套,9.0,37.0,2020/7/3 16:16,Brad Breeck - 怪诞小镇op.音乐盒版 - 之乐而乐,,,,服装,1.0,37,2020/7/3 16:16
94,93471#【韩尚绣】连衣裤裙 （85-115斤）,12.0,17.0,2020/7/3 16:16,Treasure boy - 沈偌曦,国语,Rap/HipHop,2019-08-06,,0.0,17,2020/7/3 16:16
95,清新花朵款36#,12.0,125.0,2020/7/3 16:18,我多想回到那个夏天 - 虞姬、圈妹,纯音乐,Soundtrack,2020-06-01,,0.0,125,2020/7/3 16:18
96,时尚休闲套装女2020牛仔裤宽松大码妈妈装减龄两件套8010 S-2XL,9.0,81.0,2020/7/3 16:18,无言的结局 - 杜晓峰、郭芷伲,国语,Pop,1998-11-02,服装,1.0,81,2020/7/3 16:18
97,恩影 时尚气质两件套（S-M-L-XL-XXL）,8.0,4840.0,2020/7/3 16:23,最美的伤口 (Live片段) - 张禾禾、大石桥联盟蓝天晨、雨萱、北北,,,,服装,0.70710677,4840,2020/7/3 16:23
98,【福东海】玉米须茶泡水组合型茶160g,22.0,57.0,2020/7/3 16:23,黄莺 - 周子雷,国语,Soundtrack,2016-05-20,食品,0.70710677,57,2020/7/3 16:23
99,金边水晶玻璃锤纹高脚杯,8.0,1160.0,2020/7/3 16:26,Falling for U - Peachy!、mxmtoon,英语,,2017-08-14,家装,1.0,1160,2020/7/3 16:26
100,霍乱时期的爱情 诺贝尔文学奖作品,63.0,180.0,2020/7/3 16:30,Ever Eternity - Dennis Kuo,纯音乐,EasyListening,2012-09-07,,0.0,180,2020/7/3 16:30
101,10双装家庭家用酒店餐厅筷子防滑中式合金筷餐具套装,10.0,1410.0,2020/7/3 16:33,花海 (翻唱) - 未知,日语,Pop,2016-04-22,家装,0.6099686,1410,2020/7/3 16:33
102,芙瑾洛裳7359 S-2XL Y时尚休闲套装女2020新款显高卫衣两件套J,5.0,1110.0,2020/7/3 16:37,白天的月亮 (广场舞) - 春花秋月,国语,,2016-01-05,,0.0,1110,2020/7/3 16:37
103,【卫龙专卖店】辣条火锅网红懒人自热火锅自助速食麻辣方便小火锅,38.0,4953.0,2020/7/3 16:37,The Tap Tap v Opeře 2010 - The Tap Tap,其他,Pop,2010-01-01,食品,0.6515742,4953,2020/7/3 16:37
104,经典水桶包9605,7.0,174.0,2020/7/3 16:39,月牙湾 - 刘至佳,国语,Rock,2007-09-28,箱包,0.99999994,174,2020/7/3 16:39
105,娃娃领碎花连衣裙女夏收腰显瘦气质仙女裙温柔风蕾丝拼接公主裙子,15.0,304.0,2020/7/3 16:43,疯狂爱爱爱 (广场舞) - 慕容晓晓、办桌二人组,,,,服装,1.0,304,2020/7/3 16:43
106,蓝语大码女装胖妹妹mm气质优雅方领连衣裙夏装新款遮肚显瘦小黑裙,8.0,160.0,2020/7/3 16:46,Wild - 王雨笙,英语,Electronica,2017-01-20,服装,0.74210465,160,2020/7/3 16:46
107,2020夏新款减龄个性阔腿大码宽松牛仔背带裤高腰复古短裤t恤套装,13.0,468.0,2020/7/3 16:46,我和你 - 皮卡丘多多,国语,Pop,2020-05-01,服装,0.7694781,468,2020/7/3 16:46
108,正品洋酒XO鎏金瓶白兰地威士忌VSOP基酒烈酒套装2瓶,31.0,16.0,2020/7/3 16:46,鬼火の童・鬼切、虎徹にございます! - 増田俊郎,纯音乐,Soundtrack,2013-02-20,食品,1.0,16,2020/7/3 16:46
109,梦幻麋鹿,11.0,11.0,2020/7/3 16:47,不舍 (DJ何鹏版) - 郑亦辰、何鹏,国语,Pop,2019-04-04,,0.0,11,2020/7/3 16:47
110,网红同款卡通米老鼠印花短袖,14.0,47.0,2020/7/3 16:51,你是上天给我的礼物 (DJ何鹏版) - 星月组合,国语,Pop,2016-05-12,服装,0.7694781,47,2020/7/3 16:51
111,南帅空间  直播高档手动多功能主播桌 电脑桌 升降桌   学习桌  ,34.0,2.0,2020/7/3 16:51,My Love - 最火音乐,英语,Pop,2000-11-06,家装,0.6324555,2,2020/7/3 16:51
112,【青青草】人生海海 麦家,42.0,75.0,2020/7/3 16:52,圣诞前夜 - 赵海洋,纯音乐,Pop,2013-06-06,,0.0,75,2020/7/3 16:52
113,条纹潮T穿搭蓝,10.0,42.0,2020/7/3 16:55,黄梅戏 (DJ Candy版) - 慕容晓晓、Candy,,,,,0.0,42,2020/7/3 16:55
114,灰天鹅op汇总页面勿拍-购买链接见详情页,10.0,1.0,2020/7/3 16:57,May I See U Again (DJ叮当版) - 未知,国语,Dance,2020-06-01,,0.0,1,2020/7/3 16:57
115,EOT链条T恤小哪吒同款暗黑高街INS风OS版型落肩款男女同款,6.0,3.0,2020/7/3 17:02,Lollipop (Karaoke Version) - Vee Sing Zone,纯音乐,Pop,2017-01-15,服装,1.0,3,2020/7/3 17:02
116,2020春夏新款链条小方包欧美风范单肩包斜跨包迷你女包,17.0,9.0,2020/7/3 17:02,好人好梦 - 黑鸭子,国语,Pop,2000-10-01,箱包,0.57735026,9,2020/7/3 17:02
117,freeplus芙丽芳丝水乳套装保湿修护柔润/清爽化妆水乳,57.0,13000.0,2020/7/3 17:03,奥利给 - ZeroSeven,纯音乐,,2019-11-27,美妆,0.70710677,13000,2020/7/3 17:03
118,百褶阔腿裤女春夏季冰丝高腰显瘦休闲裤宽松直筒裤垂感九分裤长裤,26.0,6224.0,2020/7/3 17:04,梅花泪 (并四版) - 孙嫣然,国语,Pop,2016-07-25,服装,0.6098339,6224,2020/7/3 17:04
119, 泡泡袖短袖连衣裙女长裙短款小个子雪纺v领收腰公主裙,7.0,1610.0,2020/7/3 17:04,星月糖 - 黎林添娇,国语,Pop,2020-05-16,服装,0.769478,1610,2020/7/3 17:04
120,优培农场U系列 28天逆转人生代餐礼盒套装,76.0,3.0,2020/7/3 17:09,就这 - 蒋先生、DJ阿金、李安芳吖,纯音乐,Pop,2020-03-03,食品,0.70710677,3,2020/7/3 17:09
121,鹿家良品全铜后现代led吸顶灯简约大气轻奢水晶灯客厅灯卧室灯具,30.0,9.0,2020/7/3 17:14,1초 만에 만나는 방법 - 좋아서하는밴드,韩语,Pop,2019-08-15,家装,0.70710677,9,2020/7/3 17:14
122,初晓皮草牛仔裤时尚百搭2020年春夏新款气质超酷修身显瘦青春潮流,13.0,8.0,2020/7/3 17:17,漫步人生路 - 邓丽君、汪金金先生鸭,粤语,Pop,2020-07-10,服装,0.70710677,8,2020/7/3 17:17
123,UNIQLO联名银魂  英雄学院T恤,6.0,2.0,2020/7/3 17:17,Breath - pluko、pronouncedyea,韩语,Soundtrack,2020-06-28,服装,1.0,2,2020/7/3 17:17
124,拉雅时代祛螨净螨皂除螨净痘深层清洁洗脸全身面部香皂去螨虫男女,116.0,1587.0,2020/7/3 17:20,第131集 咖喱咖喱 一首快乐的小童谣 - 未知,国语,Soundtrack,2017-06-05,电器,0.70710677,1587,2020/7/3 17:20
125,越心Nami 洋气时尚 蛋糕裙半身裙套装雪纺短裙两件套气质韩版夏,67.0,169.0,2020/7/3 17:21,爱成叹息 (DJ邱国新版) - 冷漠、杨小曼、邱国新,,,,服装,1.0,169,2020/7/3 17:21
126,小草宽松定制特大码女装中长款花衬衫240斤胖妹妹mm遮肚显瘦上衣,18.0,2152.0,2020/7/3 17:23,금요병 - 达多,韩语,Alternative,2017-07-17,服装,0.6098339,2152,2020/7/3 17:23
127,女童英伦风玛丽珍公主鞋时尚蝴蝶结方口舒适小皮鞋,9.0,1659.0,2020/7/3 17:24,Mojito - 周杰伦,国语,Pop,2020-06-12,鞋靴,0.7960113,1659,2020/7/3 17:24
128,星耀 空顶遮阳帽女夏防晒百搭太阳帽,65.0,2714.0,2020/7/3 17:26,别知己 (三步踩版) - 海来阿木,国语,Folk,2019-03-05,美妆,1.0,2714,2020/7/3 17:26
129,嘻嘻减龄套装女夏季2020年新款学院风宽松衬衫高腰黑色中筒休闲裤,10.0,124.0,2020/7/3 17:27,黯 (伴奏) - 枫聆,纯音乐,Rap/HipHop,2020-04-18,服装,1.0,124,2020/7/3 17:27
130,蓝语大码女装胖妹妹mm气质优雅方领连衣裙夏装新款遮肚显瘦小黑裙,8.0,160.0,2020/7/3 17:47,Wild (Perfect Mix) - 王雨笙,英语,Electronica,2017-01-20,服装,0.74210465,160,2020/7/3 17:47
131,丁丁推荐   韩风麻料无袖衬衣  10673A+933-1+ 0072A,12.0,240.0,2020/7/3 17:49,鬼迷心窍 - 师硕晗,国语,Pop,2003-03-14,服装,0.70710677,240,2020/7/3 17:49
132,M-4XL大码牛仔短裤两件套夏季新款大码女装宽松短袖t恤洋气5009,8.0,331.0,2020/7/3 17:54,欢喜就好 - 陈雷,闽南语,Pop,1994-04-01,服装,0.7771102,331,2020/7/3 17:54
133,阔腿裤套装女短款洋气橘色T恤夏季时尚高腰开叉西装裤2020新款潮,9.0,34.0,2020/7/3 18:02,让我做你的眼睛 (弹鼓版)(DJ王雨笙版) - 子芮,国语,Pop,2020-04-07,服装,0.70710677,34,2020/7/3 18:02
134,SANA【蝴蝶结】长款丝带气质韩国水钻blingbling仙银针耳环女,15.0,151.0,2020/7/3 18:03,被风吹过的夏天 - 金莎、林俊杰,国语,Pop,,饰品,1.0,151,2020/7/3 18:03
135,92号夏小暖 高跟7cm尖头亮面凉鞋,6.0,172.0,2020/7/3 18:04,爱情啊 - 侃侃,国语,,2019-03-25,鞋靴,1.0,172,2020/7/3 18:04
136,首钢体育北京男篮 19-20赛季蓝色客场7号林书豪篮球衣比赛服,12.0,25.0,2020/7/3 18:10,Salt - Ava Max,英语,Pop,2020-04-16,,0.0,25,2020/7/3 18:10
137,2020夏装新款宽松显瘦荷叶裙摆A字假两件胖mm牛仔连衣裙,11.0,18.0,2020/7/3 18:15,胖子多棒 (女声版片段) - 网络歌手,国语,,2020-06-12,服装,1.0,18,2020/7/3 18:15
138,WU646夏韩版休闲幻彩双色料防晒服,14.0,39.0,2020/7/3 18:17,그런 연애 (那样的恋爱) - J_ust、Ahin,韩语,Pop,0000-00-00,美妆,1.0,39,2020/7/3 18:17
139,网红泫雅同款大王运动背心外穿内搭无钢圈聚拢防震中长款内衣文胸,5.0,7.0,2020/7/3 18:17,蜗牛与黄鹂鸟 (DJ版片段) - DJ,国语,Pop,2020-06-18,运动,1.0,7,2020/7/3 18:17
140,鹿家良品全铜后现代led吸顶灯简约大气轻奢水晶灯客厅灯卧室灯具,30.0,9.0,2020/7/3 18:19,1초 만에 만나는 방법 (1秒内见面的方法) - 未知,韩语,Pop,2019-08-15,家装,0.70710677,9,2020/7/3 18:19
141,套装女新款2020年夏季碎花雪纺减龄雪纺衫时尚九分裤子气质两件套,9.0,756.0,2020/7/3 18:23,不配怀念 - 熊婷婷,国语,Dance,2020-03-24,服装,1.0,756,2020/7/3 18:23
142,【家教方法】全4册儿童心理学沟通和性格培养不吼不叫培养好孩子s,51.0,2140.0,2020/7/3 18:24,清新的小女孩（For Ma） - July Tun,,,,图书,1.0,2140,2020/7/3 18:24
143,车后视镜防雨膜防水防止雾气凝结驱水膜保证行车安全,30.0,895.0,2020/7/3 18:26,Jhak maar ke (抖音完整原版) - 未知,纯音乐,Pop,2013-03-18,运动,0.70710677,895,2020/7/3 18:26
144,五季家大码胖mm连衣裙夏季新款洋气收腰泡泡袖修身改良旗袍裙女,14.0,281.0,2020/7/3 18:36,我的天空 (加长版) - 刘至佳,国语,Soundtrack,2013-06-14,服装,0.86243534,281,2020/7/3 18:36
145,【买一盒送同款一盒 】罗永浩推荐ffit8轻体代餐蛋白棒 7根/盒,210.0,1040.0,2020/7/5 1:12,越南大鼓神节奏 (DJ版) - 韩子曦、柳州DJ阿祥,其他,,2019-03-25,文具,0.70710677,1040,2020/7/5 1:12
146,四小姐旗袍2020年新款桑蚕丝气质长款老上海高端真丝年轻款少女,8.0,104.0,2020/7/5 1:12,最快换装舞 (DJ版) - 刘士鸣,纯音乐,Dance,2020-06-29,服装,1.0,104,2020/7/5 1:12
147,小鱼鱼新款2020夏季女装T恤裤子三件套时尚开衫套装洋气短袖潮女,8.0,2900.0,2020/7/5 1:14,下个路口见 - 未知,,,,服装,0.54410315,2900,2020/7/5 1:14
148,58050 韩国X2原标弹力腰短裤,7.0,3420.0,2020/7/5 1:14,小雨と君 (小雨和你) - 荒木毬菜,,,,服装,1.0,3420,2020/7/5 1:14
149,【一茶】雍正王朝（套装上下册）,168.0,14.0,2020/7/5 1:15,Living Serenity (Album Version) - gael chiarella,英语,,2007-04-24,,0.0,14,2020/7/5 1:15
150,时尚套裤,15.0,3.0,2020/7/5 1:15,凉凉 - 杨宗纬、张碧晨,国语,Soundtrack,2017-02-18,,0.0,3,2020/7/5 1:15
151,开龙脊与仿生技、身法短打,20.0,34.0,2020/7/5 1:16,战斗 - 通往胜利 - 陈致逸,国语,Rock,2011-01-13,,0.0,34,2020/7/5 1:16
152,贝拉动物长条枕,16.0,3580.0,2020/7/5 1:17,万有引力 - DJ、蒋先生、妖狐jc、李安芳吖,国语,Pop,2012-07-16,玩具,0.57735026,3580,2020/7/5 1:17
153,三只熊蜜桃粉麻料西服外套,7.0,576.0,2020/7/5 1:17,And The Winner Is - Gérard Darmon,法语,Pop,2008-12-09,服装,0.70710677,576,2020/7/5 1:17
154,【丹妮优品】菱格手提斜挎大胃王RG大胃王,15.0,3750.0,2020/7/5 1:18,痴痴地等 - 静婷,国语,Pop,1985-07-01,,0.0,3750,2020/7/5 1:18
155,無糖S-夏季网红很仙的衬衫潮流痞帅七分袖衬衣宽松小雏菊短袖衣服,12.0,151.0,2020/7/5 1:19,Party Train (Remix) - DJ.Eivin一文,英语,Dance,2017-10-09,饰品,0.70710677,151,2020/7/5 1:19
156,瑜伽形体训练开肩开背棍矫正驼背棒（24小时内发货）,12.0,11000.0,2020/7/5 1:20,一生与你擦肩而过 - 阿悠悠,国语,Pop,2019-11-07,车品,0.77955955,11000,2020/7/5 1:20
157,现代卡通电表箱装饰画北欧风餐厅电闸开关壁画轻奢玄关配电箱挂画,12.0,98.0,2020/7/5 1:21,爱的期限 (DJ Candy版) - 祁隆、Candy,,,,,0.0,98,2020/7/5 1:21
158,《黄金屋》过得刚好 郭德纲正版 包邮 ,112.0,29.0,2020/7/5 1:21,失而复得 - 顾y泽,,,,,0.0,29,2020/7/5 1:21
159,剁椒老坛酸菜香菇脆笋香辣竹笋雪菜笋丁油焖笋230g*2瓶,27.0,378.0,2020/7/5 1:23,轻快 - 胡伟立,英语,Pop,2009-08-25,,0.0,378,2020/7/5 1:23
160,206加菲猫套装-男,11.0,1410.0,2020/7/5 1:24,蜗牛与黄鹂鸟 - 卓依婷,国语,Pop,1997-09-07,,0.0,1410,2020/7/5 1:24
161,7285涂鸦短袖,15.0,252.0,2020/7/5 1:27,只要你过得比我好 - 群星,国语,Pop,1989-02-01,服装,1.0,252,2020/7/5 1:27
162,时尚logo款男士T恤,54.0,707.0,2020/7/5 1:27,正宗老王 (片段) - 最佳男配角,,,,服装,1.0,707,2020/7/5 1:27
163,YQ 203 耳环 三生三世  三天内发货,15.0,112.0,2020/7/5 1:28,梦中情人 - 陆正信,,,,饰品,1.0,112,2020/7/5 1:28
164,正版奔驰双层拖车运输车合金车模,25.0,65.0,2020/7/5 1:29,We Are Perfect - Cristian Marchi,英语,Electronica,2016-09-05,,0.0,65,2020/7/5 1:29
165,2020新款夏季文艺棉麻民族风仙女裙绣花纯棉大摆刺绣收腰连衣裙,21.0,67.0,2020/7/5 1:30,下山 - 要不要买菜,国语,Pop,2020-07-15,服装,0.7694781,67,2020/7/5 1:30
166,豹纹衬衣短裤套,7.0,1301.0,2020/7/5 1:31,爱情错觉 (DJ小鱼儿版) - 半吨兄弟,,,,服装,0.70710677,1301,2020/7/5 1:31
167,JUSTCC  卡卡正品U型吊带,10.0,83.0,2020/7/5 1:37,天也不懂情 - 馒小蛮同学,国语,Pop,2020-03-05,内衣,0.70710677,83,2020/7/5 1:37
168,上新啦！今年超火的一款绸缎面板鞋特色的定制绸缎面料  内里全皮,7.0,108.0,2020/7/5 1:37,情人知己 (片段) - 车厘子的车车,粤语,Pop,2020-07-03,运动,0.7729085,108,2020/7/5 1:37
169,HX字母连衣裙,10.0,155.0,2020/7/5 1:38,我应该去爱你 - 兮姐,国语,Pop,2012-08-24,服装,1.0,155,2020/7/5 1:38
170,Espace净站磨砂膏去角质鸡皮肤疙瘩毛囊滋润蜜桃身体嫩白全身葡萄,40.0,1525.0,2020/7/5 1:38,我和你 (Live片段) - 皮卡丘多多,国语,,2020-06-20,医药,0.6577533,1525,2020/7/5 1:38
171,058女士衬衫,18.0,19.0,2020/7/5 1:39,只宠你一人 - 张厦、曾媛媛,国语,Pop,2018-02-08,服装,1.0,19,2020/7/5 1:39
172,【一茶】大明王朝1566 上下两册,154.0,1120.0,2020/7/5 1:40,Turn Down For What (JIN Bootleg JIN Bootleg Pack) - JINACTION,英语,,2016-02-18,,0.0,1120,2020/7/5 1:40
173,韩国东大门2020夏季净色撞色边气质显瘦减龄单排扣甜美宽松上衣女,8.0,554.0,2020/7/5 1:40,两个世界 (片段) - 张茜,,,,服装,1.0,554,2020/7/5 1:40
174,碎花长裙,11.0,12.0,2020/7/5 1:41,酒醉的蝴蝶 - 崔伟立,国语,Pop,2019-08-07,,0.0,12,2020/7/5 1:41
175,香域湾网红冰淇淋柠檬茶桃桃珍珠奶茶杨枝金露15支+6杯+4筒组合装,50.0,308.0,2020/7/5 1:42,劳作的春夏秋2 - 阿鲲,纯音乐,Soundtrack,2014-05-04,食品,1.0,308,2020/7/5 1:42
176,7-1万佳秒美衣,8.0,1.0,2020/7/5 1:43,大天蓬 - 有幸来过,国语,Pop,2020-01-19,,0.0,1,2020/7/5 1:43
177,新歌初学最爱流行经典弹唱,27.0,91.0,2020/7/5 1:44,远帆 - 冯玉,国语,Folk,2018-09-03,,0.0,91,2020/7/5 1:44
178,【反季清仓】原599 双面羊绒大衣女中长款赫本小香风毛呢外套,6.0,166.0,2020/7/5 1:44,洪荒之力 - 沐泽,纯音乐,,2018-11-23,服装,1.0,166,2020/7/5 1:44
179,BS高原七彩菌汤包 七种干菌集合 美味高营养 100g/袋,17.0,210.0,2020/7/5 1:46,酒醉的蝴蝶 (DJ版) - 若涵,国语,Dance,2019-09-27,,0.0,210,2020/7/5 1:46
180,素衣客2020新款夏季修身改良旗袍印花中国风旗袍,24.0,37.0,2020/7/5 1:49,风筝误 - 刘珂矣,国语,Pop,2016-01-05,服装,0.8944272,37,2020/7/5 1:49
181,波点蕾丝修身连衣裙,52.0,150.0,2020/7/5 1:52,走着走着花就开了 - 卓舒晨,国语,Pop,2018-12-15,服装,1.0,150,2020/7/5 1:52
182,胖子短袖套装男夏季宽松薄款加肥加大码短T五分空调裤休闲运动装,34.0,656.0,2020/7/5 1:54,回到夏天 (片段) - 爱写歌的小田,国语,Dance,2020-06-01,电器,1.0,656,2020/7/5 1:54
183,潮流破洞男士9分牛仔裤,9.0,3.0,2020/7/5 1:55,상어를 사랑한 인어 (爱上鲨鱼的人鱼) - 赵冠宇,韩语,Pop,2005-12-23,,0.0,3,2020/7/5 1:55
184,小鱼鱼新款2020夏季女装复古碎花半身裙松紧高腰气质大摆小香风女,8.0,118.0,2020/7/5 1:56,伟大的肩膀 - 新旭,国语,Rap/HipHop,2011-09-20,服装,0.7694781,118,2020/7/5 1:56
185,短款连衣裙,12.0,10.0,2020/7/5 1:58,Señorita - Shawn Mendes、Camila Cabello,英语,Pop,2020-01-17,服装,1.0,10,2020/7/5 1:58
186,赢销特种兵之实战篇,49.0,3230.0,2020/7/5 1:59,Cooking - AShamaluevMusic,纯音乐,Soundtrack,2017-02-11,,0.0,3230,2020/7/5 1:59
187,【雅北好物】磁力自动咖啡杯旋转冲奶,12.0,97.0,2020/7/5 2:02,フンフンギターだよ、らき☆すた - 神前暁,日语,Soundtrack,2007-10-26,,0.0,97,2020/7/5 2:02
188,JWZQ40510玖姿外套MWB,8.0,22.0,2020/7/5 2:03,MFBTY (Remix) - 肖宇帆,,,,服装,1.0,22,2020/7/5 2:03
189,视频中露肚脐连体裤套装,6.0,58.0,2020/7/5 2:03,容我自救 - 岑日珈,纯音乐,Pop,2020-04-25,服装,0.63867325,58,2020/7/5 2:03
190,米米告辞t,14.0,28.0,2020/7/5 2:04,个人简介 - 安全着陆,国语,Rap/HipHop,2017-06-18,,0.0,28,2020/7/5 2:04
191,纯色重磅衬衫女短袖2020夏季新款宽松绣花v领缎面上衣潮S-3XL1202,9.0,406.0,2020/7/5 2:04,爱情里没有谁对谁错 - 吉他的天空,国语,Pop,2008-01-29,服装,0.6098339,406,2020/7/5 2:04
192,可伸缩铝合金 单面双面一体功能梯子,17.0,215.0,2020/7/5 2:05,人生天涯路 (DJ版) - 司徒兰芳,国语,Pop,2020-06-09,,0.0,215,2020/7/5 2:05
193,爆款时尚双肩带斜挎包,7.0,296.0,2020/7/5 2:06,你的样子 (片段) - 小倩,纯音乐,Pop,2020-04-10,文具,0.70710677,296,2020/7/5 2:06
194,时尚衬衫穿搭,6.0,39.0,2020/7/5 2:07,渡情 (加快版DJ) - 左宏元、张慧清,国语,Dance,2020-05-18,服装,1.0,39,2020/7/5 2:07
195,雨哥家 00320# VV,28.0,25.0,2020/7/5 2:08,Buttercup - Jack Stauber,英语,Electronica,2018-12-12,,0.0,25,2020/7/5 2:08
196,背带裤两件套,10.0,329.0,2020/7/5 2:09,点歌的人 - 黑妹,国语,Pop,2020-03-21,,0.0,329,2020/7/5 2:09
197,YQ  330  夏季必备 牛油果绿 耳扣琉璃花,16.0,120.0,2020/7/5 2:10,Lego House - Ed Sheeran,英语,Pop,2011-09-09,家装,0.57735026,120,2020/7/5 2:10
198,金以琳家花朵一脚蹬牛筋底单鞋,10.0,691.0,2020/7/5 2:11,赤羚 - 等什么君,国语,Pop,2018-09-27,鞋靴,1.0,691,2020/7/5 2:11
199,NUTREND诺特兰德炫彩摇杯诺特兰德EAA复合肌酸AAKG,44.0,1.0,2020/7/5 2:13,Hyper Confirmed - 未知,韩语,Rap/HipHop,2020-07-07,,0.0,1,2020/7/5 2:13
200,小鱼鱼新款2020夏季女装衬衫时尚洋气后系带雪纺上衣圆领短袖T恤,8.0,65.0,2020/7/5 2:14,野狼disco (粤语版片段) - 很美味,国语,Rap/HipHop,2019-09-02,服装,0.477937,65,2020/7/5 2:14
201,中长款羽绒服,7.0,27.0,2020/7/5 2:15,只要你还需要我 (DJ何鹏版) - 小曼、何鹏,,,,服装,1.0,27,2020/7/5 2:15
202,MJJ背带裤两件套,11.0,1850.0,2020/7/5 2:21,想让全世界知道我爱你 - 兮涵、DJ泽安,国语,Dance,2017-08-30,,0.0,1850,2020/7/5 2:21
203,康师傅红葱头葱香排骨味泡面方便面整箱12桶,65.0,31.0,2020/7/5 2:24,집에 가지마 - GD&T.O.P,韩语,Pop,2010-12-24,食品,1.0,31,2020/7/5 2:24
204,单肩漏牛仔均码198，六扣白短裤138,10.0,500.0,2020/7/5 2:25,青春里不知疲倦的向往 - 张茜,国语,Pop,2019-08-06,服装,1.0,500,2020/7/5 2:25
205,海盗桶玩具叔叔大号插剑木桶刀喷射搞怪创意减压解压桌游,30.0,337.0,2020/7/5 2:26,愿得一人心 - 小小洲,国语,Pop,2012-09-22,玩具,0.53114736,337,2020/7/5 2:26
206,LS南瓜短袖连体衣,9.0,1770.0,2020/7/5 2:27,Oops - Little Mix、Charlie Puth,英语,Pop,2016-11-18,内衣,1.0,1770,2020/7/5 2:27
207,洋气女士小包包2020新款潮时尚百搭菱格链条单肩包夏季网红斜挎包,9.0,988.0,2020/7/5 2:28,情深深雨濛濛 - 鱼大仙儿,国语,Pop,2001-03-01,服装,1.0,988,2020/7/5 2:28
208,男女通用沙滩防晒遮阳帽可折叠细纸辫CCMHAT品牌面罩防飞沫鸭舌帽,11.0,10.0,2020/7/5 2:28,快手刘叉叉背景曲子 - 虞姬、一人众天、7妹吖,纯音乐,Pop,2020-04-16,美妆,1.0,10,2020/7/5 2:28
209,《Q04》印花T恤B,26.0,5.0,2020/7/5 2:29,妹妹你等着我 - 德惠他宝哥,国语,Electronica,2020-06-10,服装,0.70710677,5,2020/7/5 2:29
210,希哥家单肩斜挎宽肩带休闲包包百搭款包包,9.0,418.0,2020/7/5 2:31,旧梦一场 - 周森,国语,Pop,2020-04-22,箱包,0.8560698,418,2020/7/5 2:31
211,海米 雪纺短袖小衫,8.0,825.0,2020/7/5 2:31,情歌虽老却动听 - 花姐,国语,Pop,2020-06-05,服装,1.0,825,2020/7/5 2:31
212,欧韩简约背带裤大码牛仔,10.0,1720.0,2020/7/5 2:32,嚣张 - en,国语,,2019-08-07,服装,1.0,1720,2020/7/5 2:32
213,1119#松紧腰显瘦阔腿裤,30.0,1433.0,2020/7/5 2:33,情歌虽老却动听 - 小阿龍,国语,Pop,2020-06-05,服装,0.63867325,1433,2020/7/5 2:33
214,方领泡泡袖连衣裙女夏季收腰短袖气质褶皱长裙洋气蕾丝花边A字裙,9.0,98.0,2020/7/5 2:34,同样 - 藤柒吖、十柒qi,国语,Pop,2020-03-19,饰品,0.70710677,98,2020/7/5 2:34
215,2020新款条纹T恤,19.0,6.0,2020/7/5 2:35,浪子回头 - 大石桥联盟,闽南语,Rock,2017-07-28,服装,1.0,6,2020/7/5 2:35
216,海南无核荔枝4斤,26.0,295.0,2020/7/5 2:36,Romeo's Tune - Pajaro Sunrise,英语,Folk,2006-01-01,,0.0,295,2020/7/5 2:36
217,自粘装饰画客厅沙发背景墙山水国画鸿运当头油画办公室壁画仿边框,16.0,142.0,2020/7/5 2:37,鸿运当头 - M-Girls,国语,Pop,2016-12-01,文具,0.70710677,142,2020/7/5 2:37
218,泡泡袖连衣裙66209,10.0,76.0,2020/7/5 2:38,国王与乞丐 - 华晨宇、杨宗纬,国语,Pop,2017-01-01,服装,0.86243534,76,2020/7/5 2:38
219,16付妩媚手工精绑成品双钩,15.0,2110.0,2020/7/5 2:39,旧梦一场 - 阿悠悠,国语,Pop,2020-04-22,,0.0,2110,2020/7/5 2:39
220,HX字母连衣裙,10.0,155.0,2020/7/5 2:42,我应该去爱你 (DJ版) - 兮姐,纯音乐,Pop,2020-05-20,服装,1.0,155,2020/7/5 2:42
221,哥弟女装短袖t恤女夏V领镂空针织衫薄款女夏季A300752,16.0,66.0,2020/7/5 2:43,緊張 - 六三四,国语,,2019-09-09,服装,0.70710677,66,2020/7/5 2:43
222,高弹清凉T(送挂件）,15.0,336.0,2020/7/5 2:46,爱的太深也是祸 - 一只舟,国语,Pop,2018-05-02,数码,0.87401694,336,2020/7/5 2:46
223,【反季特价】原349 韩国小姐姐毛呢大衣女中长款韩版气质呢子外套,8.0,277.0,2020/7/5 2:48,Another Day - C.A.R.L（칼）、RuDi,韩语,Soundtrack,2019-07-14,服装,0.81649655,277,2020/7/5 2:48
224,玖姑娘《耘硕说鞋》限量珍藏版图书礼盒 球鞋文化类,46.0,20.0,2020/7/5 2:54,The Party Troll - D1ofaquavibe,纯音乐,Dance,2013-02-20,图书,1.0,20,2020/7/5 2:54
225,嘉绒姐姐阿娟女士博拉套装,15.0,4.0,2020/7/5 2:55,三国恋 - Tank,国语,Pop,2006-02-24,,0.0,4,2020/7/5 2:55
226,702#短袖西装套装,20.0,1303.0,2020/7/5 2:55,宠护 - 王理文,国语,Pop,2018-07-27,服装,1.0,1303,2020/7/5 2:55
227,小鱼鱼新款2020夏季女装小香风冰丝上衣短袖简约大气时尚韩版潮女,10.0,333.0,2020/7/5 2:56,其实我想说的还有很多 - 鱼大仙儿,国语,,2019-06-24,服装,0.6484997,333,2020/7/5 2:56
228,尊皇御格  韩版休闲  62016,19.0,2009.0,2020/7/5 9:22,再度重相逢 - 伍佰&China Blue,国语,Pop,2000-10-06,,0.0,2009,2020/7/5 9:22
229,依妮琳8625刺绣前短后长休闲装,6.0,316.0,2020/7/5 9:23,大眼睛 - 梁红,国语,Pop,2004-12-29,,0.0,316,2020/7/5 9:23
230,男款短袖套装 文字刺绣款,12.0,883.0,2020/7/5 9:23,杨花落尽子规啼 - G2er、黄诗扶、国风堂,国语,,2019-05-23,服装,1.0,883,2020/7/5 9:23
231,香辣可口携带方便，外出旅行不可缺少,20.0,306.0,2020/7/5 9:25,一念心清净 - 巫娜,英语,,2010-06-09,运动,1.0,306,2020/7/5 9:25
232,欧版气质针织衫,7.0,324.0,2020/7/5 9:27,想起了你 (片段) - 王恰恰,,,,,0.0,324,2020/7/5 9:27
233,LINE FIRENDS卡通浴室地垫家用进门卫生间门口吸水地毯防滑脚垫子,17.0,880.0,2020/7/5 9:30,Mojito (片段) - 妖蝠,国语,Pop,2020-06-12,家装,0.6099686,880,2020/7/5 9:30
234,视频中上衣和百褶裙套装,7.0,108.0,2020/7/5 9:31,"1,2,3,4 (원,투,쓰리,포) - LEE HI",,,,服装,1.0,108,2020/7/5 9:31
235,芥末花开中长款短袖t恤女港风字母印花宽松体恤上衣ins潮下衣失踪,19.0,106.0,2020/7/5 9:31,The D Machine (DJ版) - Croatia Squad,国语,Pop,2020-06-24,服装,0.6098339,106,2020/7/5 9:31
236,习酒 · 陈酿500ml 经典版首发价 每瓶998元【买6瓶发整箱】,28.0,2020.0,2020/7/5 9:34,大哥走路怕过谁 - 二咖(东北话配音),,,,,0.0,2020,2020/7/5 9:34
237,S66蝴蝶女童小皮鞋图案可爱,7.0,470.0,2020/7/5 9:34,有何不可 (墨佰雪) - 华语群星,,,,鞋靴,1.0,470,2020/7/5 9:34
238,气质小西装套装女宽松短袖夏季新款时尚休闲小西服短裤薄款套装,26.0,25.0,2020/7/5 9:37,Time Back - 虞姬、圈妹,纯音乐,Pop,2020-05-09,服装,0.6098339,25,2020/7/5 9:37
239,2926旗袍2件套,10.0,40.0,2020/7/5 9:38,Where Is Your Love - J. Lisk,英语,Dance,2017-02-06,服装,1.0,40,2020/7/5 9:38
240,空军运动休闲鞋男女情侣款小白鞋全白奶白红两色,67.0,24.0,2020/7/5 9:38,匆匆那年 - 王菲,国语,Pop,2014-11-05,运动,1.0,24,2020/7/5 9:38
241,2020夏季新款时尚女装洋气收腰显瘦小白裙,7.0,3.0,2020/7/5 9:39,花雨落 - 任然,国语,Pop,2019-04-26,,0.0,3,2020/7/5 9:39
242,牛仔高腰阔腿裤608,26.0,147.0,2020/7/5 9:40,孤芳自赏 - 网络歌手,国语,,2019-08-01,服装,0.63867325,147,2020/7/5 9:40
243,阔腿显瘦休闲裤百搭长裤领口上衣简约时尚两件821,6.0,8.0,2020/7/5 9:40,灰姑娘 - 卓依婷,国语,Pop,1994-06-01,服装,0.57735026,8,2020/7/5 9:40
244,湖南农家自制豆腐乳850g/一坛,18.0,305.0,2020/7/5 9:41,喜悦 - 卢小旭,国语,Pop,2012-12-10,,0.0,305,2020/7/5 9:41
245,橄榄核雕核尖十八罗汉手串男女士手链纯手工,7.0,35.0,2020/7/5 9:42,中文山曲的士高 - DJ,,,,饰品,0.70710677,35,2020/7/5 9:42
246,贝拉动物长条枕,16.0,3592.0,2020/7/5 9:48,万有引力 (DJ蒋先生、DJ妖狐jc、DJ李安芳版) - DJ,,,,玩具,0.57735026,3592,2020/7/5 9:48
247,湖南特产美食桃江竹笋原味笋尖300克,17.0,5080.0,2020/7/5 9:49,花灯游 - 封茗囧菌、洛少爷,国语,,2016-06-07,食品,0.70710677,5080,2020/7/5 9:49
248,康师傅红葱头葱香排骨味泡面方便面整箱12桶,65.0,32.0,2020/7/5 9:55,집에 가지마 (不要回家) - GD&T.O.P,韩语,,2019-06-10,食品,1.0,32,2020/7/5 9:55
249,海盗桶玩具叔叔大号插剑木桶刀喷射搞怪创意减压解压桌游,30.0,337.0,2020/7/5 9:57,非酋 - 薛明媛、朱贺,国语,Pop,2017-07-09,玩具,0.53114736,337,2020/7/5 9:57
250,洋气女士小包包2020新款潮时尚百搭菱格链条单肩包夏季网红斜挎包,9.0,988.0,2020/7/5 9:58,情深深雨濛濛 (片段) - 鱼大仙儿,,,,服装,1.0,988,2020/7/5 9:58
251,香秀的美妆店 zenn神仙高光修容鼻阴影脸部提亮瘦脸土豆泥闪粉盘,19.0,998.0,2020/7/5 10:01,MAMAMOO-WIND FLOWER（AKEN Remix） - AKEN,,,,美妆,1.0,998,2020/7/5 10:01
252,厚底帆布鞋,10.0,400.0,2020/7/5 10:02,让我做你的眼睛 (热搜版)(DJ小猫多鱼版) - 子芮,国语,Pop,2018-08-27,鞋靴,1.0,400,2020/7/5 10:02
253,MY001袖衫,23.0,4.0,2020/7/5 10:02,走江南 - 亦伊,国语,Pop,2017-10-12,,0.0,4,2020/7/5 10:02
254,优雅气质连衣裙,34.0,12.0,2020/7/5 10:04,For the Damaged Coda - Blonde Redhead,纯音乐,,2000-06-06,服装,1.0,12,2020/7/5 10:04
255,气质高档旗袍式连衣裙,8.0,3.0,2020/7/5 10:04,风的季节 - 梦涵、梦涵,粤语,Pop,2009-04-09,服装,0.7694781,3,2020/7/5 10:04
256,蓝绮儿2167时尚牛仔连衣裙,41.0,4510.0,2020/7/5 10:06,sans. - Toby Fox,纯音乐,Soundtrack,2015-09-15,服装,1.0,4510,2020/7/5 10:06
257,"8872#（25码，26码，27码,28码需要拍单3天）新款高腰显瘦阔腿裤",9.0,1090.0,2020/7/5 10:08,The Cure - 泽亦龙,英语,Pop,2017-04-16,服装,0.63867325,1090,2020/7/5 10:08
258,方领泡泡袖连衣裙女夏季收腰短袖气质褶皱长裙洋气蕾丝花边A字裙,11.0,102.0,2020/7/5 10:08,同样 - 未知,国语,Pop,2020-03-19,饰品,0.70710677,102,2020/7/5 10:08
259,06月22日10点新品专用链接/抢先加购/新品请下滑到详情页查看,10.0,0.0,2020/7/5 10:09,园游会 (节目) - 欧阳耀莹,,,,,0.0,0,2020/7/5 10:09
260,麻将席DIY沙发垫带孔加厚牛筋条凉席修补线配件材料,138.0,23.0,2020/7/5 10:11,田子坊 - 接个吻，开一枪、TSAR,国语,Pop,2004-08-03,车品,0.70710677,23,2020/7/5 10:11
261,香域湾网红冰淇淋柠檬茶桃桃珍珠奶茶杨枝金露15支+6杯+4筒组合装,50.0,311.0,2020/7/5 10:13,劳作的春夏秋2 (氛围音乐) - 阿鲲,,,,食品,1.0,311,2020/7/5 10:13
262,【反季清仓】原599 双面羊绒大衣女中长款赫本小香风毛呢外套,6.0,166.0,2020/7/5 10:14,洪荒之力 (改版) - 沐泽,纯音乐,,2019-09-18,服装,1.0,166,2020/7/5 10:14
263,转运珠套链,6.0,15.0,2020/7/5 10:15,Just Dance - Lady Gaga、Colby O'Donis,,,,,0.0,15,2020/7/5 10:15
264,六粒扣牛仔裤,10.0,258.0,2020/7/5 10:20,愿得一人心 - 赵海洋,国语,Pop,2012-09-22,,0.0,258,2020/7/5 10:20
265,【自然旋律】氨基酸洗面奶洁面乳深层清洁除螨去痘控油去螨虫面部男女150g*2,15.0,2088.0,2020/7/5 10:21,Happy Ending - Ludwig Amadeus,英语,Pop,2004-05-13,电器,0.6666666,2088,2020/7/5 10:21
266,安迪推荐【气质套装】,9.0,72.0,2020/7/5 10:22,凤凰展翅 (DJ小黑版) - 司徒兰芳、小黑,国语,,2020-02-18,,0.0,72,2020/7/5 10:22
267,背带裤套装女洋气格子直筒裤减龄卡通印花T恤两件套2020夏季新款,9.0,96.0,2020/7/5 10:23,单车 - 庄心妍,粤语,Pop,2001-03-29,服装,0.57735026,96,2020/7/5 10:23
268,半身裙套装小清新甜美洋气减龄小个子显高鱼尾短裙两件套h1821,14.0,17.0,2020/7/5 10:24,花都开了你来不来 - 艾丽娅琪琪格,国语,Pop,2020-05-19,服装,1.0,17,2020/7/5 10:24
269,LJ 家用不粘四孔煎锅,13.0,741.0,2020/7/5 10:27,一千零一次我爱你 - 刘亦泽,国语,Pop,2020-04-15,家装,0.6099686,741,2020/7/5 10:27
270,条纹笑脸短袖,9.0,375.0,2020/7/5 10:27,有什么可惜（烟嗓版） - 张萨,国语,Pop,2020-05-16,服装,1.0,375,2020/7/5 10:27
271,南帅空间  直播高档手动多功能主播桌 电脑桌 升降桌   学习桌  ,34.0,3.0,2020/7/5 10:28,My Love - 网络歌手,英语,Pop,2020-07-10,家装,0.6324555,3,2020/7/5 10:28
272,尊皇御格  韩版休闲  62016,19.0,2060.0,2020/7/5 10:30,再度重相逢 (中四版) - 伍佰&China Blue,,,,,0.0,2060,2020/7/5 10:30
273,斜纹超薄天丝刺绣小菊花牛仔短裤,9.0,493.0,2020/7/5 10:32,感谢缘分让我们相遇 - DJ,国语,Pop,2000-10-06,服装,1.0,493,2020/7/5 10:32
274,8013气质醋酸绑带衬衫连衣裙,7.0,225.0,2020/7/5 10:33,呼吸决定 - 网络歌手,国语,Pop,2020-05-09,服装,0.7694781,225,2020/7/5 10:33
275,欧版气质针织衫,7.0,324.0,2020/7/5 10:33,你是空你是空 - 刘士鸣,国语,Dance,2020-06-23,,0.0,324,2020/7/5 10:33
276,冰丝网红爆品小性感旗袍,8.0,102.0,2020/7/5 10:35,烟雨蒙蒙 - 李茂山,国语,Pop,2001-03-01,服装,1.0,102,2020/7/5 10:35
277,【村意】广西酸臭笋红油酸笋即食下饭菜220克,34.0,751.0,2020/7/5 10:35,儿时 (DJ阿祥版) - DJ、阿祥,,,,,0.0,751,2020/7/5 10:35
278,贵妃壶400毫升,11.0,330.0,2020/7/5 10:36,消愁 (吉他女版) - 玉儿,,,,,0.0,330,2020/7/5 10:36
279,气质小西装套装女宽松短袖夏季新款时尚休闲小西服短裤薄款套装,26.0,27.0,2020/7/5 10:47,Time Back (抖音枪声版) - 未知,国语,,2019-11-10,服装,0.6098339,27,2020/7/5 10:47
280,纯色重磅衬衫女短袖2020夏季新款宽松绣花v领缎面上衣潮S-3XL1202,9.0,406.0,2020/7/5 10:49,爱情里没有谁对谁错 (Live片段) - 吉他的天空,,,,服装,0.6098339,406,2020/7/5 10:49
281,纯羊毛大衣中长款,14.0,32.0,2020/7/5 11:03,可不可以 - 张紫豪,国语,Pop,2018-05-03,,0.0,32,2020/7/5 11:03
282,樱桃泡泡 22102连衣裙,7.0,3551.0,2020/7/5 11:06,胆小鬼 (片段) - 小阿枫,,,,服装,0.63867325,3551,2020/7/5 11:06
283,针织纳米天丝超大弹力衬衫1888,11.0,22.0,2020/7/5 11:07,口是心非 - 杨小壮、鹏鹏,国语,Pop,2020-03-02,服装,1.0,22,2020/7/5 11:07
284,MJJ背带裤两件套,11.0,1850.0,2020/7/5 11:07,想让全世界知道我爱你 (mix) - 兮涵、DJ泽安,国语,Pop,2017-02-22,,0.0,1850,2020/7/5 11:07
285,拼色英文短袖,9.0,865.0,2020/7/5 11:10,旧梦一场 (DJ新南版) - 阿悠悠,,,,服装,1.0,865,2020/7/5 11:10
286,短袖t恤女夏打底衫白色mm超火ins潮2020新款韩版猫咪字母衣服体恤,9.0,499.0,2020/7/5 11:11,点歌的人 - 小阿枫,国语,Pop,2020-03-21,服装,1.0,499,2020/7/5 11:11
287,《Q04》印花T恤B,27.0,5.0,2020/7/5 11:14,妹妹你等着我 (DJ何鹏版) - 德惠他宝哥,,,,服装,0.70710677,5,2020/7/5 11:14
288,轩椽阁 纯铜香炉喜上眉梢家用室内创意仿古茶道熏香炉盘香炉摆件,30.0,154.0,2020/7/5 11:16,大団円 - 川井憲次,国语,Electronica,2020-06-10,家装,0.6099686,154,2020/7/5 11:16
289,《九宫格摄影》带你系统学习摄影，全面提升你的摄影水平！,6.0,137.0,2020/7/5 11:17,Rewrite The Stars (Lucian Dai Remix) - Zac Efron、Zendaya、戴溶萱(Lucian Dai),纯音乐,Pop,2020-04-02,文具,0.70710677,137,2020/7/5 11:17
290,蕾丝拼接连衣裙 S-95斤；M-105斤；L-115斤；XL-125斤；XXL-135斤,13.0,1702.0,2020/7/5 11:18,爱久了才会懂 - 未知,国语,Pop,2018-03-27,服装,0.6098339,1702,2020/7/5 11:18
291,希哥家单肩斜挎宽肩带休闲包包百搭款包包,9.0,420.0,2020/7/5 11:29,旧梦一场 (DJ版) - 周森,国语,Pop,2020-04-22,箱包,0.8560698,420,2020/7/5 11:29
292,新款 方扣超高跟鞋 （舒适8-9厘米跟高）单鞋 标准码5858-11,6.0,293.0,2020/7/5 11:38,你的样子 - 小倩,国语,Pop,1995-12-01,鞋靴,0.70710677,293,2020/7/5 11:38
293,半身裙套装小清新甜美洋气减龄小个子显高鱼尾短裙两件套h1821,15.0,17.0,2020/7/5 11:38,花都开了你来不来 (DJ何鹏版) - 艾丽娅琪琪格,,,,服装,1.0,17,2020/7/5 11:38
294,年轻款少女日常新式旗袍改良版连衣裙夏天法式宫廷复古流苏刺绣裙,7.0,36.0,2020/7/5 11:43,赤伶 (DJ耀仔版) - 未知,国语,Pop,2020-06-09,服装,0.7694781,36,2020/7/5 11:43
295,plok2020夏季新款短袖t恤女短款宽松休闲韩版圆领百搭半袖上衣潮,32.0,2.0,2020/7/5 11:46,蔬菜沙拉 - 咕力咕力动画,国语,Children,2002-11-28,服装,0.6098339,2,2020/7/5 11:46
296,超薄天丝牛仔背带裤,12.0,21.0,2020/7/5 11:48,大王叫我来巡山 - 母一帆,国语,Soundtrack,2015-11-11,,0.0,21,2020/7/5 11:48
297,竹子,14.0,256.0,2020/7/5 11:51,Tes River's Hymn - Nine Treasures,蒙语,Metal,2013-12-13,,0.0,256,2020/7/5 11:51
298,DW-蜘蛛侠四件套套装,12.0,1000.0,2020/7/5 11:54,不变的音乐Jealousy - 承利,纯音乐,Pop,2020-05-06,,0.0,1000,2020/7/5 11:54
299,彩色冰丝带扣短袖 H3322 LL,8.0,62.0,2020/7/5 11:54,星月糖 (片段) - 黎林添娇,国语,Pop,2020-05-16,服装,1.0,62,2020/7/5 11:54
300,赢销特种兵之实战篇,49.0,3230.0,2020/7/5 11:55,Cooking - 未知,其他,EasyListening,2019-12-25,,0.0,3230,2020/7/5 11:55
301,【4岁+】思维大陆色彩层层叠 空间思维 逻辑推理,21.0,230.0,2020/7/5 11:56,来吧展示 - 崔老板、DJ阿金,国语,Dance,2020-05-09,,0.0,230,2020/7/5 11:56
302,习酒 · 陈酿500ml 经典版首发价 每瓶998元【买6瓶发整箱】,28.0,2020.0,2020/7/5 11:56,大哥走路怕过谁 (片段) - 二咖(东北话配音),,,,,0.0,2020,2020/7/5 11:56
303,简约条纹防晒衫外套6621,15.0,281.0,2020/7/5 12:01,背对背拥抱 (DJ版) - 电音老傅,国语,Dance,2020-07-08,美妆,1.0,281,2020/7/5 12:01
304,石斛干货 花旗参 麦冬一袋250克,16.0,177.0,2020/7/5 12:02,风情万种 - 沙粒小姐,国语,Pop,2020-05-29,,0.0,177,2020/7/5 12:02
305,小鱼鱼新款2020夏季韩版时尚女装双口袋白衬衫五分袖T恤舒适潮女,8.0,435.0,2020/7/5 12:04,感官先生 - 七夕,国语,Pop,2019-07-05,饰品,0.70710677,435,2020/7/5 12:04
306,妈妈连衣裙夏装高贵洋气2020新款阔太太旗袍中年女春装裙子中老年,8.0,1620.0,2020/7/5 12:05,水墨丹青 - 李玉刚,国语,Pop,2010-12-28,服装,0.7694781,1620,2020/7/5 12:05
307,【反季特价】原349 韩国小姐姐毛呢大衣女中长款韩版气质呢子外套,8.0,392.0,2020/7/5 13:00,太阳 - 程jiajia,国语,Pop,2019-09-24,服装,0.81649655,392,2020/7/5 13:00
308,时尚个性透气微透款上衣,7.0,178.0,2020/7/5 13:03,我爱你不问归期 - 未知,国语,Pop,2020-04-17,服装,1.0,178,2020/7/5 13:03
309,斜纹超薄天丝刺绣小菊花牛仔短裤,9.0,502.0,2020/7/5 13:10,感谢缘分让我们相遇 (片段) - DJ,,,,服装,1.0,502,2020/7/5 13:10
310,【厂家直销✅】民国风女复古文艺唐装禅修服日常汉服中国风改良旗,29.0,7.0,2020/7/5 13:10,我是云南小姑娘 - 阿哪,国语,Pop,2017-05-25,服装,1.0,7,2020/7/5 13:10
311,8013气质醋酸绑带衬衫连衣裙,7.0,227.0,2020/7/5 13:10,呼吸决定 (女声版片段) - 网络歌手,国语,Pop,2020-05-09,服装,0.7694781,227,2020/7/5 13:10
312,刺绣系带麻衬衫,12.0,309.0,2020/7/5 13:22,童话 - 未知,国语,Pop,2005-01-21,服装,1.0,309,2020/7/5 13:22
313,无袖T恤,6.0,57.0,2020/7/5 13:22,울고 싶지 않아 (Don't Wanna Cry) - SEVENTEEN,,,,服装,0.70710677,57,2020/7/5 13:22
314,三娘酷帅套装,11.0,62.0,2020/7/5 13:24,想见你想见你想见你 - 王俊凯、星火飞行器、Any安伟、王北车、叶子、逯通、郭锐,,,,,0.0,62,2020/7/5 13:24
315,双色修容棒鼻梁鼻影立体脸部v脸神器,8.0,36.0,2020/7/5 13:24,小宇 (片段) - 蓝心羽,国语,,,美妆,1.0,36,2020/7/5 13:24
316,江南造寸1-8833款上衣 1XL~6XL,10.0,1540.0,2020/7/5 13:28,爱上一朵花 - 任立佳、吴瑶,国语,Pop,2018-08-15,服装,1.0,1540,2020/7/5 13:28
317,2020年夏季新款金色水钻尖头高跟鞋女细跟性感包头凉鞋女时尚百搭,9.0,130.0,2020/7/5 13:28,热火斯卡拉 - 艾妞姐姐,其他,Dance,2019-07-16,服装,1.0,130,2020/7/5 13:28
318,小鱼鱼新款2020夏季韩版时尚女装双口袋白衬衫五分袖T恤舒适潮女,8.0,437.0,2020/7/5 13:29,感官先生 (Live片段) - 七夕,,,,饰品,0.70710677,437,2020/7/5 13:29
319,牛仔高腰阔腿裤608,25.0,147.0,2020/7/5 13:34,孤芳自赏 (改编版) - 网络歌手,国语,Pop,,服装,0.63867325,147,2020/7/5 13:34
320,TTOUCHME深蓝533香水沐浴露乳液原创香体男女士香氛留香网红 同款,33.0,22000.0,2020/7/5 13:35,Natural - Spice Mangos,,,,美妆,0.70710677,22000,2020/7/5 13:35
321,短袖t恤女夏打底衫白色mm超火ins潮2020新款韩版猫咪字母衣服体恤,9.0,515.0,2020/7/5 13:50,点歌的人 (片段) - 小阿枫,国语,,2020-04-24,服装,1.0,515,2020/7/5 13:50
322,2020新款条纹T恤,19.0,6.0,2020/7/5 13:56,浪子回头 (改编版) - 大石桥联盟,,,,服装,1.0,6,2020/7/5 13:56
323,62711 新款哈伦裤 XL--4XL ,6.0,1340.0,2020/7/5 14:48,微微 - 傅如乔,纯音乐,Dance,2020-07-14,服装,0.7694781,1340,2020/7/5 14:48
324,茵琦饰品 银色 金色菱形流苏  35 ,16.0,653.0,2020/7/5 14:49,Lego House (Live) - Ed Sheeran,英语,Pop,2014-09-23,饰品,1.0,653,2020/7/5 14:49
325,2020夏装新款性感吊带上衣时尚高腰宽松阔腿裤两件套洋气减龄套装,9.0,125.0,2020/7/5 15:14,DDU-DU DDU-DU (DJ版) - 沐泽,,,,内衣,0.70710677,125,2020/7/5 15:14
326,六粒扣牛仔裤,10.0,259.0,2020/7/5 15:26,愿得一人心 (钢琴版) - 赵海洋,纯音乐,EasyListening,2016-03-26,,0.0,259,2020/7/5 15:26
327,高级感洋气鳄鱼纹小方包网红手提包2020新款潮单肩包女百搭斜挎包,9.0,470.0,2020/7/5 15:29,My Boyfriend Is Gay - Hailey Rowe,,,,服装,1.0,470,2020/7/5 15:29
328,【仙子数学大招课】突破4种方法，熟练运用极化恒等式,42.0,13.0,2020/7/5 15:29,Don't Go (Giving Your Love Away Live) - Sonia Dada,英语,Pop,2018-12-25,,0.0,13,2020/7/5 15:29
329,plok2020夏季新款短袖t恤女短款宽松休闲韩版圆领百搭半袖上衣潮,32.0,2.0,2020/7/5 15:38,蔬菜沙拉 - 未知,国语,Children,2002-11-28,服装,0.6098339,2,2020/7/5 15:38
330,皮衣,10.0,12.0,2020/7/5 15:45,大大大 - 陈沈,,,,服装,0.70710677,12,2020/7/5 15:45
331,无袖T恤,6.0,57.0,2020/7/5 15:46,울고 싶지 않아 (Don't Wanna Cry) (不想哭) - SEVENTEEN,,,,服装,0.70710677,57,2020/7/5 15:46
332,2020年夏季新款金色水钻尖头高跟鞋女细跟性感包头凉鞋女时尚百搭,9.0,130.0,2020/7/5 15:50,热火斯卡拉 (DJ版) - 艾妞姐姐,,,,服装,1.0,130,2020/7/5 15:50
333,【1盒30包】太太胶原蛋白固体饮料水解肽精华粉，颜值保鲜,95.0,3400.0,2020/7/5 16:01,Dance Monkey - Tones And I,纯音乐,,2020-02-18,美妆,1.0,3400,2020/7/5 16:01
334,地板革自粘PVC地板革厚度1.8mm,12.0,545.0,2020/7/5 16:23,阿果吉曲 (最火版) - 未知,,,,,0.0,545,2020/7/5 16:23
335,雪尼尔 沙发垫,10.0,3.0,2020/7/5 16:28,疯掉 - 袁熙曼,,,,,0.0,3,2020/7/5 16:28
336,【丹妮优品】香香菱格珍珠包305,15.0,261.0,2020/7/5 16:31,美丽的神话 - 纯音乐,,,,饰品,1.0,261,2020/7/5 16:31
337,简约条纹防晒衫外套6621,15.0,281.0,2020/7/5 16:51,背对背拥抱 (DJ版) - 谭晓晨、歌者凌风、小可（热曲）,国语,Dance,2020-06-29,美妆,1.0,281,2020/7/5 16:51
338,妈妈连衣裙夏装高贵洋气2020新款阔太太旗袍中年女春装裙子中老年,8.0,1700.0,2020/7/5 16:56,水墨丹青 (Live) - 李玉刚,,,,服装,0.7694781,1700,2020/7/5 16:56
339,【全锋】搅拌器混凝土水钻打灰搅灰杆拌机水泥砂浆拌灰搅灰神器,19.0,28.0,2020/7/5 18:10,放手一搏 (DJ版) - 三郎,国语,Pop,2020-05-01,,0.0,28,2020/7/5 18:10
340,欧韩版女装亚麻套装,14.0,18.0,2020/7/5 18:12,一寒辞 - 音阙诗听、流芒菌,,,,服装,1.0,18,2020/7/5 18:12
341,U.VN 发光休闲时尚运动套装女夏季韩版宽松短袖t恤短裤健身两件套,10.0,28.0,2020/7/5 18:18,"Luv(sic.), Pt. 3 - Nujabes、Shing02",英语,Soundtrack,2006-04-10,服装,0.7694781,28,2020/7/5 18:18
342,电动清缝机锥刀开槽清理扩缝工具瓷砖地板清缝机,13.0,3.0,2020/7/5 18:19,ᥓᥣᥭᥰ ᥟᥣᥢ ᥐᥧᥭᥱ - July Tun,,,,车品,0.77955955,3,2020/7/5 18:19
343,露肩吊带单排扣小衫遮肉减龄显瘦 防走光百褶短半身裙二件套装,11.0,44.0,2020/7/5 18:19,此情一直在心间 - 花姐,国语,Pop,2020-05-14,服装,1.0,44,2020/7/5 18:19
344,街边儿一次性烧烤炉环保无烟室内户外野餐炭烤简易便携次日达包邮,27.0,215.0,2020/7/5 18:20,玛卡巴卡 - 陈不羞羞呀,国语,,2020-03-07,运动,0.5465288,215,2020/7/5 18:20
345,2020新款日系夏日学院风衬衫百褶裙套装,14.0,5.0,2020/7/5 18:20,捉泥鳅 (Live) - 庄心妍,国语,,2014-05-05,服装,1.0,5,2020/7/5 18:20
346,恒木森 高档席梦思床垫#600,11.0,14.0,2020/7/5 18:21,夜嗨旋律 - 肖宇帆,,,,运动,0.7729085,14,2020/7/5 18:21
347,陕西洛川红富士80#大果12斤当季新鲜水果包邮,13.0,52.0,2020/7/5 18:34,怪我吧 (DJ沈念版) - 亦伊,,,,食品,1.0,52,2020/7/5 18:34
348,同款4G网络遥控车双电池仓位支架视频传输APP控制,11.0,4.0,2020/7/5 18:36,Seattle Drew and the Reverend Fu (arr. V. Norman) - tim young、United States Army Field Band,,,,车品,1.0,4,2020/7/5 18:36
349,20112牛仔裙,8.0,52.0,2020/7/5 18:39,女孩子都是神明掉人间的可爱鬼 - 芮宝,其他,WorldMusic,2020-07-14,,0.0,52,2020/7/5 18:39
350,可依国风旗袍  网纱法式蚀骨  FH,18.0,133.0,2020/7/5 18:41,广寒宫 - 饭思思,国语,Pop,2019-04-30,服装,1.0,133,2020/7/5 18:41
351,欧瑞博全屋智能家居控制系统别墅大平层公寓智能家居定制解决方案,38.0,5.0,2020/7/5 19:14,Fashion - The Royal Concept,英语,Alternative,2015-08-21,家装,0.99999994,5,2020/7/5 19:14
352,火吧流汁宽粉240g*5包  Q弹爽滑,37.0,17.0,2020/7/5 19:14,冲动的惩罚 - 刀郎,国语,Pop,2004-01-06,箱包,0.5168602,17,2020/7/5 19:14
353,【育儿家教】正版 听孩子说胜过对孩子说 领观家教,27.0,11.0,2020/7/5 19:16,Groovin' High - Lou Donaldson,英语,Jazz,2019-10-16,电器,0.57735026,11,2020/7/5 19:16
354,2020时尚针织V领开衫,9.0,4798.0,2020/7/5 19:18,不谓侠 - CRITTY,国语,Pop,2019-11-15,,0.0,4798,2020/7/5 19:18
355,恒木森 高档席梦思床垫#600,14.0,14.0,2020/7/5 19:19,夜嗨旋律 (Remix) - 肖宇帆,纯音乐,Pop,2020-05-23,运动,0.7729085,14,2020/7/5 19:19
356,男士发胶喷雾定型干胶清香啫喱水膏无味保湿头发造型摩丝发泥发蜡,87.0,25000.0,2020/7/5 20:51,万有引力 - F*yy,国语,Pop,2012-07-16,美妆,1.0,25000,2020/7/5 20:51
357,kelme卡尔美西班牙人19/20赛季 足球服 武磊球员版印字印号球衣,18.0,0.0,2020/7/5 20:52,你的答案 - 阿冗,国语,Pop,2019-11-01,运动,0.70710677,0,2020/7/5 20:52
358,奥迪车标改装发光创意四环装饰车标灯动态中网A3A4LA6Q5Q3前车标,9.0,2.0,2020/7/5 20:52,EA7硬曲 (Remix) - 马天浩,纯音乐,,2019-09-27,运动,0.70710677,2,2020/7/5 20:52
359,柒剑谷【剁椒辣子鸡】瓶装辣椒酱香辣下饭菜205克 包邮,19.0,125.0,2020/7/5 20:53,处处吻 - 亮声open,粤语,Pop,2004-12-01,,0.0,125,2020/7/5 20:53
360,靓影降温剂柠檬清香一秒降温,21.0,20.0,2020/7/5 20:53,馬鹿ふたり - Key Sounds Label,纯音乐,Soundtrack,2005-01-28,,0.0,20,2020/7/5 20:53
361,72115新款冰氧吧潮流修身半袖烫金刺绣潮牌t恤男,4.0,19.0,2020/7/5 20:55,Kalinka (高潮版) - 小猫多鱼,俄语,Dance,2020-05-26,,0.0,19,2020/7/5 20:55
362,岩板圆形茶几金属意式极简储物伸缩小户型轻奢简约现代大理石茶几,14.0,3.0,2020/7/5 21:06,你是人间四月天 - 小阿枫,国语,,2020-07-07,家装,0.57735026,3,2020/7/5 21:06
363,2020三娘耳环,11.0,43.0,2020/7/5 21:07,不愿看到你流泪 (DJ晓鹰版) - 高进,,,,饰品,1.0,43,2020/7/5 21:07
364,马登工装 美式复古头层植糅牛皮快脱扣皮带阿美咔叽消防员腰带男,38.0,447.0,2020/7/5 21:09,抖音最火换装卡点 (抖音完整原版) - 未知,纯音乐,Pop,2020-06-30,饰品,1.0,447,2020/7/5 21:09
365,小鱼教练推荐卡包、送科二科三教学技巧,17.0,14.0,2020/7/5 21:10,最后的倾诉 (并四版) - 刘晓,,,,箱包,0.70710677,14,2020/7/5 21:10
366,冰爽丝拼接真丝缎连衣裙,11.0,14.0,2020/7/5 21:11,Béradêro - Chico César,葡萄牙语,R&B,2007-05-29,服装,1.0,14,2020/7/5 21:11
367,腰部闪钻高腰长裤夏季薄款,13.0,109.0,2020/7/5 21:13,In The End - Tommee Profitt、Fleurie,英语,Metal,2000-10-24,服装,1.0,109,2020/7/5 21:13
368,江南造寸1-8833款上衣 1XL~6XL,6.0,1610.0,2020/7/5 21:14,入骨相思谁人懂 - 暴林、乔玲儿,国语,Pop,2019-05-14,服装,1.0,1610,2020/7/5 21:14
369,木耳边衬衫,8.0,3780.0,2020/7/5 21:14,一千零一次我爱你 - 李浩然,国语,Pop,2020-04-15,服装,1.0,3780,2020/7/5 21:14
370,珍珠手链,8.0,75.0,2020/7/5 21:15,烟雨江南 - 云菲菲,国语,Pop,2015-05-07,饰品,0.70710677,75,2020/7/5 21:15
371,111~蕾蕾自留款中国风盘扣上衣 ,18.0,52.0,2020/7/5 21:18,少女的祈祷 - 杨千嬅,粤语,Pop,2000-09-08,服装,1.0,52,2020/7/5 21:18
372,网面豆豆鞋,11.0,55.0,2020/7/5 21:18,来吧展示 - 熊宝宝,国语,Dance,2020-05-09,运动,0.7729085,55,2020/7/5 21:18
373,三姐妹家吊带连衣裙1193#1129#,6.0,7.0,2020/7/5 21:19,Wonderful U - 张含韵,英语,Pop,2016-03-14,服装,1.0,7,2020/7/5 21:19
374,澜芝  大版美背字母印花T【均码100-160】,8.0,123.0,2020/7/5 21:20,阳光总在风雨后 - 许美静,国语,Pop,1997-01-01,服装,1.0,123,2020/7/5 21:20
375,夏季新款时尚百搭单肩斜跨包,6.0,89.0,2020/7/5 21:21,微笑吧 (DJ改版) - 张一阳,国语,Dance,2020-05-21,服装,1.0,89,2020/7/5 21:21
376,妙兮家 夏季新款  双领蕾丝钩花打底,7.0,1210.0,2020/7/5 21:29,男人女人都不睡 - 69、DJ蒋先生、虞姬、多多,纯音乐,Pop,2020-04-24,,0.0,1210,2020/7/5 21:29
377,汽车门槛条,13.0,66.0,2020/7/5 21:32,有多少 (DJ版) - 孙方,国语,,2020-01-10,车品,0.70710677,66,2020/7/5 21:32
378,疯味世代  风干牛肉五香/麻辣味100元3包，200元7包，每包 100g,89.0,32.0,2020/7/5 21:34,いいのかな? - 水谷広実,,,,箱包,0.5168602,32,2020/7/5 21:34
379,20112牛仔裙,8.0,54.0,2020/7/5 21:35,女孩子都是神明掉人间的可爱鬼 (Remix) - 芮宝,纯音乐,Soundtrack,2013-12-25,,0.0,54,2020/7/5 21:35
380,2020夏季大码宽松显瘦半袖,10.0,27.0,2020/7/5 21:40,Rendez-Vous Sur La Costa Del Sol (DJ版) - DJ,英语,Dance,2015-10-30,服装,1.0,27,2020/7/5 21:40
381,【厂家直销✅】汽车香水摆件吉象葫芦车内摆件车载装饰品马车香水,7.0,40.0,2020/7/5 21:40,四块五 - 王晴音乐,国语,,2020-02-14,美妆,1.0,40,2020/7/5 21:40
382,C126贴布牛仔八分裤 ,7.0,681.0,2020/7/5 21:45,胖子多棒 (片段) - 李有诗,,,,服装,1.0,681,2020/7/5 21:45
383,低卡冰激凌桶装方糕雪糕低脂蛋糕无蔗糖冰淇淋9杯,179.0,127.0,2020/7/5 21:48,梦中的太阳 - 洛桑甲措,,,,食品,1.0,127,2020/7/5 21:48
384,2020夏季新款连衣裙大码女装舒适苎麻数码花圆领撞色盘扣长裙8227,15.0,21.0,2020/7/5 22:12,知道不知道 - 刘韵,国语,Pop,2012-02-18,数码,1.0,21,2020/7/5 22:12
385,脚蹬拉力器仰卧起坐瘦肚子辅助健身瑜伽器材家用弹力绳,7.0,312.0,2020/7/5 22:15,oh boby 看不到你 - 69,,,,运动,0.6345175,312,2020/7/5 22:15
386,PLAY正品幻想博物馆趣味香氛6合1洗护套装2洗2护2发膜洗护发珠珠,29.0,9.0,2020/7/5 22:21,Blueming (改编版片段) - 张大千子,,,,,0.0,9,2020/7/5 22:21
387,9943破洞珍珠牛仔裤,15.0,276.0,2020/7/5 22:25,口是心非 - 丫蛋蛋(马启涵)、崔铭嘉,国语,Pop,2020-03-02,饰品,1.0,276,2020/7/5 22:25
388,云耕物作暖姜红糖浓姜红糖姜茶独立包装盒装96g,56.0,55.0,2020/7/5 22:28,UNINE手写科普室--幕后大公开 - 未知,,,,,0.0,55,2020/7/5 22:28
389,岩板圆形茶几金属意式极简储物伸缩小户型轻奢简约现代大理石茶几,12.0,3.0,2020/7/5 22:29,你是人间四月天 (片段) - 小阿枫,国语,,2020-04-05,家装,0.57735026,3,2020/7/5 22:29
390,卡通亲子毛衣,10.0,343.0,2020/7/5 22:34,串烧 - 69、娜娜丽莎、虞姬、小可,,,,服装,1.0,343,2020/7/5 22:34
391,Croxx Benny墨夜之心美妆蛋干湿两用不吃粉化妆工具气垫海绵粉扑,29.0,9177.0,2020/7/5 22:34,Old Threads - Deep East Music,纯音乐,Pop,2019-05-16,美妆,1.0,9177,2020/7/5 22:34
392,【不会掉的呼啦圈】懒人运动健身收腹美腰神器T9,11.0,2620.0,2020/7/5 22:36,万有引力 - 坏小欠,,,,运动,1.0,2620,2020/7/5 22:36
393,经典百搭水桶包5502,7.0,346.0,2020/7/5 22:36,遥远的你 - 美樱桃,国语,Pop,2018-12-02,服装,1.0,346,2020/7/5 22:36
394,【预售十天发货】苎麻重工刺绣民族风衬衫,8.0,88.0,2020/7/5 22:37,你的万水千山 - 海来阿木,,,,服装,1.0,88,2020/7/5 22:37
395,厚力兄妹团 麦克风领夹手机录音采访vlog单反收音麦声控话筒WJ,15.0,7.0,2020/7/5 22:37,最远的你是我最近的爱 - 孙艺琪,,,,数码,0.6580853,7,2020/7/5 22:37
396,【原创手绘】华为nova7se/小米10pro/小米9/pro个性玻璃手机壳,14.0,270.0,2020/7/5 22:50,来给生活比个耶 - 沈木,国语,Pop,2020-05-22,数码,0.7962466,270,2020/7/5 22:50
397,M-4XL大码牛仔短裤两件套夏季新款大码女装宽松短袖t恤洋气5009,8.0,466.0,2020/7/5 22:53,欢喜就好 (DJ在忠、DJ河源小天版) - 陈雷,闽南语,Pop,2019-08-31,服装,0.7771102,466,2020/7/5 22:53
398,新疆西尔丹雪莲辣椒丝甜椒酱190g*5瓶五种口味牛肉辣椒丁炒米粉酱,37.0,8.0,2020/7/5 22:57,新疆味道 - 王洋,国语,Pop,2016-06-06,,0.0,8,2020/7/5 22:57
399,靓小靓 6月30号新品630当季新品,6.0,1.0,2020/7/5 23:02,千本樱 (钢琴版) - 昼夜,,,,,0.0,1,2020/7/5 23:02
400,纯羊毛大衣,10.0,3.0,2020/7/5 23:04,爱的可能 - 师硕晗,国语,Pop,2003-12-30,,0.0,3,2020/7/5 23:04
401,情深深 重磅仿香云纱旗袍,7.0,23.0,2020/7/5 23:08,雨碎江南 (琵琶版) - 纯音乐,,,,服装,1.0,23,2020/7/5 23:08
402,2020新款亮片字母（ABC）T（90-180斤）,7.0,1510.0,2020/7/5 23:08,三月里的小雨 - 王恰恰,国语,,2019-06-04,,0.0,1510,2020/7/5 23:08
403,《黄金屋》过得刚好 郭德纲正版 包邮 ,110.0,29.0,2020/7/5 23:18,失而复得 - 未知,国语,,2020-04-26,,0.0,29,2020/7/5 23:18
404,Skechers斯凯奇女鞋2020新款字母熊猫鞋13165,7.0,55.0,2020/7/5 23:18,Woman - BoA,韩语,Dance,2018-10-24,运动,0.7729085,55,2020/7/5 23:18
405,手游键盘鼠标转换器5件套,24.0,190.0,2020/7/5 23:22,那些你很冒险的梦 (片段) - 刘大壮,国语,,2020-03-10,数码,1.0,190,2020/7/5 23:22
406,【原创手绘】华为nova7se/小米10pro/小米9/pro个性玻璃手机壳,13.0,270.0,2020/7/5 23:22,来给生活比个耶 (全网热播版) - 沈木,英语,,2019-11-15,数码,0.7962466,270,2020/7/5 23:22
407,锦鲤款 经典旗袍 ,8.0,58.0,2020/7/5 23:23,笑看风云 (片段) - 阿梨粤,粤语,Pop,1995-01-01,服装,1.0,58,2020/7/5 23:23
408,V领直筒连衣裙66207,8.0,156.0,2020/7/5 23:28,毛不易《像我这样的人》就不用借酒《消愁》啦《二零三》 - 李光春,国语,Pop,2017-08-19,服装,1.0,156,2020/7/5 23:28
409,拉链黑T均码128，大洞蓝牛仔裤178,12.0,199.0,2020/7/5 23:31,后来-再听已是曲中人 - 未知,国语,,2008-03-03,,0.0,199,2020/7/5 23:31
410,名媛清新气质连衣裙,13.0,9.0,2020/7/5 23:35,旧梦一场 (DJ余小磊版) - 未知,国语,,2020-06-30,服装,1.0,9,2020/7/5 23:35
411,【厂家直销❤】护膝保暖夏季薄款棉办公室空调房运动腿袜套无痕短,6.0,29.0,2020/7/5 23:38,真的不容易 - 庄心妍,国语,Pop,2012-12-11,电器,1.0,29,2020/7/5 23:38
412,63142#拉链收腰连衣裙,10.0,46.0,2020/7/5 23:40,根本你不懂得爱我 - 梁爽凉爽,国语,Dance,2020-05-11,服装,1.0,46,2020/7/5 23:40
413,满满家309  港味复古高腰外套021,15.0,157.0,2020/7/5 23:40,爱的魔法 - 阮豆,国语,,2016-06-07,服装,1.0,157,2020/7/5 23:40
414,【不会掉的呼啦圈】懒人运动健身收腹美腰神器T9,11.0,2620.0,2020/7/5 23:47,万有引力 (枪声版) - 坏小欠,,,,运动,1.0,2620,2020/7/5 23:47
415,经典百搭水桶包5502,7.0,347.0,2020/7/5 23:47,遥远的你 (片段) - 美樱桃,国语,Rap/HipHop,2020-06-20,服装,1.0,347,2020/7/5 23:47
416,【预售十天发货】苎麻重工刺绣民族风衬衫,8.0,88.0,2020/7/5 23:48,你的万水千山 (DJ沈念版) - 海来阿木,国语,Dance,2020-05-22,服装,1.0,88,2020/7/5 23:48
417,YQ 203 耳环 三生三世  三天内发货,15.0,127.0,2020/7/5 23:56,梦中有你 - 陆正信,国语,Pop,2019-05-03,饰品,1.0,127,2020/7/5 23:56
418,【丹妮优品】菱格迷你竖款大胃王斜挎包RG0028,14.0,214.0,2020/7/5 23:56,美丽的神话 - 孙楠、韩红,国语,Soundtrack,2005-09-23,箱包,1.0,214,2020/7/5 23:56
419,【秒杀】北斗儿童AR地球仪（海神蓝灯光版）买一赠四,97.0,1198.0,2020/7/5 23:59,Welcome to Planet Urf - 英雄联盟,纯音乐,Soundtrack,2015-03-01,食品,0.76452196,1198,2020/7/5 23:59
420,大码女装运动风连体裤胖mm收腰显瘦黑色反光宽松连体套装夏,11.0,156.0,2020/7/6 0:00,莫西莫西 - 未知,纯音乐,Pop,2020-06-17,运动,1.0,156,2020/7/6 0:00
421,鑫韵黄金戒指情侣款,7.0,48.0,2020/7/6 0:02,赤伶 (DJ69、DJ虞姬版) - 等什么君,国语,Dance,2020-04-27,饰品,0.70710677,48,2020/7/6 0:02
422,纯羊毛大衣,10.0,3.0,2020/7/6 0:18,爱的可能 (片段) - 师硕晗,国语,Pop,2020-03-21,,0.0,3,2020/7/6 0:18
423,【读万卷】围城 精装 写尽婚姻生活的真相,48.0,28.0,2020/7/6 8:02,七夕情人节为阿美录制 - 谢雨锋,,,,图书,0.70710677,28,2020/7/6 8:02
424,D5010,11.0,370.0,2020/7/6 8:03,回家的路 (完整版) - 69,纯音乐,Dance,2020-03-24,,0.0,370,2020/7/6 8:03
425,【推荐好货❤】保暖运动护膝护腕护踝护肘篮球羽毛球跑步薄款运动,7.0,19.0,2020/7/6 8:04,处处吻 - 于梓贝,粤语,Pop,2004-12-01,运动,0.8396283,19,2020/7/6 8:04
426,【推荐好货❤】保暖运动护膝护腕护踝护肘篮球羽毛球跑步薄款运动,7.0,19.0,2020/7/6 8:06,处处吻 (正式版) - 于梓贝,粤语,,2019-12-31,运动,0.8396283,19,2020/7/6 8:06
427,大力汽修学院 网红试灯神器带200个测量视频,147.0,32000.0,2020/7/6 8:08,Rizky Ayuba-黑人抬棺（雨降天 remix） - 未知,,,,文具,0.70710677,32000,2020/7/6 8:08
428,原厂速腾 迈腾合金车模,26.0,50.0,2020/7/6 8:30,爱情红绿灯 - 徐一鸣,,,,,0.0,50,2020/7/6 8:30
429,200斤大码女装夏季胖MM红色波点网纱拼接修身减龄中长款连衣裙,8.0,115.0,2020/7/6 8:31,你莫走 - 山水组合,其他,,2020-04-13,服装,0.70710677,115,2020/7/6 8:31
430,咪偲图品牌夏季成熟风韩国镂空纱面料(裙长116cm),16.0,23.0,2020/7/6 8:33,没攒一分钱 (DJ版片段) - 王笨笨,国语,Pop,2002-09-01,家装,1.0,23,2020/7/6 8:33
431,兰博  跳绳 电子计数跳绳负重可拆卸跳绳负重跳绳钢丝绳无线跳绳,11.0,1128.0,2020/7/6 8:33,体面 - 周森,国语,Pop,2017-12-25,数码,0.70710677,1128,2020/7/6 8:33
432,龙牙飞鹰体训鞋（升级版）运动休闲作训男鞋轻便防滑铁血君品行,115.0,139.0,2020/7/6 8:36,上劲儿摇 - 网络歌手,其他,Dance,2017-09-27,运动,0.70710677,139,2020/7/6 8:36
433,竹编芭蕉扇,56.0,65.0,2020/7/6 8:39,お断りします -Dempa ga Tenkomo remix- (我拒绝) - 初音ミク,日语,Pop,2012-01-18,,0.0,65,2020/7/6 8:39
434,M大码女装新款休闲七分裤牛仔套装,14.0,2627.0,2020/7/6 8:41,酒梦 - 纯音乐,闽南语,Pop,2019-09-21,服装,0.7612149,2627,2020/7/6 8:41
435,小彭自营麻辣牛排大片牛肉片内蒙古特产川味零食208g包邮,67.0,162.0,2020/7/6 8:49,Die Carpathia - Abenteuer、Wissen,德语,Pop,2013-06-21,食品,0.70710677,162,2020/7/6 8:49
436,韩国whoo后天气丹面部护理套装滋润保湿水乳面霜眼霜精华六件套盒,26.0,348.0,2020/7/6 8:50,Betty Boop - TØm,英语,Electronica,2018-12-28,美妆,0.57735026,348,2020/7/6 8:50
437,马达与发财联合OWOH宠粉专享喵星人&汪星人大礼包,49.0,151.0,2020/7/6 8:55,乙女日和 - 虹音,纯音乐,Soundtrack,2009-08-05,,0.0,151,2020/7/6 8:55
438,【秒杀】北斗儿童AR地球仪（海神蓝灯光版）买一赠四,97.0,1199.0,2020/7/6 8:56,Welcome to Planet Urf (欢迎来到海牛星) - 英雄联盟,纯音乐,Soundtrack,2015-03-01,食品,0.76452196,1199,2020/7/6 8:56
439,粉色男友风潮牌衬衣,7.0,101.0,2020/7/6 8:56,相依为命 - RU,粤语,Pop,2008-09-25,服装,1.0,101,2020/7/6 8:56
440,新款夏天泡泡袖夏季女装温柔风气质女神范法式连衣裙女h7669,15.0,14.0,2020/7/6 9:02,谁 (DJ何鹏版) - 雪十郎,,,,服装,0.769478,14,2020/7/6 9:02
441,《合租吧》男主小雷保命同款金肯JK-DQR21变频智能灶品质生活必备,122.0,1.0,2020/7/6 9:07,情缘等足一辈子 - 非洲刘德华,,,,数码,1.0,1,2020/7/6 9:07
442,【厂家直销❤】护膝保暖夏季薄款棉办公室空调房运动腿袜套无痕短,6.0,30.0,2020/7/6 9:10,真的不容易 (广场舞) - 庄心妍,国语,Pop,2012-12-11,电器,1.0,30,2020/7/6 9:10
443,卡古斯夏季男士金属字母C棒球帽鸭舌帽大码大头围帽子男韩版潮,48.0,3.0,2020/7/7 2:41,Hawai 5.0 - The City Of Prague Philharmonic Orchestra,纯音乐,Soundtrack,2012-06-18,饰品,1.0,3,2020/7/7 2:41
444,港风套装女复古chic宽松休闲格子衬衫搭配小个子显瘦半身裙两件套,12.0,366.0,2020/7/7 2:41,爱情错觉 - M哥,国语,Pop,2019-06-06,服装,0.70710677,366,2020/7/7 2:41
445,周奕宏 oversize夏季3M反光情侣装卡通动漫短袖嘻哈宽松ins男女,5.0,147.0,2020/7/7 2:43,她说 (Live) - 杨丞琳、周深,国语,Pop,2016-10-16,服装,1.0,147,2020/7/7 2:43
446,1005小鸭套装-男,10.0,1580.0,2020/7/7 2:43,不配怀念 - 心歌,国语,Dance,2020-03-24,,0.0,1580,2020/7/7 2:43
447,亲子装连衣裙新,10.0,338.0,2020/7/7 2:46,Kimi No Toriko (抖音完整原版) - 虞姬、圈妹,纯音乐,Pop,2020-05-27,服装,1.0,338,2020/7/7 2:46
448,一口苏达拉腿神器胖mm冰氧吧高腰开叉牛仔裤女2020新款夏薄款裤子,52.0,684.0,2020/7/7 2:46,通天大道宽又阔 - 三叶草演唱组、崔京浩,国语,Soundtrack,2000-08-13,服装,1.0,684,2020/7/7 2:46
449,妙兮家 早秋新款  珍珠娃娃领纯羊毛毛衣,6.0,292.0,2020/7/7 2:47,未来式情歌 (片段) - 丫蛋蛋(马启涵)、刘妥妥,国语,Pop,2020-03-20,饰品,1.0,292,2020/7/7 2:47
450,2020新款夏季时尚潮流套装T70209,9.0,34.0,2020/7/7 2:49,负心的你 (Live版片段) - 海方姐姐,国语,Pop,2019-12-23,,0.0,34,2020/7/7 2:49
451,（男款正码）新款果冻底爆米花透气鞋#980,25.0,483.0,2020/7/7 2:52,女生大姨妈来了到底有多疼?男人们好好疼你女友老婆吧! - 一风之音,,,,运动,0.7729085,483,2020/7/7 2:52
452,2020夏季新款韩版时尚女装s7777765,7.0,22.0,2020/7/7 2:54,玛尼情歌 - 丁靖懿,,,,,0.0,22,2020/7/7 2:54
453,赭颜汉服 萤火之夏配套包包 原创正品汉服配饰中国风手提斜挎包女,15.0,3378.0,2020/7/7 2:54,一剪梅 - 费玉清,国语,Pop,2010-04-23,箱包,1.0,3378,2020/7/7 2:54
454,林坚定私服黑色小心机系带高腰显瘦半身裙女夏百搭A字短裙,24.0,312.0,2020/7/7 2:54,魔动闪霸：对手(live) - 宋立伟,国语,Rap/HipHop,2020-06-14,服装,1.0,312,2020/7/7 2:54
455,ILOVECHOC我爱巧克力2020夏季新款宽松圆领学院风条纹短袖T恤潮,20.0,58.0,2020/7/7 2:57,How You Like That (cover: BLACKPINK) - AZhen,,,,食品,1.0,58,2020/7/7 2:57
456,Y6688旗袍裙妈妈装复古春夏短袖年轻款印花时尚气质女,8.0,197.0,2020/7/7 2:59,对面的小姐姐 - 王Music,国语,Pop,2020-04-07,服装,0.7694781,197,2020/7/7 2:59
457,桑蚕丝短袖,15.0,49.0,2020/7/7 2:59,花桥流水 - 纳兰珠儿、高安,国语,Folk,2012-12-30,服装,1.0,49,2020/7/7 2:59
458,乐佳达2020新款YG520家用投影仪高清手机无线wifi微型投影机墙投3D家庭影院1080p便携式宿舍卧室无屏电视U盘,9.0,83.0,2020/7/7 3:00,只对你说 (片段) - 网络歌手,其他,Pop,2018-09-18,家装,0.6099686,83,2020/7/7 3:00
459,飞乐思眼部按摩仪热敷护眼仪智能眼部按摩器缓解眼疲劳神器眼罩,11.0,165.0,2020/7/7 3:01,If - 丁可,英语,Pop,2011-03-30,数码,1.0,165,2020/7/7 3:01
460,【牧创】创意桌面鱼缸生态圆形玻璃金鱼缸乌龟缸迷你小型造景家用,15.0,39.0,2020/7/7 3:02,Da Froschkini - Barbara Lexa und Rupert Frank,德语,,2010-09-10,家装,0.6099686,39,2020/7/7 3:02
461,9943破洞珍珠牛仔裤,15.0,277.0,2020/7/7 3:11,丫蛋蛋 / 崔铭嘉-口是心非（浩宝 remix） - 未知,,,,饰品,1.0,277,2020/7/7 3:11
462,KF黑全麦吐司面包无添加糖粗粮饱腹低GI健身网红早代餐卡卡业,41.0,1717.0,2020/7/7 3:13,がまんして下さい - 虹音,纯音乐,Soundtrack,2010-03-24,内衣,0.6577781,1717,2020/7/7 3:13
463,74-D17044秋冬季毛呢子外套女韩版双面羊绒大衣,25.0,90.0,2020/7/7 3:13,小鹿乱撞 - RoleX,国语,,2019-07-10,服装,0.70710677,90,2020/7/7 3:13
464,小苏打持久留香洗衣液,10.0,54.0,2020/7/7 3:14,38度6 (改编版) - 音乐盒子,国语,Pop,2020-06-21,,0.0,54,2020/7/7 3:14
465,韩版百搭松紧腰裙裤,8.0,955.0,2020/7/7 3:15,"""可能我撞了南墙才会回头吧""今天你被这首魔性民谣洗脑了吗? - 未知",其他,,2018-11-30,,0.0,955,2020/7/7 3:15
466,寻常小胡  打底T恤女长袖2020夏季新款网红ins潮百搭网纱短款上衣,20.0,416.0,2020/7/7 3:16,Trip - Axero,纯音乐,Dance,2018-01-01,服装,0.70710677,416,2020/7/7 3:16
467,秦巴奶奶陕南农家手工红薯粉条500克,74.0,16000.0,2020/7/7 3:19,重庆婆婆做腊肉 - 阿鲲,纯音乐,,2016-01-07,鞋靴,0.9299225,16000,2020/7/7 3:19
468,Miss AB牛仔连衣裙女夏2020休闲女神范a字方领花瓣中袖中长款裙子,18.0,290.0,2020/7/7 3:20,朝なんぎいの唄~南行きの小船の上で - 村松健,日语,,1991-06-21,服装,1.0,290,2020/7/7 3:20
469,  2020新款低跟拖鞋夹脚凉拖时尚女拖鞋舒适耐穿女鞋,23.0,68.0,2020/7/7 3:22,盘他 - 南方北方,国语,,2019-02-03,,0.0,68,2020/7/7 3:22
470,布丁妹妹 狗狗可食用牙膏牙刷去牙结石清洁口腔清新口气套装,30.0,137.0,2020/7/7 3:22,iKON-Love Scenario（文武贝钢琴版） - 频道背景音乐,英语,Soundtrack,2012-11-09,电器,0.77327967,137,2020/7/7 3:22
471,milkcocoo鬼马少女暗黑系韩系复古方领针织短袖衬衫+褶皱高腰鱼尾,8.0,159.0,2020/7/7 3:23,Thrift Shop - Macklemore & Ryan Lewis、Wanz,英语,Rap/HipHop,2012-10-09,服装,0.6098339,159,2020/7/7 3:23
472,一号店：月下麋鹿晶瓷玄关画,11.0,11.0,2020/7/7 3:24,往事如烟 (DJ版) (改编版) - 精彩鑫,国语,,2019-10-10,,0.0,11,2020/7/7 3:24
473,月子服夏季薄款产后纯棉孕妇哺乳睡衣7月份8怀孕期产妇喂奶家居服,11.0,36.0,2020/7/7 3:25,素颜 - 宋雅萌,国语,Pop,2010-08-18,服装,1.0,36,2020/7/7 3:25
474,崔万志2020年新款改良修身中国风两件套旗袍连衣裙女日常,13.0,164.0,2020/7/7 3:26,蓝色海黑色河 - 69,国语,Dance,2020-05-11,服装,0.7694781,164,2020/7/7 3:26
475,时尚博主人手一件衬衫 防嗮醋酸缎面小众百搭设计感衬衫上衣,15.0,115.0,2020/7/7 3:28,5年了依然喜欢听电音 (DJ版) - 糖糖,其他,Dance,2015-06-10,服装,0.8164966,115,2020/7/7 3:28
476,【精选好课】112堂奥数思维课【送配套讲义】,13.0,106.0,2020/7/7 3:32,Pump - Valentino Khan,英语,Dance,2017-05-26,,0.0,106,2020/7/7 3:32
477,卫仕猫多维猫咪用复合维生素片b2宠物幼猫营养膏品猫藓维生素b 族,40.0,14000.0,2020/7/7 3:33,千与千寻 (口琴版片段) - 纯音乐,,,,,0.0,14000,2020/7/7 3:33
478,汤圆家 夏季新款 品质拼色针织,6.0,83.0,2020/7/7 3:38,Shalala Lala - Vengaboys,英语,Pop,2000-03-13,,0.0,83,2020/7/7 3:38
479,V领直筒连衣裙66207,8.0,158.0,2020/7/7 3:39,毛不易《像我这样的人》就不用借酒《消愁》啦《二零三》 - 未知,国语,Pop,2017-08-19,服装,1.0,158,2020/7/7 3:39
480,淑女民国风旗袍,7.0,58.0,2020/7/7 3:43,это ли счастье? (DJ热搜) - 苏以沫,,,,服装,1.0,58,2020/7/7 3:43
481,mag三文鱼鱼油法斗金毛护肤美毛明眸润宠物狗狗猫咪滑关节营养,55.0,1062.0,2020/7/7 3:45,Summer Summer - C-JET,,,,医药,0.70710677,1062,2020/7/7 3:45
482,麦枳 雨后の天空 鱼尾连衣裙女夏2020新款网纱拼接设计感高腰长裙,7.0,30.0,2020/7/7 3:49,哒嗯哒嗯+大大大 - 戴梦词,,,,服装,1.0,30,2020/7/7 3:49
483,半松紧腰显瘦哈伦牛仔裤Y305,7.0,24000.0,2020/7/7 3:50,百花香 (DJ Candy版) - 魏新雨,韩语,R&B,2020-05-25,,0.0,24000,2020/7/7 3:50
484,HELMET头盔哥天极同款网红个性耐磨粉色篮球室内外七号比赛篮球,17.0,2546.0,2020/7/7 3:51,怎么说我不爱你 - 耀温顺,国语,Pop,2011-06-30,,0.0,2546,2020/7/7 3:51
485,新款亮钻套装,13.0,503.0,2020/7/7 3:52,大眼睛 (女声改编DJ版) - 梁红,,,,,0.0,503,2020/7/7 3:52
486,于谦动物园   ,25.0,508.0,2020/7/7 3:55,兰亭序 - 周杰伦,国语,Pop,2008-10-15,,0.0,508,2020/7/7 3:55
487,“600度小姐姐”~变粉,8.0,49.0,2020/7/7 4:02,september - 小猫多鱼,日语,,2020-05-16,,0.0,49,2020/7/7 4:02
488,OKA欧咔小方块粉底液养肤轻薄控油持久遮瑕粉底膏BB霜学生平价女,192.0,3024.0,2020/7/7 4:04,Heartbreak Hotel - Sophia Ayana,英语,Rock,2020-07-12,美妆,1.0,3024,2020/7/7 4:04
489,一口苏达宝藏单品大码黑色性感侧开叉半身裙中长款女装2020新款夏,37.0,24000.0,2020/7/7 4:05,How You Like That - BLACKPINK,韩语,Rap/HipHop,2020-06-26,服装,0.7612149,24000,2020/7/7 4:05
490,设计感小众条纹半身裙2020新款女夏高腰包臀短裙显瘦不规则A字裙,6.0,555.0,2020/7/7 4:06,My Sunset - Feint,纯音乐,Electronica,2020-02-26,箱包,1.0,555,2020/7/7 4:06
491,杜屁屁桃2020年夏季新款牛仔阔腿裤女高腰显瘦薄款宽松链条直筒裤,10.0,41.0,2020/7/7 4:06,孤芳自赏 (电摇版) - 独钟花臂彦,国语,,2019-09-06,服装,1.0,41,2020/7/7 4:06
492,200斤大码女装夏季胖MM红色波点网纱拼接修身减龄中长款连衣裙,8.0,133.0,2020/7/7 4:07,你莫走 (DJ版) - 未知,国语,Pop,2020-05-23,服装,0.70710677,133,2020/7/7 4:07
493,【顽客】携星出品 一禅小和尚 励志系列 盲盒 设计公仔 可爱潮玩,32.0,2.0,2020/7/7 4:07,如果我变成回忆 - Tank,国语,Pop,2009-05-29,玩具,1.0,2,2020/7/7 4:07
494,KTDA 新款圆领人物喷涂系列travisscott短袖男女情侣嘻哈tee,31.0,36.0,2020/7/7 4:08,无情的谎言 - 庄学忠,国语,Pop,2015-06-15,服装,1.0,36,2020/7/7 4:08
495,JEEP/吉普男鞋2020新款夏季透气潮流百搭帆布鞋 板鞋休闲运动鞋潮,71.0,6.0,2020/7/7 4:14,万有引力 - 汪苏泷,国语,Pop,2012-07-16,服装,1.0,6,2020/7/7 4:14
496,麦枳 雨后の天空 鱼尾连衣裙女夏2020新款网纱拼接设计感高腰长裙,7.0,30.0,2020/7/7 4:18,哒嗯哒嗯+大大大 (DJ版) - 未知,纯音乐,Pop,2020-07-03,服装,1.0,30,2020/7/7 4:18
497,1005小鸭套装-男,10.0,1580.0,2020/7/7 4:19,不配怀念 (DJ版) - 心歌,国语,Dance,2020-03-24,,0.0,1580,2020/7/7 4:19
498,港风套装女复古chic宽松休闲格子衬衫搭配小个子显瘦半身裙两件套,12.0,366.0,2020/7/7 4:40,爱情错觉 (片段) - M哥,国语,,2020-05-31,服装,0.70710677,366,2020/7/7 4:40
499,1：32五菱宏光/长安之星车模,10.0,1626.0,2020/7/7 4:42,凤舞九天 (DJ版) - 新旭,意大利语,Dance,2018-11-22,,0.0,1626,2020/7/7 4:42
500,茵浪足球5号小学生青少年成人训练比赛用球耐磨INLANG五号足球,12.0,3.0,2020/7/7 4:43,干啥呢 (DJ版) - 代慧颖,国语,Pop,2015-12-18,运动,1.0,3,2020/7/7 4:43
501,高品质复古风改良旗袍,8.0,63.0,2020/7/7 4:46,最炫旗袍秀 - 小琢,国语,Pop,2019-07-30,服装,1.0,63,2020/7/7 4:46
502,YOUNG GUNS 保持童心 抵抗恶意 设计师原创款T恤男女款tee潮牌817,26.0,340.0,2020/7/7 4:49,僕が死のうと思ったのは - 中島美嘉,日语,Pop,2013-08-28,服装,1.0,340,2020/7/7 4:49
503,女士气质套装,6.0,51.0,2020/7/7 4:55,只要有你 - 黄晓明、刘涛、周杰、古巨基、马伊琍、黄奕,国语,Pop,2003-07-01,,0.0,51,2020/7/7 4:55
504,衬衫套装女油画风长袖防晒衬衣夏季新款牛仔短裤减龄时尚两件套潮,11.0,25.0,2020/7/7 4:55,同样 - lambert、杨胖雨、PonySoore,国语,Pop,2020-03-19,美妆,1.0,25,2020/7/7 4:55
505,加肥加大码女装200斤胖mm无袖显瘦遮肚吊带小背心打底衫内搭夏季,9.0,318.0,2020/7/7 4:56,最快换装舞 - 刘士鸣,纯音乐,Dance,2020-06-29,内衣,0.99999994,318,2020/7/7 4:56
506,依诗嫚镂空连衣裙,5.0,30.0,2020/7/7 4:58,梁祝 (钢琴演奏版Live) - 纯音乐,纯音乐,WorldMusic,2004-09-20,服装,1.0,30,2020/7/7 4:58
507,三色短袖腰带西服裙（体重125斤以内拍S，偏大）,74.0,33.0,2020/7/7 5:00,某人 - 汪苏泷,国语,,2010-11-15,饰品,1.0,33,2020/7/7 5:00
508,顽皮Happy100噜吸吸猫条70g*4包 - 二四六件起拍，14.9/件,18.0,1655.0,2020/7/7 5:10,冬眠 - 辫儿哥哥,国语,Pop,2019-10-28,箱包,0.5168602,1655,2020/7/7 5:10
509,亿元同款水泥地PU耐磨耐打室外篮球7号标准成人比赛训练篮球,52.0,11.0,2020/7/7 5:11,Don't Stay Away for Too Long - Walton Green,其他,Pop,2020-03-18,,0.0,11,2020/7/7 5:11
510,TheBaller美式短裤街头潮牌刺绣男士休闲百搭时尚高街鲁大诗同款,21.0,50.0,2020/7/7 5:15,烟花易冷 (2019《快乐大本营》现场) - 邓伦,,,,服装,0.70710677,50,2020/7/7 5:15
511,布丁妹妹 狗狗可食用牙膏牙刷去牙结石清洁口腔清新口气套装,30.0,137.0,2020/7/7 5:20,iKON-Love Scenario（文武贝钢琴版） - 未知,英语,Soundtrack,2012-11-09,电器,0.77327967,137,2020/7/7 5:20
512,2020夏季新款宽松印花字母短袖t恤+高腰显瘦牛仔短裤套装两件套女,8.0,74.0,2020/7/7 5:21,Jhak Maar Ke - Neeraj Shridhar、Harshdeep kaur,纯音乐,Pop,2013-03-18,服装,0.6098339,74,2020/7/7 5:21
513,【一只陆同款】Y68新款条纹立领休闲衬衣+K04黑色雪纺西装拖地裤,6.0,27.0,2020/7/7 5:24,如果这就是爱情 - 张靓颖,国语,Pop,2010-02-02,服装,0.7925293,27,2020/7/7 5:24
514,OIOY史迪仔情侣装夏装2020新款ins风宽松百搭不一样t恤女短袖上衣,10.0,1132.0,2020/7/7 5:24,Something Just Like This (Megamix) - AnDyWuMUSICLAND,,,,服装,0.6098339,1132,2020/7/7 5:24
515,T661 亲子装涂鸦印花T恤夏季潮牌宝宝纯棉童装短袖T恤学生上衣服,101.0,9.0,2020/7/7 5:26,兜圈 (片段) - 火鸡,英语,Dance,2017-04-07,服装,0.77330744,9,2020/7/7 5:26
516,Lecoo感应节水宝,15.0,25.0,2020/7/7 5:28,Fade - Alan Walker,纯音乐,Dance,2014-11-19,数码,0.70710677,25,2020/7/7 5:28
517,初涵  减龄显瘦修身上衣+裤子两件套 S-XL,8.0,3760.0,2020/7/7 5:28,百花香 (DJ版) - 魏新雨,国语,Pop,2019-10-09,服装,0.57735026,3760,2020/7/7 5:28
518,灰灰家定制 套装2020年新款女赫本风套装轻熟风休闲套装裙两件套,13.0,43.0,2020/7/7 5:29,等风来 - 刘雨潼、霍尊,国语,Pop,2018-01-04,家装,0.70710677,43,2020/7/7 5:29
519,布丁妹妹 IBEANS宠物卵磷精华素天然狗狗卵磷脂营养补充美毛护眼,48.0,453.0,2020/7/7 5:32,Memories - Maroon 5,英语,Pop,2019-09-20,,0.0,453,2020/7/7 5:32
520,2169#翻领短款露脐上衣,24.0,64.0,2020/7/7 5:32,震撼你心 - 新旭,国语,Pop,2019-06-12,服装,1.0,64,2020/7/7 5:32
521,董小姐高端定制奢华链条腰带醋酸鱼尾连衣裙2020新款夏女神范裙子,9.0,708.0,2020/7/7 5:36,Trampoline - SHAED,英语,Pop,2019-09-26,饰品,1.0,708,2020/7/7 5:36
522,小野智恩 一字领吊带背心女夏内搭短款露脐打底衫甜美设计感上衣,13.0,2538.0,2020/7/7 5:36,Blueming - 张大千子,,,,内衣,0.99999994,2538,2020/7/7 5:36
523,2020年新款时尚潮流夏季套装L62938,10.0,21.0,2020/7/7 5:43,包容 - 郑源,国语,Pop,2010-07-29,,0.0,21,2020/7/7 5:43
524,天然乳胶凉席夏季空调养生席 | 北欧立体水洗双人冰丝凉席三件套,26.0,86.0,2020/7/7 5:43,Stan (热播版) - 歌者林念,纯音乐,Pop,2020-06-03,电器,1.0,86,2020/7/7 5:43
525,Ukiwi纽西之谜黑糖磨砂膏 清洁泥面膜去角质去鸡皮去死皮面部全身,59.0,22.0,2020/7/7 5:49,Micmacs à la gare - Raphaël Beau,纯音乐,Soundtrack,2009-10-19,电器,0.77327967,22,2020/7/7 5:49
526,JOEYJOY  外套女2020夏季新款薄垫肩透气舒适短袖宽松西装外套,10.0,4963.0,2020/7/7 5:50,抖音最火换装卡点 - 苏名哲,纯音乐,Pop,2020-06-30,服装,0.9236211,4963,2020/7/7 5:50
527,小彭自营麻辣牛排大片牛肉片内蒙古特产川味零食208g包邮,72.0,5190.0,2020/7/7 5:51,想你的人没有睡 - 陈淑桦,国语,Pop,1991-12-05,食品,0.70710677,5190,2020/7/7 5:51
528,满满家rn  横条范防晒上衣162,15.0,2630.0,2020/7/7 5:52,Never Say Good Bye - Mario & Nasty,韩语,Soundtrack,2005-12-23,美妆,1.0,2630,2020/7/7 5:52
529,闺蜜装白色高腰裙长短款可选女神范褶皱法式显瘦V领侧开叉连衣裙,8.0,1253.0,2020/7/7 5:56,Blue Sky - 朴世君,英语,Dance,2015-06-30,服装,1.0,1253,2020/7/7 5:56
530,崔万志2020年新款改良修身中国风两件套旗袍连衣裙女日常,13.0,164.0,2020/7/7 5:56,蓝色海黑色河 (DJ版) - 69,国语,Pop,2020-05-08,服装,0.7694781,164,2020/7/7 5:56
531,TIANMEI 甜美【香肩诱惑】白色雪纺衫女性感显瘦一字领短款上衣夏,7.0,145.0,2020/7/7 5:57,幻听 (片段) - 半吨兄弟,其他,,2019-06-12,服装,0.70710677,145,2020/7/7 5:57
532,牛仔半身裙包臀紧身设计感小众性感高腰a字显瘦遮肉短裙新款夏季,6.0,465.0,2020/7/7 5:57,嗯哒嗯哒 (完整原版) - 苏名哲,国语,Dance,2020-06-23,服装,1.0,465,2020/7/7 5:57
533,【陆志廉自制】Chris Luk夏季新款圆领印花男潮T恤三色短袖,40.0,6.0,2020/7/7 6:09,最佳说唱 - 马阿俊,其他,,2019-10-31,服装,0.6098339,6,2020/7/7 6:09
534,王等等微胖定制不规则工装机能风半身裙2020夏新款高腰显瘦a字裙,22.0,3011.0,2020/7/7 6:09,When You Left Me - Stories,英语,,2019-02-22,鞋靴,0.8690301,3011,2020/7/7 6:09
535,【桃夭手作】蒲公英球项链可定制发丝 拍下备注寄件人姓名,27.0,33.0,2020/7/7 6:15,当你 - 林俊杰,国语,Pop,2010-12-08,饰品,1.0,33,2020/7/7 6:15
536,暗非黑厚底增高小白鞋女2020新款松糕百搭休闲帆布鞋女,13.0,33.0,2020/7/7 6:21,カトラリー (餐具) - しゅーず,日语,,2019-09-10,鞋靴,1.0,33,2020/7/7 6:21
537,22号3M反光渐变T恤天使翅膀大印花短袖宽松情侣夏季ins蹦迪上衣潮,6.0,283.0,2020/7/7 6:22,Wake up (Original Mix) - Johnyrighthere,英语,Dance,2014-05-13,鞋靴,0.9299225,283,2020/7/7 6:22
538,红口袋 复古少女桃心链条挂坠项链丝绒choker暗黑爱心lolita项圈,7.0,39.0,2020/7/7 6:31,**最火换装卡点 (完整原版) - 苏名哲,,,,饰品,1.0,39,2020/7/7 6:31
539,（男款正码）新款果冻底爆米花透气鞋#980,25.0,483.0,2020/7/7 6:37,女生大姨妈来了到底有多疼?男人们好好疼你女友老婆吧! - 未知,,,,运动,0.7729085,483,2020/7/7 6:37
540,火龙果爆款T,6.0,700.0,2020/7/7 6:38,最美丽天使 (DJ版) - 唐小力,,,,,0.0,700,2020/7/7 6:38
541,武当三十六路腿法之正踢里合外摆,17.0,109.0,2020/7/7 6:42,despair - LookedatHerFore,纯音乐,,2019-12-23,,0.0,109,2020/7/7 6:42
542,“600度小姐姐”~变粉,8.0,49.0,2020/7/7 6:43,september (抖音DJ热搜版) - 小猫多鱼,纯音乐,Pop,2020-06-18,,0.0,49,2020/7/7 6:43
543,港风韩版痞帅长袖衬衣,10.0,54.0,2020/7/7 6:51,我爱你不问归期 (片段) - 半吨兄弟,国语,Pop,2020-04-17,服装,1.0,54,2020/7/7 6:51
544,性感斜肩连衣裙女2020年夏新款收腰显瘦气质露肩小黑裙设计感小众,9.0,38.0,2020/7/7 6:55,As Long As You Love Me - Justin Bieber,英语,Pop,2012-06-15,服装,1.0,38,2020/7/7 6:55
545,海南三亚树熟大杨桃  4斤装 净果3斤 基地现摘现发 空运包邮,30.0,243.0,2020/7/7 6:59,宁夏 (片段) - 程响Echo,,,,,0.0,243,2020/7/7 6:59
546,布丁妹妹 蒙贝宠物酸奶狗狗零食补钙0乳糖猫咪牛奶羊奶50g*10包,27.0,211.0,2020/7/7 7:02,魔法城堡 - 原来是萝卜丫,国语,Pop,2020-06-29,食品,0.70710677,211,2020/7/7 7:02
547,素衣客2020新款夏季A版改良旗袍印花中国风连衣裙旗袍纯棉,20.0,34.0,2020/7/7 7:04,동거 (同居) - 秋天假期,韩语,Pop,2010-10-07,服装,0.77330744,34,2020/7/7 7:04
548,YOUNG GUNS 保持童心 抵抗恶意 设计师原创款T恤男女款tee潮牌817,26.0,340.0,2020/7/7 7:09,僕が死のうと思ったのは (曾经我也想过一了百了) - 中島美嘉,国语,,2017-03-31,服装,1.0,340,2020/7/7 7:09
549,灰灰家定制 套装2020年新款女赫本风套装轻熟风休闲套装裙两件套,13.0,43.0,2020/7/7 7:11,等风来 (Live) - 霍尊、刘雨潼,国语,Pop,2018-01-04,家装,0.70710677,43,2020/7/7 7:11
550,陶陶麻麻背带裤,15.0,18.0,2020/7/7 7:19,喜欢你 - G.E.M.邓紫棋,国语,Pop,2002-09-01,,0.0,18,2020/7/7 7:19
551,033-醋酸刺绣礼服,16.0,17.0,2020/7/7 7:26,莫问归期 (DJ徐子杨版) - 蒋雪儿,,,,,0.0,17,2020/7/7 7:26
552,鑫韵18K小星星项链6087,7.0,58.0,2020/7/7 7:26,一生回味一面 (Live片段) - 阿悠悠,国语,Pop,2020-03-29,饰品,1.0,58,2020/7/7 7:26
553,性感斜肩连衣裙女2020年夏新款收腰显瘦气质露肩小黑裙设计感小众,9.0,38.0,2020/7/7 7:35,As Long As You Love Me (Acoustic) - Justin Bieber,英语,Folk,2012-11-02,服装,1.0,38,2020/7/7 7:35
554,零度企鹅芝士草莓口味4KG低卡无蔗糖吃不胖冰淇淋冰激凌雪糕,45.0,65.0,2020/7/7 7:43,Toca - Carnage、Timmy Trumpet、KSHMR,英语,Dance,2015-07-10,食品,1.0,65,2020/7/7 7:43
555,董小姐高端定制奢华链条腰带醋酸鱼尾连衣裙2020新款夏女神范裙子,9.0,708.0,2020/7/7 7:53,Trampoline (蹦床) - SHAED,,,,饰品,1.0,708,2020/7/7 7:53
556,生日礼物七彩毛毛虫毛绒玩具卡通公仔女生睡觉夹腿抱枕,10.0,241.0,2020/7/7 7:55,桃花笑 - 锦零,国语,Soundtrack,2019-01-08,玩具,0.81649655,241,2020/7/7 7:55
557,豆柴冻干双拼狗粮内含冻干蛋黄鸡肉鸭肉泰迪金毛柯基全犬种通用粮,52.0,188.0,2020/7/7 7:58,これがオタクの生きる道 - 神前暁,纯音乐,Soundtrack,2011-01-12,,0.0,188,2020/7/7 7:58
558,网红ins风梳妆台led卧室小户型轻奢公主化妆桌小迷你单人,15.0,34.0,2020/7/7 8:17,那时正好 - 李奕遐,国语,Pop,2018-11-14,美妆,1.0,34,2020/7/7 8:17
559,短袖T恤+牛仔短裤(M-XXL),11.0,3540.0,2020/7/7 8:21,男人绝不认输 (DJ版) - 万一,国语,Pop,2016-04-23,服装,0.5206558,3540,2020/7/7 8:21
560,WHOOPSHOP Alonely walk 云彩天使短袖国潮牌宽松情侣休闲嘻哈T恤,14.0,20.0,2020/7/7 8:21,深深深深 (Remix) - DJ,纯音乐,Pop,2020-05-21,鞋靴,0.9299225,20,2020/7/7 8:21
561,小吊带背心女夏季新款蝴蝶结褶皱木耳边外穿百搭抹胸甜美,7.0,111.0,2020/7/7 8:26,La Banda - 者思范Remix,纯音乐,Dance,2015-04-21,内衣,0.81649655,111,2020/7/7 8:26
562,曹婷婷同款ol套装女2020新款高级蓝色衬衫半裙两件套轻熟风职业装,52.0,34.0,2020/7/7 21:21,Don't Play - Jaeger,国语,Pop,2017-01-01,服装,1.0,34,2020/7/7 21:21
563,寻常小胡    西装套装女韩版夏薄款2020新款气质西装半身裙两件套,22.0,284.0,2020/7/7 21:21,Nevada - Vicetone、Cozi Zuehlsdorff,英语,Dance,2016-06-24,服装,1.0,284,2020/7/7 21:21
564,8060牛奶丝二件套,10.0,406.0,2020/7/7 21:22,我从草原来 (Live片段) - 苏晗,国语,Pop,2010-09-30,,0.0,406,2020/7/7 21:22
565,中高考金榜题名款九乘伽业金刚手绳 手艺人泽哥中高考祈福手绳,37.0,9.0,2020/7/7 21:25,盗墓笔记·十年人间 - 昼夜,国语,Pop,2018-07-31,,0.0,9,2020/7/7 21:25
566,时尚雪纺衬衫  jlyy8020+ls2036#,9.0,224.0,2020/7/7 21:30,最美的伤口 - 张禾禾、大石桥联盟蓝天晨、雨萱、北北,国语,Pop,2020-01-01,服装,1.0,224,2020/7/7 21:30
567,望儿山黄金豆棍非物质文化遗产300g*2包,99.0,1690.0,2020/7/7 21:34,The Sounds Of Silence (纯音乐版) - Bandari,纯音乐,NewAge,1998-04-01,饰品,1.0,1690,2020/7/7 21:34
568,歙县冰鲜溪流石斑鱼 净膛400克 满4份包邮,8.0,141.0,2020/7/7 21:34,稻香 - 周杰伦,国语,Pop,2008-10-15,,0.0,141,2020/7/7 21:34
569,【6月29号10点上新】价格未定 更多新品下滑至详情页抢鲜查看！,11.0,0.0,2020/7/7 21:37,凉凉 - 张碧晨、杨宗纬,国语,Soundtrack,2017-02-18,,0.0,0,2020/7/7 21:37
570,2169#翻领短款露脐上衣,24.0,66.0,2020/7/7 21:45,震撼你心 (DJ版) - 新旭,国语,Pop,2019-06-12,服装,1.0,66,2020/7/7 21:45
571,罗伟明红薯片香脆地瓜干蜂蜜味100g*3包,84.0,19000.0,2020/7/7 21:51,Battle Without Honor Or Humanity - 布袋寅泰,纯音乐,Soundtrack,2004-03-31,箱包,0.5168602,19000,2020/7/7 21:51
572,靓小靓圆领灯笼袖柔软显白毛衣巨美茄紫色/南瓜橘/豆沙粉,6.0,53.0,2020/7/7 21:52,大笨钟 - 周杰伦,国语,Pop,2012-12-28,饰品,0.70710677,53,2020/7/7 21:52
573,3023,7.0,12.0,2020/7/7 21:59,Sound of Silence - Emilíana Torrini,英语,Pop,2016-04-07,,0.0,12,2020/7/7 21:59
574,爱你多蓝色之恋砂锅,26.0,17.0,2020/7/7 22:01,Tolliyunu (Neelambari) - 未知,,,,,0.0,17,2020/7/7 22:01
575,小鱼鱼新款2020夏季女装欧货短袖波浪纹褶皱上衣立领T恤显瘦潮女,10.0,94.0,2020/7/7 22:02,画皮 - 小浅,国语,Pop,2020-01-17,服装,0.54410315,94,2020/7/7 22:02
576,22号3M反光渐变T恤天使翅膀大印花短袖宽松情侣夏季ins蹦迪上衣潮,6.0,325.0,2020/7/7 22:05,极限上头Wake up - 光太、DJ,纯音乐,Dance,2020-06-05,鞋靴,0.9299225,325,2020/7/7 22:05
577,这是防拍价别拍 看详情跳Jk&格Lo,14.0,0.0,2020/7/7 22:10,Caged Bird - Alicia Keys,,,,,0.0,0,2020/7/7 22:10
578,林坚定私服黑色小心机系带高腰显瘦半身裙女夏百搭A字短裙,24.0,322.0,2020/7/7 22:32,对手 (Live片段) - 宋立伟,国语,Rap/HipHop,2020-06-14,服装,1.0,322,2020/7/7 22:32
579,夏装新款显瘦套装裙雪纺V领泡泡袖减龄上衣洋气百搭A字裙两件套潮,10.0,70.0,2020/7/7 22:35,同样 - lambert、Pony Soore、杨胖雨,国语,Pop,2020-03-19,饰品,0.70710677,70,2020/7/7 22:35
580,玉春香子南记原创传统中国风汉服女晋制襦裙十二破交领齐腰日常春,19.0,544.0,2020/7/7 22:40,船歌 - 纯音乐,国语,Folk,2004-04-22,服装,1.0,544,2020/7/7 22:40
581,22号3M反光渐变T恤天使翅膀大印花短袖宽松情侣夏季ins蹦迪上衣潮,5.0,325.0,2020/7/7 22:47,攀娘举牌 (DJ版) - 蒋先生,国语,Dance,2020-06-29,鞋靴,0.9299225,325,2020/7/7 22:47
582,郭九九呢 短袖T恤女2020夏季新款bm风修身显瘦短款百搭针织上衣潮,10.0,807.0,2020/7/7 22:52,Industrial Unrest - Jenny Agutter,,,,服装,0.5206558,807,2020/7/7 22:52
583,大码女装运动风连体裤胖mm收腰显瘦黑色反光宽松连体套装夏,11.0,161.0,2020/7/7 23:23,莫西莫西 - 坏小欠,纯音乐,Pop,2020-06-17,运动,1.0,161,2020/7/7 23:23
584,法儿家韩版2020年新款女夏a字长裙子高腰小清新小碎花绿色半身裙,21.0,767.0,2020/7/7 23:25,夏天的风 - 枫宇辰、兰妮,国语,Pop,2020-04-16,服装,1.0,767,2020/7/7 23:25
585,月子服夏季薄款产后纯棉孕妇哺乳睡衣7月份8怀孕期产妇喂奶家居服,11.0,35.0,2020/7/7 23:27,素颜 (Feat.文韬) - 宋雅萌,,,,服装,1.0,35,2020/7/7 23:27
586,2020春夏新款修身休闲时尚套装C06260104,9.0,35.0,2020/7/7 23:37,空空如也 - 蔡妍,国语,Pop,2010-08-18,,0.0,35,2020/7/7 23:37
587,视频中潮流带扣灯笼裤,6.0,56.0,2020/7/7 23:38,你是我拒绝别人的理由 (DJ Candy版) - 赵霏儿,,,,,0.0,56,2020/7/7 23:38
588,【阿lin拯救花】直筒西装短裤女2020高腰垂感薄款宽松休闲五分裤,5.0,288.0,2020/7/7 23:39,萨斯给 - 阿吉野马,国语,Pop,2018-10-17,服装,1.0,288,2020/7/7 23:39
589,郭九九呢 白色短袖t恤女2020夏季新款宽松韩版休闲学生百搭上衣潮,32.0,297.0,2020/7/7 23:56,Homage - Mild High Club,英语,Alternative,2016-08-26,服装,0.6098339,297,2020/7/7 23:56
590,满满家rn  横条范防晒上衣162,15.0,2690.0,2020/7/7 23:57,Never Say Good Bye (绝不说再见) - Mario & Nasty,韩语,Dance,1999-06-07,美妆,1.0,2690,2020/7/7 23:57
591,PRAMY/柏瑞美丝柔蜜粉胡椒粉散粉定妆粉控油持久遮瑕防水防汗自然,80.0,5161.0,2020/7/7 23:59,枉凝眉 - 聆听花蕾,国语,Pop,1987-11-01,食品,0.70710677,5161,2020/7/7 23:59
592,网红ins风梳妆台led卧室小户型轻奢公主化妆桌小迷你单人,15.0,35.0,2020/7/8 0:45,那时正好 (女生版) - 李奕遐,国语,,2020-05-15,美妆,1.0,35,2020/7/8 0:45
593,BIPOLAR 罗密欧的剧本短袖 夏季新品嘻哈宽松潮流街头印花T恤,36.0,35.0,2020/7/8 0:47,好久不见 - 音浪老师,国语,Pop,2007-04-24,服装,0.6098339,35,2020/7/8 0:47
594,滇西小哥旗舰店正宗云南澄江藕粉纯藕粉手工制原味早餐小袋礼盒装,142.0,4788.0,2020/7/8 0:51,Ghost - 陈泳弘,英语,Pop,2019-10-17,食品,0.76452196,4788,2020/7/8 0:51
595,电动清缝机锥刀开槽清理扩缝工具瓷砖地板清缝机,13.0,10.0,2020/7/8 0:59,ᥓᥣᥭᥰ ᥟᥣᥢ ᥐᥧᥭᥱ (片段) - July Tun,,,,车品,0.77955955,10,2020/7/8 0:59
596,广东清远山林散养 168天休眠清远鸡 1000g/袋,29.0,7.0,2020/7/8 1:00,Little Leona - roy haynes,英语,Jazz,2014-01-20,,0.0,7,2020/7/8 1:00
597,自由构造GOLDEN MATRX潮男女港风复古情侣装奶牛衬衫宽松oversize,13.0,462.0,2020/7/8 1:01,爱出发 - TFBOYS,国语,Pop,2013-10-04,服装,1.0,462,2020/7/8 1:01
598,纯手工剁辣椒 湖南特产剁椒酱农家自制手工辣椒酱下饭菜老坛剁椒,44.0,21.0,2020/7/8 1:02,卡农 (浪潮版) - Noble Music Project,纯音乐,Children,2019-10-06,食品,1.0,21,2020/7/8 1:02
599,仙姆Samchak 柏翠丝去黑头鼻贴溶解导出液套装收缩毛孔粉刺闭口女,83.0,4183.0,2020/7/8 1:08,Ain't No Stoppin' Us Now - wayman tisdale,英语,Jazz,2008-10-22,美妆,1.0,4183,2020/7/8 1:08
600,这是防拍价别拍 看详情跳Jk&格Lo,14.0,0.0,2020/7/8 1:33,Caged Bird (Outro) - Alicia Keys,其他,Rap/HipHop,2019-02-15,,0.0,0,2020/7/8 1:33
601,U.VN米杏色手工小花针织开衫外套女2020秋装新款韩版宽松百搭毛衣,6.0,32.0,2020/7/8 1:33,第一次 (Live) - 光良,国语,Pop,2018-02-17,服装,0.57735026,32,2020/7/8 1:33
602,【6月29号10点上新】价格未定 更多新品下滑至详情页抢鲜查看！,11.0,0.0,2020/7/8 1:34,凉凉 (DJ版片段) - 张碧晨、杨宗纬,,,,,0.0,0,2020/7/8 1:34
603, 【蝶入花】百搭宽松休闲马甲,9.0,528.0,2020/7/8 1:36,人的这一生 - 伊笑,国语,Pop,2020-06-07,服装,0.70710677,528,2020/7/8 1:36
604,ICE水水冰】黑色垂感半身裙女2020夏新款不规则绑带开衩显瘦裙子,7.0,106.0,2020/7/8 1:49,情人 - 蔡徐坤,国语,Pop,2020-05-24,服装,1.0,106,2020/7/8 1:49
605,洒哇地咔无线手持吸尘器,27.0,4.0,2020/7/8 1:56,Saint Sophia. Mosaics. Deesis - Sara Anderson,其他,,2012-04-12,电器,1.0,4,2020/7/8 1:56
606,小鱼鱼新款2020夏季女装欧货短袖波浪纹褶皱上衣立领T恤显瘦潮女,9.0,94.0,2020/7/8 1:57,画皮 - 未知,国语,Pop,2020-01-17,服装,0.54410315,94,2020/7/8 1:57
607,佰德隆天天台式纯肉肠两袋装,26.0,2310.0,2020/7/8 2:04,一口一口 - 童可可,国语,WorldMusic,2020-04-07,,0.0,2310,2020/7/8 2:04
608,【CHERRYQ】珍珠Chocker  ▏巴洛克天然珍珠颈链女锁骨链超仙饰品,11.0,62.0,2020/7/8 2:14,The anthem (Unreleased Extended Version) - Onra,,,,饰品,0.8944272,62,2020/7/8 2:14
609,新款帆布鞋,7.0,141.0,2020/7/8 2:18,사랑했나봐 - BOBBY,,,,鞋靴,1.0,141,2020/7/8 2:18
610,【ICE水水冰】港风日式印花衬衫女设计感小众夏外穿雪纺衬衣外套,7.0,428.0,2020/7/8 2:18,太迟 - 王茗,国语,Pop,2020-03-19,服装,0.5,428,2020/7/8 2:18
611,杜屁屁桃2020年夏季新款牛仔阔腿裤女高腰显瘦薄款宽松链条直筒裤,10.0,50.0,2020/7/8 2:20,孤单坠爱 (DJ版) - 庄心妍,其他,Dance,2016-11-11,服装,1.0,50,2020/7/8 2:20
612,双口袋宽松薄款衬衫+萝卜休闲裤99213,5.0,107.0,2020/7/8 2:29,微笑吧 - 未知,国语,Pop,2020-04-08,服装,1.0,107,2020/7/8 2:29
613,现货日本网红猫咪吐司模具猫头猫形土司盒可爱猫猫面包猫型烘焙模,17.0,174.0,2020/7/8 2:36,香草吧噗 - 南拳妈妈,,,,食品,1.0,174,2020/7/8 2:36
614,设计感小众条纹半身裙2020新款女夏高腰包臀短裙显瘦不规则A字裙,6.0,560.0,2020/7/8 2:57,My Sunset (Original Mix) - Feint,纯音乐,Electronica,2011-07-12,箱包,1.0,560,2020/7/8 2:57
615,2020新款女装潮牌休闲套装英文哈伦运动松紧腰时尚百搭小脚,17.0,58.0,2020/7/8 2:58,夏日炎炎有你超甜 (完整原版片段) - 苏名哲,国语,Dance,2020-06-17,运动,1.0,58,2020/7/8 2:58
616,【樊登推荐】如何让你爱人爱上你  一开口就让人喜欢你S,218.0,4250.0,2020/7/8 3:10,瞬间的永恒 (钢琴曲) - 赵海洋,纯音乐,Pop,2013-06-06,,0.0,4250,2020/7/8 3:10
617,ins超火小包包女2020新款高级感网红单肩复古质感手提包,11.0,1340.0,2020-07-09 01:33:15,听妈妈的话 - 藤竹京,国语,Pop,2006-09-05,箱包,0.70710677,1340,2020-07-09 01:33:15
618,哥弟女装2020春夏新款简约拼色翻领POLO衫套头针织衫女A300616,29.0,131.0,2020-07-09 01:34:07,君を忘れてた - Falcom Sound Team jdk,纯音乐,Soundtrack,2007-09-27,服装,1.0,131,2020-07-09 01:34:07
619,三分妄想王者荣耀cos服如梦令嫦娥古风游戏全套套装cospay服装女,11.0,17.0,2020-07-09 01:35:20,三寸天堂 - 严艺丹,国语,Pop,2012-12-18,数码,1.0,17,2020-07-09 01:35:20
620,2020网红同款香薰挂脖风扇 USB充电超长续航 多档模式 360度调节,10.0,4804.0,2020-07-09 01:36:37,いつも何度でも (永远同在) - 伊藤サチコ,日语,Pop,2011-08-03,数码,0.70710677,4804,2020-07-09 01:36:37
621,仰卧起坐辅助器懒人女减腰腹赘肉吸盘式多功能男运动健身减肥神器,7.0,266.0,2020-07-09 01:37:03,Larg - Elgit Doda,其他,Dance,2019-05-28,运动,1.0,266,2020-07-09 01:37:03
622,夏季2020新款女装气质性感修身包臀裙裙子OL短袖显瘦中长款连衣裙,7.0,189.0,2020-07-09 01:37:29,Beautiful Now - Zedd、Jon Bellion,英语,Dance,2015-05-15,服装,0.57735026,189,2020-07-09 01:37:29
623,2020年春季新款韩版时尚洋气百搭上衣+裙子两件套30001.952,9.0,41.0,2020-07-09 01:41:12,没有你陪伴真的好孤单 - 梦然,国语,Pop,2013-09-22,服装,0.70710677,41,2020-07-09 01:41:12
624,INFINT专业实战篮球袜男中筒高帮精英袜毛巾底运动透气袜子叶天,53.0,1879.0,2020-07-09 01:42:03,Early Morning Dreams (Kled Mone Remix) - Kadebostany,英语,Dance,2017-10-08,内衣,1.0,1879,2020-07-09 01:42:03
625,{融图文化} 20几岁不能不懂的社交礼仪常识 ,17.0,2150.0,2020-07-09 01:42:29,Clear Water - Robert Haigh,,,,,0.0,2150,2020-07-09 01:42:29
626,蓝语大码女装胖妹妹mm甜美学院风连衣裙子夏装新款遮肉显瘦a字裙,9.0,713.0,2020-07-09 01:46:46,火影卡点 - 安筱冷,纯音乐,EasyListening,2011-10-30,服装,0.81649655,713,2020-07-09 01:46:46
627,毛绒玩具五彩毛毛虫内含夏凉被,7.0,86.0,2020-07-09 01:48:00,Wrap Me in plastic (片段) - Koka,英语,Dance,2017-10-27,,0.0,86,2020-07-09 01:48:00
628,连衣裙女2020新款高端妈妈夏装重工刺绣裙子,14.0,194.0,2020-07-09 01:48:26,恋人心 - 魏新雨,国语,Pop,2014-06-16,服装,1.0,194,2020-07-09 01:48:26
629,2020安吉黄金叶380新茶250g-500g,25.0,196.0,2020-07-09 01:48:52,Indian Occupation in Kashmir - Arundhati Roy,,,,,0.0,196,2020-07-09 01:48:52
630,新款,8.0,424.0,2020-07-09 01:49:18,今生最爱 - 王飞,国语,Pop,2014-02-01,,0.0,424,2020-07-09 01:49:18
631,王者模型 伽罗手办视频教程材料包 DIY超轻粘土摆件玩偶礼物手工,57.0,2.0,2020-07-09 01:49:43,百战成诗 (3燃情版) (含音效) - 萧忆情Alex、不才、小爱的妈、肥皂菌、笛呆子囚牛、李冠辰、佑旻yomi、情桑_Eric、江晓晖、金弦、周延英（英子-effie）、陌秋离、畅畅酱、章鱼烧正太、潇潇雨、栩影、倪莫问、老虎欧巴、凤冴、令狐襄儿,国语,,2020-05-05,玩具,0.70710677,2,2020-07-09 01:49:43
632,Y6688旗袍裙妈妈装复古春夏短袖年轻款印花时尚气质女,10.0,234.0,2020-07-09 01:51:05,对面的小姐姐 (完整DJ原版) - 王Music,国语,Dance,2020-06-28,服装,0.7694781,234,2020-07-09 01:51:05
633,倍思 数据线理线器魔术贴捆绑线耳机绕线器电源线收纳扎带绳整理,36.0,2856.0,2020-07-09 01:54:36,中国新说唱EP01 RAP01 (Live) - 周汤豪,国语,Rap/HipHop,2018-07-14,电器,0.6340651,2856,2020-07-09 01:54:36
634,休闲时尚套装女夏季2020年新款防晒长袖T恤+吊带短裤子洋气两件套,13.0,103.0,2020-07-09 01:55:48,海阔天空 - DJRE,粤语,Pop,1993-05-01,美妆,1.0,103,2020-07-09 01:55:48
635,荷宝娜微胖定制 方领碎花连衣裙女2020夏胖mm显瘦大码气质雪纺裙,80.0,1318.0,2020-07-09 01:56:40,萨克斯男唱 - 志泽、虞姬,,,,服装,0.84277874,1318,2020-07-09 01:56:40
636,浪漫传奇洗衣液-令,36.0,921.0,2020-07-09 01:57:05,Illusionary Daytime - Shirfine,纯音乐,,2019-11-26,,0.0,921,2020-07-09 01:57:05
637,新款蕾丝改良版中长款旗袍,10.0,234.0,2020-07-09 01:57:32,人间 (片段) - 林子,纯音乐,Pop,2020-06-18,服装,1.0,234,2020-07-09 01:57:32
638,艳敏同款16色星空魔方格眼影盘,14.0,14.0,2020-07-09 01:59:20,紫霞仙子 - 宋瑞、梦瑾,纯音乐,,2019-07-19,美妆,1.0,14,2020-07-09 01:59:20
639,青岛啤酒日期新鲜白啤11度500ml*12听罐啤新品上市,59.0,6511.0,2020-07-09 02:01:48,欧美金曲串烧 - Various Artists,,,,食品,1.0,6511,2020-07-09 02:01:48
640,针织POLO衫+压花短裤99206,9.0,64.0,2020-07-09 02:02:41,成都 - 赵雷,,,,服装,1.0,64,2020-07-09 02:02:41
641,荣景优品3册 口才三绝 为人三会 修心三不口才训练成功励志书籍,53.0,1850.0,2020-07-09 02:04:03,潇湘子 - 霹雳英雄布袋戏,纯音乐,Soundtrack,1997-01-01,图书,0.57735026,1850,2020-07-09 02:04:03
642,陶陶麻麻同款上衣短裤,13.0,98.0,2020-07-09 02:04:30,坦坦荡荡活人间 - 蒋婴,国语,Pop,2019-11-08,服装,0.70710677,98,2020-07-09 02:04:30
643,红口袋 复古少女桃心链条挂坠项链丝绒choker暗黑爱心lolita项圈,7.0,45.0,2020-07-09 02:09:39,F.Physical-La Banda (Matt Hanna Bootleg Morello Malt Remix) - 苏静,,,,饰品,1.0,45,2020-07-09 02:09:39
644,女士家居服,11.0,215.0,2020-07-09 02:12:44,粉红情歌 - 蓝若兮,国语,Pop,2014-05-25,内衣,1.0,215,2020-07-09 02:12:44
645,白色盘扣开衫上衣,10.0,66.0,2020-07-09 02:14:22,有你的快乐 (片段) - 彤仔儿,国语,,2008-05-06,服装,0.70710677,66,2020-07-09 02:14:22
646,国风旗袍连衣裙碎花 S-95斤；M-105斤；L-115斤；XL-125斤,13.0,824.0,2020-07-09 02:14:49,苏幕遮 - 张晓棠,,,,服装,0.6098339,824,2020-07-09 02:14:49
647,生理垫,43.0,2660.0,2020-07-09 02:15:15,123木头人 (片段) - 蓝心羽,国语,Pop,2012-10-18,运动,0.7729085,2660,2020-07-09 02:15:15
648,1837条纹口袋贴布上衣,7.0,509.0,2020-07-09 02:15:41,微笑吧 (女生版) - 毛小国,国语,Pop,2020-05-18,服装,1.0,509,2020-07-09 02:15:41
649,小鱼鱼新款2020夏季女装韩版宽松拼接中长款洋气大版T恤亮片上衣,11.0,140.0,2020-07-09 02:18:52,You - Approaching Nirvana,纯音乐,Electronica,2012-03-24,服装,0.6098339,140,2020-07-09 02:18:52
650,赵晓晓定制 2020春夏新款性感方领连衣裙收腰显瘦气质黑色小心机,7.0,17.0,2020-07-09 02:19:44,Dancing With Your Ghost - Sasha Sloan,英语,Pop,2019-06-28,服装,1.0,17,2020-07-09 02:19:44
651,婷子家 怒推款冰丝西裤JDE 0497 ,14.0,3350.0,2020-07-09 02:20:57,말해! 뭐해? (说！干什么？) - K.Will,,,,服装,1.0,3350,2020-07-09 02:20:57
652,欧瑞博全屋智能家居控制系统别墅大平层公寓智能家居定制解决方案,36.0,5.0,2020-07-09 02:21:24,Fashion (Explicit) - The Royal Concept,韩语,Dance,2020-06-18,家装,0.99999994,5,2020-07-09 02:21:24
653,大腰果2斤,15.0,1570.0,2020-07-09 02:21:50,地下情人 - 何伟图,,,,,0.0,1570,2020-07-09 02:21:50
654,小鱼鱼新款2020夏季女装韩版时尚收腰连衣裙长款仙气显瘦潮流女,10.0,504.0,2020-07-09 02:25:27,父亲写的散文诗 (时光版) - 许飞,国语,Pop,2016-06-17,服装,0.70710677,504,2020-07-09 02:25:27
655,【刘琼严选】时尚修身阔腿裤4650,12.0,160.0,2020-07-09 02:30:56,Better Together - Jack Johnson,,,,服装,1.0,160,2020-07-09 02:30:56
656,张阿星 bm风针织T恤女夏季薄款V领紧身显瘦短款露脐百搭短袖上衣,6.0,487.0,2020-07-09 02:32:09,快速换装 - 安浩凯,英语,Rock,2020-07-10,服装,0.6098339,487,2020-07-09 02:32:09
657,2020夏季300斤特体显瘦半袖,15.0,29.0,2020-07-09 02:35:32,酒吧气氛土嗨 - 宋艳娇,纯音乐,Pop,2020-05-07,,0.0,29,2020-07-09 02:35:32
658,金钻绒防尘免洗卧室地毯,52.0,302.0,2020-07-09 02:58:19,快乐无极限 - 杨紫,,,,数码,0.70710677,302,2020-07-09 02:58:19
659,美甲晶石贵妇猫眼指甲油胶2020年新款网红冰沙冰境宽猫眼胶送磁铁,51.0,3093.0,2020-07-09 02:59:58,Rhythm On the River - Bing Crosby,,,,美妆,1.0,3093,2020-07-09 02:59:58
660,鲁味齐风威海喜饼10个,22.0,4560.0,2020-07-09 03:00:24,亡くなった愛 (Remix) - 落地成盒,国语,Pop,2008-06-29,食品,1.0,4560,2020-07-09 03:00:24
661,北斗月伴地球仪AI+AR双智能交互灯光地球仪( 适合人群3-15岁）,149.0,0.0,2020-07-09 03:02:10,Paris - Else,纯音乐,Electronica,2016-04-19,数码,1.0,0,2020-07-09 03:02:10
662,中国风古典舞蹈练功服女飘逸纱衣表演出服装长款披风渐变色大摆裙,18.0,42.0,2020-07-09 03:10:30,知否知否 - 胡夏、郁可唯,国语,Soundtrack,2019-01-16,服装,1.0,42,2020-07-09 03:10:30
663,三星Galaxy Z Flip 折叠屏 手机 潘多拉紫 8GB+256GB,38.0,12.0,2020-07-09 03:12:51,这样的电你喜欢吗 - 虞姬、齐羽,,,,数码,0.87401694,12,2020-07-09 03:12:51
664,山东小黄瓜脆嫩5斤,15.0,73.0,2020-07-09 03:14:29,Sacrifice - Bandari,,,,,0.0,73,2020-07-09 03:14:29
665,【张思莱教授倾情推荐】《可怕的两岁》两岁孩子正面管教圣经,44.0,11000.0,2020-07-09 03:19:07,Journey - Capo Productions,纯音乐,Pop,2010-01-01,,0.0,1.1w,2020-07-09 03:19:07
666,【坏果包赔】海南小台芒果5斤新鲜热带水果当季包邮,11.0,379.0,2020-07-09 03:22:18,爱拼才会赢 - 中国台湾老杨,闽南语,Pop,2011-09-30,食品,1.0,379,2020-07-09 03:22:18
667,【司制御品】极乐之宴褶裙百迭裙7.15晚八点上架，部分现货,25.0,0.0,2020-07-09 03:42:54,错失风雅 - 伊格赛听、鹿一君、涵木之,国语,Pop,2020-06-06,,0.0,0,2020-07-09 03:42:54
668,香家夹克外套,17.0,37.0,2020-07-09 03:44:15,有何不可 - 紫陌,国语,Pop,2009-01-10,服装,1.0,37,2020-07-09 03:44:15
669,男生纯棉套装,15.0,108.0,2020-07-09 03:44:42,夏天的风 - 刘瑞琦,国语,Pop,2020-04-16,服装,1.0,108,2020-07-09 03:44:42
670,夏装2020新款宽松设计感蕾丝镂空短袖T恤女装中长款紫色上衣女夏,8.0,2006.0,2020-07-09 03:56:39,入戏太深 (DJ kene版) - 承利、kene,,,,服装,0.54410315,2006,2020-07-09 03:56:39
671,男去口臭口气重清新剂持久型便携口腔清洁喷雾口喷除口臭接吻神器,78.0,46000.0,2020-07-09 03:57:39,we will rock you - 未知,英语,Rock,2003-10-28,电器,0.77327967,4.6w,2020-07-09 03:57:39
672,针织上衣+雪纺碎花半身裙,11.0,208.0,2020-07-09 04:04:32,Wanna Be Starting Something - T Stars Deluxe,英语,Electronica,2009-10-06,服装,0.70710677,208,2020-07-09 04:04:32
673,2020年夏季新款气质高档舒适时髦潮流时尚女套装修身百搭d23,6.0,32.0,2020-07-09 04:07:28,不爱我就别伤害我 - 叶筱萱、亚喃,国语,,2019-08-22,服装,1.0,32,2020-07-09 04:07:28
674,大东202O新款,14.0,1.0,2020-07-09 04:12:48,哥哥妹妹 (广场舞) - 胡小宝、门丽,,,,,0.0,1,2020-07-09 04:12:48
675,035-水溶绣品香槟色A版裙,17.0,265.0,2020-07-09 04:14:06,всю жизнь - мавлан музыка,英语,Pop,2018-09-04,,0.0,265,2020-07-09 04:14:06
676,玻璃密封罐 厨房收纳玻璃瓶柠檬蜂蜜瓶泡菜坛子瓶子储物罐,20.0,32.0,2020-07-09 04:14:54,渔舟唱晚 (铃声版) - 纯音乐,国语,,,家装,0.70710677,32,2020-07-09 04:14:54
677,逐本3代森韵植物卸妆油 敏感肌脸部深层清洁卸妆水感清爽乳膏正品,288.0,56000.0,2020-07-09 04:18:34,失眠飞行 (Live) - 海哲明、张梦弘,,,,电器,0.77327967,5.6w,2020-07-09 04:18:34
678,2020夏季韩版学院风海军领大码连衣裙,9.0,4.0,2020-07-09 04:21:05,Vitas《Mama》音轨精曲抒情慢摇 (DJ版) - DJ,,,,服装,1.0,4,2020-07-09 04:21:05
679,张阿星 bm风针织T恤女夏季薄款V领紧身显瘦短款露脐百搭短袖上衣,6.0,487.0,2020-07-09 04:34:21,快速换装 (热播版) - 安浩凯,国语,Dance,2020-07-01,服装,0.6098339,487,2020-07-09 04:34:21
680,三星 Galaxy Note10 手机 麦昆黑（全网通8GB+256GB）,25.0,59.0,2020-07-09 04:36:54,"阿米尔汗又火了!配上雷军的《Are you ok》,太魔性了! - 未知",英语,Rap/HipHop,2015-05-01,数码,0.87401694,59,2020-07-09 04:36:54
681,樱花猫（肥猫）,19.0,220.0,2020-07-09 04:37:21,你好坏哦 我好喜欢 - 小张,其他,,2019-09-09,,0.0,220,2020-07-09 04:37:21
682,佩佩服装  小熊熊T  T267,10.0,67.0,2020-07-09 04:53:18,最后最后还是放开了手 (完整原版) - 苏名哲,国语,Pop,2020-07-02,,0.0,67,2020-07-09 04:53:18
683,【丹妮优品】小熊徽章包MD807预售15天,12.0,2003.0,2020-07-09 04:57:10,后来 - 网络歌手,国语,Pop,2000-01-07,箱包,0.5168602,2003,2020-07-09 04:57:10
684,【坏果包赔】海南小台芒果5斤新鲜热带水果当季包邮,11.0,379.0,2020-07-09 05:00:09,爱拼才会赢 (片段) - 中国台湾老杨,,,,食品,1.0,379,2020-07-09 05:00:09
685,休闲时尚套装女夏季2020年新款防晒长袖T恤+吊带短裤子洋气两件套,13.0,103.0,2020-07-09 05:01:03,海阔天空 (Remix) - DJRE,粤语,Pop,1993-05-01,美妆,1.0,103,2020-07-09 05:01:03
686,ins超火小包包女2020新款高级感网红单肩复古质感手提包,11.0,1340.0,2020-07-09 05:02:44,听妈妈的话 (改编版片段) - 藤竹京,国语,,2019-12-28,箱包,0.70710677,1340,2020-07-09 05:02:44
687,豹纹阔腿裤,7.0,73.0,2020-07-09 05:09:25,我原以为 (片段) - 师硕晗,国语,,2020-02-04,服装,1.0,73,2020-07-09 05:09:25
688,亲子装连衣裙新,10.0,444.0,2020-07-09 05:12:51,Kimi No Toriko (VersiDJRemix) - 未知,印尼语,Dance,2020-02-24,服装,1.0,444,2020-07-09 05:12:51
689,生僻字潮T穿搭白,8.0,32.0,2020-07-09 05:15:05,少年 - 梦然,国语,Pop,2019-11-14,,0.0,32,2020-07-09 05:15:05
690,【芬儿家】领蕾丝印花小衫下牛仔短裤两件套,10.0,148.0,2020-07-09 05:25:15,最美的伤口 (片段) - 北北、舟一、王玉萌,,,,服装,0.70710677,148,2020-07-09 05:25:15
691,Judydoll橘朵小花管唇釉哑光丝绒雾面学生,58.0,10000.0,2020-07-09 05:26:08,Pull Up (Explicit) - Luh Kel,,,,,0.0,1.0w,2020-07-09 05:26:08
692,【丹妮优品】小熊徽章包MD807预售15天,12.0,2010.0,2020-07-09 05:28:07,后来 (大合唱版) - 网络歌手,英语,Pop,2018-08-02,箱包,0.5168602,2010,2020-07-09 05:28:07
693,钱夫人 撞色冰丝套装女短款v领泡泡袖上衣高腰阔腿短裤包臀半身裙,25.0,1719.0,2020-07-09 05:45:52,Better Now (Simon de Wit Cover) - 未知,英语,Rap/HipHop,2018-04-27,饰品,0.70710677,1719,2020-07-09 05:45:52
694,湖南特产美食茶油剁辣椒 下饭菜458g,17.0,622.0,2020-07-09 05:51:15,Foot Of The Mountain - a-ha,德语,,2009-06-13,食品,0.70710677,622,2020-07-09 05:51:15
695,【88元/12听】燕京啤酒 8度 小度酒U8啤酒 特酿清爽整箱罐装包邮,107.0,139.0,2020-07-09 05:52:57,习惯你的好 - 王理文,国语,Electronica,2018-12-26,食品,0.70710677,139,2020-07-09 05:52:57
696,瑜伽形体训练开肩开背棍矫正驼背棒（24小时内发货）,13.0,5070.0,2020-07-09 05:58:18,小半 (Live) - 骆蕾,国语,Pop,2017-10-08,车品,0.77955955,5070,2020-07-09 05:58:18
697,高博士  泡面干拌方便面5包/10包装,21.0,454.0,2020-07-09 06:33:36,一腔诗意喂了狗 - 花粥,纯音乐,,2019-10-22,食品,1.0,454,2020-07-09 06:33:36
698,蓝语大码女装胖妹妹mm洋气减龄背带裙套装夏装新款遮肚显瘦两件套,8.0,693.0,2020-07-09 06:39:03,不配怀念 - 虞姬、锋锋,国语,Dance,2020-03-24,服装,0.99999994,693,2020-07-09 06:39:03
699,梧桐阁汉服明制立领蕾丝短衫＋小金花一片式打孔褶裙,13.0,127.0,2020-07-09 06:40:01,小さい春 - Andre Gagnon,,,,服装,1.0,127,2020-07-09 06:40:01
700,轻奢高端极简风100支埃及棉纯棉四件套 高定三色拼接百搭五星酒店,14.0,16.0,2020-07-09 06:50:59,Right Now (Na Na Na) - am1r,英语,R&B,2008-11-25,服装,0.70710677,16,2020-07-09 06:50:59
701,sunny定制2020夏季新款泰国潮牌小水风气质荷叶边一字肩两件套装,7.0,96.0,2020-07-09 06:53:47,我想更懂你 - 潘玮柏、苏芮,国语,Rap/HipHop,2006-06-23,家装,0.70710677,96,2020-07-09 06:53:47
702,蓝语大码女装胖妹妹mm洋气减龄背带裙套装夏装新款遮肚显瘦两件套,8.0,693.0,2020-07-09 07:42:31,不配怀念 (DJ69、DJ虞姬、DJ锋锋版) - 69、虞姬、锋锋,国语,Dance,2020-03-24,服装,0.99999994,693,2020-07-09 07:42:31
703,一号店：圆形晶瓷画系列,10.0,38.0,2020-07-11 01:01:54,慕夏 (DJ超文艺版) - 等什么君,,,,,0.0,38,2020-07-11 01:01:54
704,玛丽珍胖胖鞋休闲舒适软底松糕鞋时尚韩版单鞋浅口,7.0,224.0,2020-07-11 01:06:48,拜拜 - 王巨星,国语,,2019-06-21,鞋靴,0.7960113,224,2020-07-11 01:06:48
705,睦火火 连衣裙20075,11.0,92.0,2020-07-11 01:07:15,一曲红尘 - 艾歌,国语,Pop,2016-07-08,服装,1.0,92,2020-07-11 01:07:15
706,儿童画笔,17.0,737.0,2020-07-11 01:13:57,빙고 - Turtles,韩语,Pop,2004-11-16,食品,0.76452196,737,2020-07-11 01:13:57
707,【司制御品】极乐之宴褶裙百迭裙7.15晚八点上架，部分现货,25.0,0.0,2020-07-11 01:15:36,错失风雅 - 伊格赛听、鹿一君、晗木之,国语,Pop,2020-06-06,,0.0,0,2020-07-11 01:15:36
708,【1年级】幼小衔接减压书包#177#,11.0,694.0,2020-07-11 01:16:54,夏日炎炎有你超甜 (DJ完整版) - 刘士鸣,国语,Dance,2020-06-23,文具,1.0,694,2020-07-11 01:16:54
709,【精选好课】格斗训练20讲（视频课）,46.0,22.0,2020-07-11 01:17:40,Be Your Sun - 新旭,纯音乐,,2019-08-27,电器,0.57735026,22,2020-07-11 01:17:40
710,韵航   特大号龙纹加厚鱼缸,53.0,82.0,2020-07-11 01:18:33,梦中的兰花花 (片段) - 李林笛子,,,,,0.0,82,2020-07-11 01:18:33
711,639女童银点套装,10.0,2044.0,2020-07-11 01:19:00,夏日炎炎有你超甜 - 苏名哲,国语,Dance,2020-06-17,,0.0,2044,2020-07-11 01:19:00
712,白色套装,12.0,30.0,2020-07-11 01:19:52,最后的倾诉 (四步) - 刘晓,,,,,0.0,30,2020-07-11 01:19:52
713,PinkyPeach 百搭基础款光版圆圈大金圈耳环简约镂空几何耳环气质,58.0,137.0,2020-07-11 01:21:38,팔레트 - IU、G-DRAGON,国语,Pop,2019-03-22,饰品,1.0,137,2020-07-11 01:21:38
714,高端定制款连衣裙,7.0,76.0,2020-07-11 01:23:31,это ли счастье (热搜版) - 小猫多鱼,国语,Dance,2020-06-01,服装,1.0,76,2020-07-11 01:23:31
715,2020网红太阳镜,24.0,3.0,2020-07-11 01:24:22,只要你爱我 - HuFeng、南叔,,,,饰品,1.0,3,2020-07-11 01:24:22
716,booob牛仔连衣裙女夏季2020年新款薄款收腰显瘦气质泡泡袖裙子潮,9.0,184.0,2020-07-11 01:26:07,魔动闪霸 - Zizzy Z,,,,服装,0.86243534,184,2020-07-11 01:26:07
717,【好麦多】关晓彤代言酸奶桃桃麦片420g非油炸奇亚籽代餐早餐即食,48.0,121000.0,2020-07-11 01:31:04,千与千寻 主题曲《いつも何度でも》 - 里德可以Houche,国语,Rap/HipHop,2020-06-14,食品,0.57735026,12.1w,2020-07-11 01:31:04
718,2020新款舒适宽松睡衣两件套套装,7.0,1180.0,2020-07-11 01:34:57,我怎么这么好看 - 大张伟,国语,Pop,2020-07-10,内衣,1.0,1180,2020-07-11 01:34:57
719,哥弟女装短袖t恤女夏V领镂空针织衫薄款女夏季A300752,27.0,108.0,2020-07-11 01:37:54,君を忘れてた (忘了还有你) - Falcom Sound Team jdk,,,,服装,0.70710677,108,2020-07-11 01:37:54
720,V领泡泡袖连衣裙女装夏季2020新款法式蝴蝶结系带显瘦闺蜜装裙子,10.0,760.0,2020-07-11 01:41:25,爱情主演 (DJ何鹏版) - 默言,国语,Pop,2018-03-14,服装,0.769478,760,2020-07-11 01:41:25
721,宽松字母T恤+开叉阔腿裤,7.0,43.0,2020-07-11 01:42:43,Blueming - 未知,,,,服装,0.70710677,43,2020-07-11 01:42:43
722,毛毛虫系列哈士奇,14.0,484.0,2020-07-11 01:44:22,小星星 - 浪子康,国语,,2019-06-05,,0.0,484,2020-07-11 01:44:22
723,法式复古小众蕾丝连衣裙子超仙女森系2020新款夏收腰显瘦气质轻熟,6.0,220.0,2020-07-11 01:45:38,胖子多棒 - 网络歌手,国语,,2017-06-29,服装,1.0,220,2020-07-11 01:45:38
724,阔腿裤套装小个子显高开叉直筒西装裤+印花字母T恤两件套夏季新款,10.0,363.0,2020-07-11 01:46:04,星光背后 - 贝贝帅,粤语,Pop,2005-09-07,服装,0.57735026,363,2020-07-11 01:46:04
725,肉卷家大码背带裤牛仔糖果色百搭学院风减龄短裤2020夏季新款女装,23.0,292.0,2020-07-11 01:47:25,到底要怎么样 - Lil Ghost小鬼-王琳凯,国语,Pop,2020-04-08,食品,1.0,292,2020-07-11 01:47:25
726,方领泡泡袖连衣裙女夏季收腰短袖气质褶皱长裙洋气蕾丝花边A字裙,9.0,163.0,2020-07-11 01:49:18,不配怀念 - 王摇摆,国语,Dance,2020-03-24,饰品,0.70710677,163,2020-07-11 01:49:18
727,M银灰色U型半头套假发女长卷发大波浪圆脸网红可爱长发接发假发片,9.0,130.0,2020-07-11 01:49:44,蓝色海黑色河+灰色轨迹 - 涛少君,纯音乐,Pop,2020-05-28,,0.0,130,2020-07-11 01:49:44
728,少也眼:/切茜娅之心/不良全刺绣少女jk水手服中间服夏季短袖,7.0,333.0,2020-07-11 01:50:39,室内系的TrackMaker - hanser,,,,服装,1.0,333,2020-07-11 01:50:39
729,【新品】王饱饱咖啡坚果烘焙麦片谷物早餐代餐即食干吃,118.0,5086.0,2020-07-11 01:52:34,一直很安静 - 阿桑,国语,Pop,2005-02-25,食品,0.4082483,5086,2020-07-11 01:52:34
730,2020盈公主新款蝴蝶夹发夹,21.0,367.0,2020-07-11 01:54:18,野孩子 - 亮声Kie,粤语,Pop,2001-09-22,,0.0,367,2020-07-11 01:54:18
731,澳洲进口8切片水钻非常闪交叉水钻女神凉鞋 时尚百搭 高8.5公分,8.0,136.0,2020-07-11 02:05:02,零几年听的情歌 (片段) - 嘻嘻琳,国语,Pop,2020-03-16,鞋靴,1.0,136,2020-07-11 02:05:02
732,奶瓶抱枕空调被,13.0,1568.0,2020-07-11 02:08:29,小星星 - 汪苏泷,国语,,2019-06-05,电器,1.0,1568,2020-07-11 02:08:29
733,[竹沫家居]大尺寸麋鹿160*230cm,6.0,356.0,2020-07-11 02:09:30,SOS (片段) - BCD Studio-cg,,,,,0.0,356,2020-07-11 02:09:30
734,2020年春季新款韩版时尚洋气百搭上衣100002.1364,7.0,6.0,2020-07-11 02:09:56,要爱你就来 (DJ版) - AZ珍珍,国语,,2019-09-24,服装,0.70710677,6,2020-07-11 02:09:56
735,【丹妮优品】简约撞色丝巾豆豆包290,14.0,169.0,2020-07-11 02:13:28,堆积情感 - 邝美云,粤语,Pop,1987-07-04,饰品,1.0,169,2020-07-11 02:13:28
736,NPX大头爷联名款书法字体wishtoday纯棉印花T恤,20.0,156.0,2020-07-11 02:14:20,社会人专用DJ - 东子陌,英语,,2019-12-19,服装,0.57735026,156,2020-07-11 02:14:20
737,毛毛虫系列哈士奇,14.0,484.0,2020-07-11 02:15:11,小星星 (片段) - 浪子康,国语,,2020-04-16,,0.0,484,2020-07-11 02:15:11
738,【精选好课】格斗训练20讲（视频课）,46.0,22.0,2020-07-11 02:18:21,Be Your Sun (DJ版) - 新旭,纯音乐,,2019-08-27,电器,0.57735026,22,2020-07-11 02:18:21
739,粉色短袖T恤,7.0,316.0,2020-07-11 02:19:22,乘风破浪向你飘 - 可爱的小团团,国语,Pop,2020-06-09,服装,0.7694781,316,2020-07-11 02:19:22
740,2020年流行套装两件套宽松半大字母T恤搭配五分破洞骑士裤夏季潮,6.0,101.0,2020-07-11 02:22:01,无人之岛 - 任然,国语,Pop,2017-08-31,车品,1.0,101,2020-07-11 02:22:01
741,三只熊香奶粉透冰丝衫,7.0,97.0,2020-07-11 02:23:29,사랑했나봐 (也许爱过吧)(2017蒙面歌王现场) - BOBBY,,,,,0.0,97,2020-07-11 02:23:29
742,Halo nini半袖2020年新款露脐上衣显瘦百搭木耳边抽绳短款t恤女,4.0,3393.0,2020-07-11 02:23:56,Waiting For Love (Remix) - 白一阳,英语,Pop,2020-04-20,服装,1.0,3393,2020-07-11 02:23:56
743,童磊夏季蕾丝微喇七分裤加大码,8.0,814.0,2020-07-11 02:24:49,Darker Than The Light That Never Bleeds (ChesterForeverSteveAokiRemix) - LINKIN PARK、Steve Aoki,,,,服装,1.0,814,2020-07-11 02:24:49
744,厨房微波炉置物架落地多层抽屉式放烤箱调料锅具带轮可移动收纳架,16.0,29.0,2020-07-11 02:26:27,Boys - Lizzo,英语,Dance,2020-03-06,电器,0.70710677,29,2020-07-11 02:26:27
745,2020年新款时尚潮流夏季套装T70162,12.0,30.0,2020-07-11 02:27:20,沉默是金 (合唱版本) - 张国荣、许冠杰,粤语,Pop,1988-06-29,,0.0,30,2020-07-11 02:27:20
746,2020年新款时尚潮流夏季套装L62853,7.0,18.0,2020-07-11 02:27:47,爱情的故事 - 王晴,国语,Pop,1992-11-01,,0.0,18,2020-07-11 02:27:47
747,韩璐 碎花短裤女夏宽松2020新款韩版高腰阔腿裤薄款a字裤子休闲裤,13.0,1132.0,2020-07-11 02:30:12,陷阱 - 蜉蝣Wh,国语,Pop,2018-07-10,服装,0.70710677,1132,2020-07-11 02:30:12
748,小鱼鱼新款2020夏季女装韩版条纹T恤中袖中长款上衣马甲两件套女,10.0,347.0,2020-07-11 02:38:30,"下个,路口,见 - 哦漏",国语,Pop,2009-12-22,服装,0.5206558,347,2020-07-11 02:38:30
749,【星眠喵】展示页面,20.0,0.0,2020-07-11 02:38:56,不分手的恋爱 - 汪苏泷,国语,Pop,2011-09-09,,0.0,0,2020-07-11 02:38:56
750,H010三色树叶耳饰耳环,17.0,912.0,2020-07-11 02:43:38,爱丫爱丫 (慢摇版) - 封茗囧菌,国语,,2016-06-07,饰品,0.70710677,912,2020-07-11 02:43:38
751,阔腿裤套装小个子显高开叉直筒西装裤+印花字母T恤两件套夏季新款,10.0,363.0,2020-07-11 02:46:21,星光背后 (片段) - 贝贝帅,粤语,Pop,2005-09-07,服装,0.57735026,363,2020-07-11 02:46:21
752,小红狗 2020新款女装条纹连衣裙子夏季宽松显瘦短袖长款遮肚长裙,18.0,240.0,2020-07-11 02:48:17,犯错 - 顾峰、斯琴高丽,国语,Pop,2008-12-10,服装,0.57735026,240,2020-07-11 02:48:17
753,方领泡泡袖连衣裙女夏季收腰短袖气质褶皱长裙洋气蕾丝花边A字裙,9.0,163.0,2020-07-11 02:51:49,不配怀念 (抖音完整DJ原版) - 未知,国语,Pop,2020-05-26,饰品,0.70710677,163,2020-07-11 02:51:49
754,时尚小熊三件套,10.0,17.0,2020-07-11 02:52:16,一千个伤心的理由 (片段) - 维艾迪娅,,,,,0.0,17,2020-07-11 02:52:16
755,CHEMAS/车玛仕 太阳能移动电源20000毫安,18.0,12.0,2020-07-11 02:52:43,热门旋律 - 新南,,,,,0.0,12,2020-07-11 02:52:43
756,京夫人网纱连衣裙,10.0,4.0,2020-07-11 02:53:35,我在你眼里到底算什么 (Live片段) - 花姐,国语,Pop,2020-07-14,服装,1.0,4,2020-07-11 02:53:35
757,2020新款妈妈夏装套装中老年女短袖上衣中年40岁50洋气小衫两件套,7.0,2380.0,2020-07-11 02:54:02,爱江山更爱美人 - 小阿枫,国语,Pop,1994-01-01,服装,0.7694781,2380,2020-07-11 02:54:02
758,民族风女装丽江旅游连帽开衫外套绣花薄款长款女夏季红色防晒衫夏,20.0,193.0,2020-07-11 02:55:31,AI (纯音乐) - 橘子君-Ruxar,纯音乐,,2011-08-01,美妆,1.0,193,2020-07-11 02:55:31
759,2020网红太阳镜,24.0,3.0,2020-07-11 02:58:30,只要你爱我 - 未知,,,,饰品,1.0,3,2020-07-11 02:58:30
760,贝乐虎大会员丨7天/周卡,32.0,2.0,2020-07-11 02:59:49,做个勇敢的⼩朋友 - 小匠星、杨智羡,国语,,2020-06-03,,0.0,2,2020-07-11 02:59:49
761,2020新款单鞋时尚百搭款,6.0,24.0,2020-07-11 03:00:42,我爱他 - 王小帅,国语,Pop,2009-09-29,鞋靴,1.0,24,2020-07-11 03:00:42
762,小鱼鱼新款2020夏季女装韩版条纹圆领长款休闲短袖连衣裙时尚显瘦,12.0,1695.0,2020-07-12 16:04:19,你说 - 赵乃吉,国语,Pop,2017-12-15,服装,0.57735026,1695,2020-07-12 16:04:19
763,顺赢新款小方包,10.0,2035.0,2020-07-12 16:04:44,如风过境 - 哎哟蔚蔚,国语,Pop,2017-11-29,箱包,1.0,2035,2020-07-12 16:04:44
764,防滑可擦洗入户门地垫进门pvc脚垫好清洗可裁剪防水家用客厅垫子,57.0,79.0,2020-07-12 16:06:01,可愛くなりたい (想变得可爱) - *菜乃,日语,,2019-11-14,家装,0.6099686,79,2020-07-12 16:06:01
765,HEY LADS男生女生童装夏季时尚系列男小童水洗短裤,25.0,3.0,2020-07-12 16:06:48,The Waiting Game - 纯音乐,英语,,2008-01-01,服装,1.0,3,2020-07-12 16:06:48
766,甜燃定制高级显白显气质飘逸连衣裙高腰优雅白色长裙温柔风仙女裙,9.0,46.0,2020-07-12 16:11:06,烟火里的尘埃 - 蒋先生,,,,服装,1.0,46,2020-07-12 16:11:06
767,大表姐2020实拍格子旗袍时尚微胖少女宽松a字裙改良版旗袍连衣裙,25.0,274.0,2020-07-12 16:15:30,大城小爱 - 王力宏,国语,Pop,2005-12-30,服装,0.9236211,274,2020-07-12 16:15:30
768,夜光珠12脚链,10.0,1070.0,2020-07-12 16:15:56,相思 - 叶凡,国语,Pop,2001-12-01,饰品,1.0,1070,2020-07-12 16:15:56
769,涂鸦拖鞋,9.0,1650.0,2020-07-12 16:20:21,Oreflam - Luc Arbogast,,,,,0.0,1650,2020-07-12 16:20:21
770,茵茵情侣装夏装条纹T恤+背带裤套装女2020新款小众设计感学生套装,14.0,103.0,2020-07-12 16:20:47,你懂得 - 阿悠悠,,,,服装,1.0,103,2020-07-12 16:20:47
771,2020夏季时尚潮流女装FF888,6.0,110.0,2020-07-12 16:23:30,追梦人 - DJ,,,,服装,1.0,110,2020-07-12 16:23:30
772,爱阁十字绣般若波罗蜜多心经莲花版 61793,15.0,811.0,2020-07-12 16:24:59,LTMP Reloaded 26 Non Stop Mix - sohail sen、Shankar Mahadevan、Sunidhi Chauhan、Vishal Dadlani,,,,,0.0,811,2020-07-12 16:24:59
773,若语定制【裙子届的艺术品】2020夏季新款名媛风流苏网纱连衣裙,6.0,877.0,2020-07-12 16:27:55,热播就对了 - 69,,,,服装,1.0,877,2020-07-12 16:27:55
774,高品质连衣裙,8.0,57.0,2020-07-12 16:30:36,火红的萨日朗 - 乌兰托娅,国语,,2019-12-10,服装,1.0,57,2020-07-12 16:30:36
775,周扬青 2020年新款复古清新碎花方v领少女短款上衣,9.0,2605.0,2020-07-12 16:34:03,Spin With You - Emma Sameth、Jeremy Zucker、Wolfe,,,,服装,1.0,2605,2020-07-12 16:34:03
776,INS港风OVERSIZE嘻哈宽松腰果花休闲短袖衬衫男女古着花衬衣国潮,59.0,32.0,2020-07-12 16:35:52,神の怒り - 光宗信吉,,,,服装,0.6098339,32,2020-07-12 16:35:52
777,孕妇连衣裙夏季宽松中长款V领显瘦夏天裙子洋气潮辣妈时尚雪纺裙,11.0,30.0,2020-07-12 16:36:18,La Banda - F. Physical、A. Doremi、Sax Project,英语,Dance,2018-12-19,服装,1.0,30,2020-07-12 16:36:18
778,GENANX闪电潮牌伊拾七联名款 短袖T恤太空棉卡通情侣款短袖上衣潮,28.0,22.0,2020-07-12 16:36:44,魔法城堡 (片段) - 原来是萝卜丫,,,,服装,0.7612149,22,2020-07-12 16:36:44
779,短袖开叉T恤+显瘦喇叭裤3051,6.0,1600.0,2020-07-12 16:37:10,PHANTASY STARONLINE - deko、YAMEII,,,,服装,0.7694781,1600,2020-07-12 16:37:10
780,airPodsPro保护套碳纤维适用于苹果AirPods2无线蓝牙耳机盒防摔潮,31.0,115.0,2020-07-12 16:37:37,Daylight(Roman Blanco RE-MASHUP） - Yves V、Dimitri Vangelis & Wyman、Roman Blanco,其他,Rap/HipHop,2019-12-25,数码,0.5192678,115,2020-07-12 16:37:37
781,MaxwellHouse 冷泡果味咖啡(专属链接V),100.0,94.0,2020-07-12 16:38:51,Born a Champion (Underscore_Full Length) - Unkown Artists,,,,食品,1.0,94,2020-07-12 16:38:51
782,硬糖大码原创胖mm正统jk制服套装2020年新款女显瘦遮肉洋气两件套,15.0,1540.0,2020-07-12 16:40:08,魔法城堡 - 69,国语,Pop,2020-06-29,服装,0.70710677,1540,2020-07-12 16:40:08
783,阿迪达斯官网adidas neo 蛋黄哥联名女装运动套头衫GL7233 GL7234,19.0,19.0,2020-07-12 16:40:34,Small Axe - Bob Marley & The Wailers,英语,,2004-02-10,运动,1.0,19,2020-07-12 16:40:34
784,大耳兔T恤,8.0,1330.0,2020-07-12 16:42:14,晚安 - 颜人中,国语,Pop,2015-09-25,服装,1.0,1330,2020-07-12 16:42:14
785,南夕姐姐7月6日AM 00点新品专用链接（下拉详情点新品开播提醒）,10.0,0.0,2020-07-12 16:44:22,это ли счастье - 虞姬、圈妹,俄语,Pop,2019-04-19,,0.0,0,2020-07-12 16:44:22
786,五味太郎思维游戏书（全5册）,49.0,1120.0,2020-07-12 16:45:15,酒醉的蝴蝶 (水兵舞版) - 丹尼·翁,,,,图书,0.70710677,1120,2020-07-12 16:45:15
787,大框黑框网红素颜近视眼镜女防蓝光抗辐射护眼睛框架平光男护目镜,12.0,326.0,2020-07-12 16:45:50,年轮 - 汪苏泷,国语,Dance,2019-09-27,,0.0,326,2020-07-12 16:45:50
788,红口袋 复古少女桃心链条挂坠项链丝绒choker暗黑爱心lolita项圈,7.0,47.0,2020-07-12 16:46:16,**最火换装卡点 (完整原版) - 苏名哲、腾金涛,,,,饰品,1.0,47,2020-07-12 16:46:16
789,国升潮汕特色丸子爆汁每日新鲜发货【顺丰包邮】135起三斤,15.0,733.0,2020-07-12 16:49:36,我的快乐就是想你 - 陈雅森,国语,Pop,2014-03-27,,0.0,733,2020-07-12 16:49:36
790,腰带大姨妈痛肚子疼神器女生月经期保寒发热护腰痛经礼物,186.0,31.0,2020-07-12 16:51:00,有点甜 - By2,国语,Pop,2012-07-16,饰品,1.0,31,2020-07-12 16:51:00
791,PPX男童猫和老鼠短袖套装,6.0,658.0,2020-07-12 16:51:27,蜗牛与黄鹂鸟 (抖音DJ热搜版) - 小猫多鱼,国语,Dance,2020-06-22,服装,1.0,658,2020-07-12 16:51:27
792,休闲短裤套装女夏2020年宽松洋气短袖时尚T恤+高腰显瘦减龄热裤潮,7.0,211.0,2020-07-12 16:51:54,Blueming - 逗号的留声机,,,,服装,0.6098339,211,2020-07-12 16:51:54
793,宽松长袖抽绳针织衫女上衣俏皮性感时尚百搭短款露脐V领体恤衫韩,8.0,56.0,2020-07-12 16:55:02,泡沫 - G.E.M.邓紫棋,国语,Pop,2012-07-05,服装,1.0,56,2020-07-12 16:55:02
794,可爱小熊！夹心蛋挞自制可爱透气温油情侣装,14.0,91.0,2020-07-12 16:57:05,关于小熊 - 蛋堡,国语,Pop,2009-07-22,,0.0,91,2020-07-12 16:57:05
795,2020新款民族风唐装二件套,15.0,11.0,2020-07-12 17:01:21,烟花三月 (广场舞) - 龚玥,,,,,0.0,11,2020-07-12 17:01:21
796,小鱼鱼新款2020夏季女装潮牌大版镶钻宽松字母T恤上衣半袖时尚女,11.0,2666.0,2020-07-12 17:05:22,I Love You - 王若琳,英语,Pop,2010-03-22,服装,0.6098339,2666,2020-07-12 17:05:22
797,大耳兔T恤,8.0,1330.0,2020-07-12 17:09:11,晚安 (DJ浪子康、DJ豪大大版) - 浪子康、豪大大、颜人中,其他,Pop,2019-08-02,服装,1.0,1330,2020-07-12 17:09:11
798,SHFY-22105甜美连衣裙,54.0,632.0,2020-07-12 17:14:21,Okamochi & Jersey - 佐藤直紀,纯音乐,Soundtrack,2005-11-02,服装,1.0,632,2020-07-12 17:14:21
799,【芬儿家】欧货苎麻侧绑带格子马甲,11.0,145.0,2020-07-12 17:17:19,一定的年纪 (片段) - 雅欣跑调大王,,,,服装,0.70710677,145,2020-07-12 17:17:19
800,网红ins风五斗柜梳妆台一体组合多功能卧室小户型收纳柜书桌套装,60.0,104.0,2020-07-12 17:17:45,小幸运 - 田馥甄,国语,Pop,2017-12-31,家装,0.49999997,104,2020-07-12 17:17:45
801,伟薇2020夏季新款高级苎麻短款上衣20S20062,15.0,82.0,2020-07-12 17:23:50,哭砂 - 赵海洋,国语,Pop,1997-12-29,服装,1.0,82,2020-07-12 17:23:50
802,宽松卡通T恤,8.0,979.0,2020-07-12 17:25:07,你是我唯一的执着 (片段) - 我叫宣宣,国语,,2019-09-25,服装,1.0,979,2020-07-12 17:25:07
803,【传闻中的黑天鹅】2020夏季新款V领气质黑色短袖蕾丝连衣裙女,10.0,432.0,2020-07-12 17:32:53,万有引力 (DJ版) - 兮姐,纯音乐,Pop,2020-03-30,服装,0.70710677,432,2020-07-12 17:32:53
804,春夏女装2020新款宫廷复古修身性感开叉年轻款日常改良旗袍连衣裙,8.0,14.0,2020-07-12 17:34:59,Party Train - Redfoo,英语,Pop,2016-03-18,服装,0.6484997,14,2020-07-12 17:34:59
805,胖佳佳大码短袖针织衫夏季薄款刺绣甜美减龄木耳边小香风短款上衣,13.0,650.0,2020-07-12 17:35:26,我怎么这么好看 (完整版) - 虞书欣,,,,服装,0.6484997,650,2020-07-12 17:35:26
806,APM天丝雪纺格纹防晒衬衫,6.0,13000.0,2020-07-12 17:37:06,On a Slow Boat to China - Luke Thompson,英语,Folk,2012-11-15,美妆,1.0,1.3w,2020-07-12 17:37:06
807,【金屋】新款时尚女士蕾丝花边小披肩领子,23.0,3760.0,2020-07-12 17:38:36,漂洋过海来看你 - 宇霸霸,国语,Soundtrack,2017-03-23,,0.0,3760,2020-07-12 17:38:36
808,A瓷砖切割片锯片超薄干切专用不崩边细波纹片大理石花岗岩切,13.0,58.0,2020-07-12 17:39:03,怎么爱都爱不够 (片段)(DJ何鹏版) - 崔伟立、孙艺琪,,,,家装,1.0,58,2020-07-12 17:39:03
809,ACE 韩国chic清新田园复古风印花上衣2020秋季遮肉泡泡袖衬衣 021,7.0,54.0,2020-07-12 17:39:30,都是月亮惹的祸 - 颜妹,,,,饰品,0.70710677,54,2020-07-12 17:39:30
810,小码凉鞋女313233百搭2020新款夏猫跟一字扣大码高跟鞋41 42 43码,11.0,28.0,2020-07-12 17:45:03,炸山姑娘 - 刘妍菲,,,,服装,1.0,28,2020-07-12 17:45:03
811,U.VN 绿色毛毛开衫外套女2020秋冬中长款慵懒风过膝毛针织衫大衣,8.0,201.0,2020-07-12 17:46:21,다시 너를 (再次见到你) - Mad Clown、金娜英,国语,,2019-12-26,服装,0.70710677,201,2020-07-12 17:46:21
812,短袖T恤男女宽松潮牌欧美街头嘻哈情侣装夏装小熊印花小众设计感,7.0,10.0,2020-07-12 17:47:50,Back And Forth (Extended Mix) - 未知,法语,Dance,2014-04-25,服装,0.6098339,10,2020-07-12 17:47:50
813,MCR大码女装国潮风复古旗袍胖人改良旗袍复古格子旗袍显瘦连衣裙,19.0,63.0,2020-07-12 17:48:16,like That (完整DJ原版) - Good正点,,,,服装,0.90180236,63,2020-07-12 17:48:16
814,实拍-现货2020大码女装夏装新款网红时尚短袖短裤两套装,10.0,169.0,2020-07-12 17:49:09,不爱我就别伤害我 - 伤帅、安儿陈,国语,,2019-08-22,服装,0.67028403,169,2020-07-12 17:49:09
815,茵茵情侣装夏装条纹T恤+背带裤套装女2020新款小众设计感学生套装,14.0,103.0,2020-07-12 17:51:00,你懂得 (片段) - 阿悠悠,国语,,2020-06-08,服装,1.0,103,2020-07-12 17:51:00
816,优必克官方旗舰店 Q系列陨石黑壁挂式轨道插座可移动轨道插座家用,15.0,1431.0,2020-07-12 17:51:51,许多年以后 - 小阿枫,国语,Pop,2014-04-14,家装,0.6099686,1431,2020-07-12 17:51:51
817,尊皇御格 手机包 002,16.0,1640.0,2020-07-12 18:05:40,玩腻 - M3,,,,数码,1.0,1640,2020-07-12 18:05:40
818,【金屋】新款时尚女士蕾丝花边小披肩领子,23.0,3760.0,2020-07-12 18:13:18,漂洋过海来看你 (DJ版) - 宇霸霸,国语,Pop,2017-04-25,,0.0,3760,2020-07-12 18:13:18
819,PAPERLLL西装连衣裙女神范气质收腰黑色夏修身短袖两件套时尚短裙,7.0,185.0,2020-07-12 18:15:15,Earthquake (Jason.c Extended Mix) - Jason.c,纯音乐,Pop,2017-06-29,服装,0.70710677,185,2020-07-12 18:15:15
820,陕西板栗南瓜净重5斤/9斤包邮，粉糯甜，浓香板栗味,26.0,1230.0,2020-07-12 18:15:42,1967 - Gontiti,纯音乐,Classical,,食品,0.70710677,1230,2020-07-12 18:15:42
821,INN定制 水蓝吸晴甜美微领蕾丝裙精致镂空V领显瘦短裙,10.0,102.0,2020-07-12 18:22:21,忽然之间 口琴 - 未知,纯音乐,,2020-01-15,家装,0.70710677,102,2020-07-12 18:22:21
822,2020年春季新款韩版时尚洋气百搭上衣吊带裙100002.1475,6.0,7.0,2020-07-12 18:25:24,Betsy's Silent Movie - Lluís Coloma,其他,Latin,2016-09-23,服装,0.70710677,7,2020-07-12 18:25:24
823,8869#高腰百搭破洞哈伦裤,9.0,825.0,2020-07-12 18:26:53,背对背拥抱 (抖音DJ原版) - 蒋先生,国语,Dance,2020-07-08,服装,0.7694781,825,2020-07-12 18:26:53
824,阿周家胖mm大码明线不规则半身裙女夏季新款高腰黑色显瘦a字短裙,9.0,291.0,2020-07-12 18:28:49,柴 鱼 の c a l l i n g - 幸子小姐拜托了,英语,Pop,2017-07-30,服装,0.7694781,291,2020-07-12 18:28:49
825,伟薇2020夏季新款高级苎麻短款上衣20S20062,15.0,82.0,2020-07-12 18:32:34,哭砂 (钢琴版) - 赵海洋,纯音乐,Pop,2010-01-01,服装,1.0,82,2020-07-12 18:32:34
826,旅拍沙漠长裙超长款大码及踝长袖超大裙摆雪纺仙女连衣裙海边沙滩,11.0,121.0,2020-07-12 18:36:11,小行囊 - 马健涛,国语,Pop,2020-06-16,服装,1.0,121,2020-07-12 18:36:11
827,法儿家韩国2020年新款东大门女装夏淡黄色长裙约会温柔风衬衫裙子,36.0,581.0,2020-07-12 18:37:00,最最 - 姚慧汶、花草乐园会,国语,Pop,2018-09-14,服装,0.7694781,581,2020-07-12 18:37:00
828,秦巴奶奶麻什猫耳朵手工传统面食350gX3袋,82.0,12000.0,2020-07-12 18:45:02,Dancing Butterflies - PM Artist Sessions Project,纯音乐,WorldMusic,2011-07-29,鞋靴,0.9299225,1.2w,2020-07-12 18:45:02
829,阿迪达斯官网adidas neo 蛋黄哥联名女装运动套头衫GL7233 GL7234,19.0,19.0,2020-07-12 18:47:55,Small Axe (Paul & Price Remix) - Bob Marley & The Wailers,英语,Electronica,2015-11-05,运动,1.0,19,2020-07-12 18:47:55
830,分体加厚小青柑杯,11.0,742.0,2020-07-12 18:50:55,新壶中天 - 崔子格,国语,Pop,2018-08-13,内衣,0.7889095,742,2020-07-12 18:50:55
831,禾可可粉色显瘦百搭休闲裤子女宽松直筒2020新款高腰阔腿裤女夏,13.0,127.0,2020-07-12 18:58:45,我们背对背拥抱 (抖音DJ) - 未知,,,,服装,0.63867325,127,2020-07-12 18:58:45
832,布丁妹妹 IBEANS宠物卵磷精华素天然狗狗卵磷脂营养补充美毛护眼,48.0,468.0,2020-07-12 18:59:11,Memories(Bring Back You)[Originally Performed by Maroon 5] - Simon Bacille,纯音乐,Pop,2020-07-15,,0.0,468,2020-07-12 18:59:11
833,王少女的店 短袖t恤连衣裙 2020新款夏宽松韩版黑白色短裙子套装,18.0,631.0,2020-07-12 19:01:42,惊雷 - 何小林,国语,Pop,2020-04-08,服装,0.70710677,631,2020-07-12 19:01:42
