,Unnamed: 0,Unnamed: 0.1,bgm,bpm,genre,language,public_time,mood,emotion,match,like_time,unlike_time,attitude
0,0,0,88rising、Phum Viphurit、Higher Brothers - Lover Boy 88,107.666015625,Pop,英语,2018-07-20,,happy,1,0,0,
1,1,1,Austin Mahone、Rich Homie Quan - Send It,99.38401442307692,Pop,英语,2016-08-19,,happy,1,0,0,
2,2,2,Ayo97 _ 周思涵 - 感谢你曾来过,161.4990234375,Pop,国语,2017-02-12,,happy,1,0,0,
3,3,3,Beatrich - Superstar,117.45383522727272,Dance,英语,2017-07-21,,happy,1,0,0,
4,4,4,BEYOND - 不再犹豫,135.99917763157896,Pop,粤语,2015-06-30,,happy,1,0,0,
5,5,5,BEYOND - 情人,71.77734375,Pop,粤语,2001-12-01,,happy,1,0,0,
6,6,6,BEYOND - 海阔天空,75.99954044117645,Pop,粤语,1993-05-01,,happy,1,0,0,
7,7,7,BEYOND - 真的爱你,75.99954044117645,Rock,粤语,1989-07-01,,happy,1,0,0,
8,8,8,BigYear - 看好你的女友,103.359375,Pop,国语,2018-12-30,,happy,1,0,0,
9,9,9,BY2 - 爱丫爱丫,151.9990808823529,Pop,国语,2008-07-23,,happy,1,0,0,
10,10,10,Camila Cabello、Young Thug - Havana,103.359375,Pop,英语,2018-01-12,,happy,1,0,0,
11,11,11,DD打D哒 - 哈尼宝贝（纯净版Remix_DD打D哒 Remix）,129.19921875,pop,,,,happy,1,0,0,
12,12,12,DJ小鱼儿 - 一生回味一面,95.703125,Pop,国语,2020-03-13,,happy,1,0,0,
13,13,13,Ed Sheeran - Shape of You,129.19921875,Pop,英语,2017-03-03,,happy,1,0,0,
14,14,14,Fitz & The Tantrums - HandClap,135.99917763157896,Alternative,英语,2016-06-03,,happy,1,0,0,
15,15,15,Freedom Plant Music - Colorful World,112.34714673913044,Pop,国语,2015-10-20,,happy,1,0,0,
16,16,16,G.E.M.邓紫棋 - 我的秘密,103.359375,Pop,国语,2010-10-29,,happy,1,0,0,
17,17,17,Gibb-Z - My hot girl,135.99917763157896,Pop,国语,2016-08-09,,happy,1,0,0,
18,18,18,Gibb-Z、ICE - 陪着你走,83.35433467741936,Pop,国语,2017-08-10,,happy,1,0,0,
19,19,19,Groove Coverage - She (Radio Edit),103.359375,Dance,英语,2008-03-15,,happy,1,0,0,
20,20,20,Ice Paper - 心如止水,129.19921875,Pop,国语,2019-04-18,,happy,1,0,0,
21,21,21,I·D·C - 想对你说情话,99.38401442307692,Rap/HipHop,国语,2018-08-30,,happy,1,0,0,
22,22,22,i黄小依 - Shy,92.28515625,pop,,,,happy,1,0,0,
23,23,23,Jain - Lil Mama,99.38401442307692,Pop,英语,2015-11-06,,happy,1,0,0,
24,24,24,joysaaaa - 两点半,112.34714673913044,Pop,国语,2019-01-17,,happy,1,0,0,
25,25,25,KT、Chiu Chiu - 7538 (Me U-Remix),89.10290948275862,hiphop,,,,happy,1,0,0,
26,26,26,Leessang (리쌍) _ Ali (알리) - 내가 웃는게 아니야 (我不是在笑),83.35433467741936,Rap/HipHop,韩语,2005-10-13,,happy,1,0,0,
27,27,27,Lil Ghost小鬼 - GOOD NIGHT,78.30255681818181,Rap/HipHop,国语,2018-03-02,,happy,1,0,0,
28,28,28,Little Mix _ Charlie Puth - Oops,103.359375,Pop,英语,2016-11-18,,happy,1,0,0,
29,29,29,Mark Ronson _ Bruno Mars - Uptown Funk,117.45383522727272,Pop,英语,2015-04-13,,happy,1,0,0,
30,30,30,RADWIMPS - 夢灯籠,172.265625,Soundtrack,日语,2016-08-24,,happy,1,0,0,
31,31,31,S.H.E - 恋人未满,117.45383522727272,R&B,国语,2001-09-11,,happy,1,0,0,
32,32,32,Samuel - What Do You Mean#,123.046875,hiphop,,,,happy,1,0,0,
33,33,33,Taylor Swift - Lover (Live From Paris),67.99958881578948,rock,,,,happy,1,0,0,
34,34,34,Ykey、Pro-Z - 到我怀里,99.38401442307692,Pop,国语,2018-02-13,,happy,1,0,0,
35,35,35,Young 7 - 幸运女孩,99.38401442307692,Pop,国语,2018-11-13,,happy,1,0,0,
36,36,36,Бамбинтон - Зая,117.45383522727272,Pop,俄语,2017-02-17,,happy,1,0,0,
37,37,37,一口甜 - 圈住你,99.38401442307692,Pop,国语,2019-06-12,,happy,1,0,0,
38,38,38,一口甜 - 慢慢等 (合唱版),129.19921875,Pop,国语,2020-01-16,,happy,1,0,0,
39,39,39,一口甜、二辰 - 靠近,103.359375,hiphop,国语,2019-12-18,,happy,1,0,0,
40,40,40,丁丁 - 爱要坦荡荡 (Live),123.046875,Pop,国语,2015-02-11,,happy,1,0,0,
41,41,41,丁芙妮 - 只是太爱你,129.19921875,Pop,国语,2019-04-03,,happy,1,0,0,
42,42,42,丫蛋蛋(马启涵)、沈虫虫 - 2018好嗨呦 (Live),103.359375,rock,,,,happy,1,0,0,
43,43,43,任然 - 无人之岛,135.99917763157896,Pop,国语,2017-08-31,,happy,1,0,0,
44,44,44,伍佰 & China Blue - Last Dance,151.9990808823529,blues,国语,1996-06-01,,happy,1,0,0,
45,45,45,伍佰 - 挪威的森林,135.99917763157896,Pop,国语,2002-11-22,,happy,1,0,0,
46,46,46,余佳运 - 我想,73.828125,Pop,国语,2017-03-06,,happy,1,0,0,
47,47,47,冯提莫 - 小永远,95.703125,country,,,,happy,1,0,0,
48,48,48,冼宇超、柒朵墨 - 薄荷色夏天,123.046875,hiphop,,,,happy,1,0,0,
49,49,49,凤凰传奇 - 奢香夫人,83.35433467741936,Pop,国语,2009-06-02,,happy,1,0,0,
50,50,50,刀郎 - 西海情歌,151.9990808823529,Pop,国语,2006-09-21,,happy,1,0,0,
51,51,51,刘佳 - 爱的就是你,92.28515625,Pop,国语,2017-11-13,,happy,1,0,0,
52,52,52,刘佳、十二星宿 风之少年 - 爱的就是你,92.28515625,Pop,国语,2017-11-13,,happy,1,0,0,
53,53,53,刘德华 - 17岁,80.74951171875,Pop,粤语,2003-06-05,,happy,1,0,0,
54,54,54,刘惜君 - 芬芳一生,67.99958881578948,Pop,国语,2017-09-09,,happy,1,0,0,
55,55,55,前男友 - 童话里有什么,129.19921875,Rap/HipHop,国语,2018-05-03,,happy,1,0,0,
56,56,56,半吨兄弟 - 一生回味一面,95.703125,Pop,国语,2020-03-30,,happy,1,0,0,
57,57,57,半吨兄弟 - 我好喜欢你,129.19921875,Pop,国语,2020-03-19,,happy,1,0,0,
58,58,58,半吨兄弟 - 我这一生,80.74951171875,pop,国语,2020-03-10,,happy,1,0,0,
59,59,59,半阳 - 一曲相思,103.359375,Pop,国语,2018-09-21,,happy,1,0,0,
60,60,60,单夕、阳逸晨 - 小可爱,89.10290948275862,Pop,国语,2016-06-09,,happy,1,0,0,
61,61,61,单色凌 - 我想我不够好,117.45383522727272,Pop,国语,2013-01-01,,happy,1,0,0,
62,62,62,叶倩文 - 选择,75.99954044117645,Pop,国语,1992-03-15,,happy,1,0,0,
63,63,63,叶蓓 - 想把我唱给你听,103.359375,Pop,国语,2019-01-31,,happy,1,0,0,
64,64,64,名决 - 时间的过客 (抖音烟嗓版),161.4990234375,blues,国语,2020-02-23,,happy,1,0,0,
65,65,65,后弦 - 娃娃脸,99.38401442307692,Pop,国语,2010-02-24,,happy,1,0,0,
66,66,66,周杰伦 - 不能说的秘密,143.5546875,Pop,国语,2007-08-13,,happy,1,0,0,
67,67,67,周杰伦 - 告白气球,89.10290948275862,R&B,国语,2016-06-24,,happy,1,0,0,
68,68,68,周杰伦 - 夜曲,86.1328125,Rap/HipHop,国语,2005-11-01,,happy,1,0,0,
69,69,69,周杰伦 - 晴天,135.99917763157896,Pop,国语,2003-07-31,,happy,1,0,0,
70,70,70,周杰伦 - 甜甜的,117.45383522727272,Pop,国语,2007-11-02,,happy,1,0,0,
71,71,71,周杰伦 - 简单爱,95.703125,R&B,国语,2001-09-20,,happy,1,0,0,
72,72,72,周杰伦 - 给我一首歌的时间,117.45383522727272,R&B,国语,2008-10-15,,happy,1,0,0,
73,73,73,周杰伦、杨瑞代 - 爱的飞行日记,112.34714673913044,Pop,国语,2010-05-18,,happy,1,0,0,
74,74,74,周杰伦、袁咏琳 - 傻笑,99.38401442307692,Pop,国语,2012-12-28,,happy,1,0,0,
75,75,75,周杰伦、袁咏琳 - 怎么了,151.9990808823529,Pop,国语,2014-12-26,,happy,1,0,0,
76,76,76,周笔畅 - 最美的期待,99.38401442307692,Pop,国语,2018-02-09,,happy,1,0,0,
77,77,77,图小图 - 失忆,66.25600961538461,Pop,国语,2017-11-01,,happy,1,0,0,
78,78,78,大壮 - 为你我受冷风吹,117.45383522727272,Pop,国语,2016-11-06,,happy,1,0,0,
79,79,79,大能人 - 山楂树の恋,161.4990234375,Rap/HipHop,国语,2016-12-13,,happy,1,0,0,
80,80,80,大能人 - 想要问问你敢不敢ReMix,92.28515625,rock,纯音乐,2019-10-16,,happy,1,0,0,
81,81,81,大能人 - 新鲜感,172.265625,Rap/HipHop,国语,2014-12-13,,happy,1,0,0,
82,82,82,太一 - (笑),117.45383522727272,Pop,国语,2017-12-28,,happy,1,0,0,
83,83,83,太一 - Lutra,99.38401442307692,Pop,国语,2017-11-30,,happy,1,0,0,
84,84,84,太一 - 像暗杀似的绕到背后突然拥抱你,143.5546875,Pop,国语,2017-11-23,,happy,1,0,0,
85,85,85,孙燕姿 - 第一天,89.10290948275862,Pop,国语,2005-10-07,,happy,1,0,0,
86,86,86,孙燕姿 - 绿光,107.666015625,Pop,国语,2001-07-12,,happy,1,0,0,
87,87,87,孙燕姿 - 遇见,92.28515625,Pop,国语,2003-08-22,,happy,1,0,0,
88,88,88,孙语赛、萧全 - 不仅仅是喜欢,112.34714673913044,Pop,国语,2018-03-06,,happy,1,0,0,
89,89,89,宋孟君、威仔 - 9277 (原版),123.046875,hiphop,,,,happy,1,0,0,
90,90,90,宝石Gem - 野狼disco (Live),99.38401442307692,Rap/HipHop,国语,2019-08-16,,happy,1,0,0,
91,91,91,封茗囧菌 - 爱的魔法,95.703125,country,国语,2016-06-07,,happy,1,0,0,
92,92,92,小峰峰(陈峰)、小潘潘（潘柚彤） - 学猫叫,117.45383522727272,Pop,国语,2018-04-20,,happy,1,0,0,
93,93,93,小潘潘（潘柚彤） _ 小峰峰（陈峰） - 学猫叫,117.45383522727272,Pop,国语,2018-04-20,,happy,1,0,0,
94,94,94,小潘潘（潘柚彤） _ 李俊佑 - 宠坏,143.5546875,rock,国语,2019-03-15,,happy,1,0,0,
95,95,95,小野eyoaix、一口甜 - 娃娃脸,99.38401442307692,Pop,国语,2019-05-15,,happy,1,0,0,
96,96,96,小阿枫 - 女儿情 (正式版),73.828125,Pop,国语,2019-09-05,,happy,1,0,0,
97,97,97,小阿枫 - 我要找到你,112.34714673913044,blues,国语,2019-11-07,,happy,1,0,0,
98,98,98,小阿枫 - 爱江山更爱美人,151.9990808823529,Pop,国语,2019-08-26,,happy,1,0,0,
99,99,99,展展与罗罗 - 沙漠骆驼,112.34714673913044,Pop,国语,2017-06-19,,happy,1,0,0,
100,100,100,崔文美秀 _ 陈卓璇 _ 胡玛尔 _ 王曦瑶 _ 胡嘉欣 _ 史芮伊 _ 朱主爱 - 除了春天、爱情和樱花 (纯享版),161.4990234375,country,,,,happy,1,0,0,
101,101,101,庄心妍 - 再见只是陌生人,161.4990234375,Pop,国语,2015-11-05,,happy,1,0,0,
102,102,102,庾澄庆 - 情非得已,107.666015625,Pop,国语,2009-12-18,,happy,1,0,0,
103,103,103,异乡人(刘行宽)、9M88 - SWAG午觉,95.703125,Pop,国语,2018-03-29,,happy,1,0,0,
104,104,104,张宇 - 给你们,103.359375,Pop,国语,1999-09-01,,happy,1,0,0,
105,105,105,张惠妹 - Bad Boy,99.38401442307692,Pop,国语,1997-06-11,,happy,1,0,0,
106,106,106,张惠妹 - 一想到你呀,112.34714673913044,Pop,国语,1997-06-11,,happy,1,0,0,
107,107,107,张惠妹 - 好胆你就来,117.45383522727272,Pop,闽南语,2009-08-19,,happy,1,0,0,
108,108,108,张惠妹 - 爱 什么稀罕,107.666015625,Pop,国语,1999-06-07,,happy,1,0,0,
109,109,109,张惠妹 - 薇多莉亚的秘密,112.34714673913044,Pop,国语,2007-08-03,,happy,1,0,0,
110,110,110,张惠妹 - 薇多莉亚的秘密~1,112.34714673913044,Pop,国语,2007-08-03,,happy,1,0,0,
111,111,111,张碧晨 - 不要忘记我爱你,129.19921875,Pop,国语,2015-08-25,,happy,1,0,0,
112,112,112,张碧晨 - 当爱来敲门,143.5546875,Soundtrack,国语,2016-11-30,,happy,1,0,0,
113,113,113,张肯肯 - 别怕我伤心,67.99958881578948,Pop,国语,2020-02-21,,happy,1,0,0,
114,114,114,张茜 - 有没有那么一首歌,143.5546875,Pop,国语,2020-03-17,,happy,1,0,0,
115,115,115,张靓颖 - 终于等到你,129.19921875,Pop,国语,2014-07-21,,happy,1,0,0,
116,116,116,张馨文 _ 冯琬贺 _ 周雨霖 _ 田京凡 _ 康汐 _ 吴妙茵 - 甜蜜蜜 (纯享版),95.703125,Pop,国语,2020-05-16,,happy,1,0,0,
117,117,117,彭十六 - 戏影,143.5546875,Pop,国语,2019-05-13,,happy,1,0,0,
118,118,118,彭羚 - 囚鸟,103.359375,Pop,国语,1996-03-16,,happy,1,0,0,
119,119,119,很美味 - 东西 (片段),83.35433467741936,blues,其他,2019-02-20,,happy,1,0,0,
120,120,120,徐佳莹 - 身骑白马,129.19921875,Pop,国语,2009-05-29,,happy,1,0,0,
121,121,121,徐秉龙、桃十五 - 青柠,107.666015625,Pop,国语,2017-08-25,,happy,1,0,0,
122,122,122,徐良 _ 小凌 - 客官不可以,95.703125,Pop,国语,2011-12-26,,happy,1,0,0,
123,123,123,掌嘴、张雪飞、Lil-7 - 只想对你说,80.74951171875,Pop,国语,2017-07-05,,happy,1,0,0,
124,124,124,新乐尘符 - 123我爱你,89.10290948275862,Pop,国语,2017-12-25,,happy,1,0,0,
125,125,125,新乐尘符 - 123我爱你~1,89.10290948275862,hiphop,国语,2019-06-11,,happy,1,0,0,
126,126,126,方大同 - 春风吹,135.99917763157896,Pop,国语,2005-11-16,,happy,1,0,0,
127,127,127,朱主爱 - 莫名其妙爱上你,135.99917763157896,Pop,国语,2017-11-01,,happy,1,0,0,
128,128,128,朴树 - 白桦林,117.45383522727272,Rock,国语,1999-01-01,,happy,1,0,0,
129,129,129,李代沫 - 这就是爱情,129.19921875,Pop,国语,2017-11-01,,happy,1,0,0,
130,130,130,李佳思 - The Star,89.10290948275862,Pop,国语,2017-06-29,,happy,1,0,0,
131,131,131,李佳思 - 小爱,112.34714673913044,Pop,国语,2016-08-04,,happy,1,0,0,
132,132,132,李俊佑、小潘潘（潘柚彤） - 宠坏,143.5546875,hiphop,国语,2019-03-15,,happy,1,0,0,
133,133,133,李健 - 贝加尔湖畔,117.45383522727272,Folk,国语,2011-12-10,,happy,1,0,0,
134,134,134,李健 _ 孙俪 - 风吹麦浪 (Live),135.99917763157896,Pop,国语,2013-02-09,,happy,1,0,0,
135,135,135,李学仕 - 直觉,135.99917763157896,Pop,国语,2018-12-25,,happy,1,0,0,
136,136,136,李宇春 - 下个，路口，见,99.38401442307692,Pop,国语,2009-12-22,,happy,1,0,0,
137,137,137,李宏毅、李明霖 - 恶魔的爱,112.34714673913044,Soundtrack,国语,2017-03-01,,happy,1,0,0,
138,138,138,李少白 - 山楂树之恋,161.4990234375,Pop,国语,2017-11-09,,happy,1,0,0,
139,139,139,李昇基 - 정신이 나갔었나봐 (我想我是疯了),123.046875,Soundtrack,韩语,2010-08-04,,happy,1,0,0,
140,140,140,李明霖、李宏毅 - Love U,99.38401442307692,Pop,国语,2014-09-19,,happy,1,0,0,
141,141,141,李昕融 _ 樊桐舟 _ 李凯稠 - 你笑起来真好看,83.35433467741936,blues,国语,2019-04-24,,happy,1,0,0,
142,142,142,李朝 _ 王圣锋 - 情话微甜,103.359375,Pop,国语,2017-09-28,,happy,1,0,0,
143,143,143,李朝、王圣锋 - 情话微甜,103.359375,Pop,国语,2017-09-28,,happy,1,0,0,
144,144,144,李治廷 - 不可思议,95.703125,Pop,国语,2015-12-01,,happy,1,0,0,
145,145,145,李浩然 - 一千零一次我爱你,135.99917763157896,Pop,国语,2020-04-15,,happy,1,0,0,
146,146,146,李玖哲 - 夏天,95.703125,Pop,国语,2010-09-17,,happy,1,0,0,
147,147,147,李翊君 - 七情六欲,135.99917763157896,Pop,国语,1998-10-03,,happy,1,0,0,
148,148,148,李翊君 - 雨蝶,64.599609375,Pop,国语,1998-01-01,,happy,1,0,0,
149,149,149,杨千嬅 - 处处吻,117.45383522727272,Pop,粤语,2004-12-01,,happy,1,0,0,
150,150,150,杨千嬅 - 少女的祈祷,123.046875,Pop,粤语,2000-09-08,,happy,1,0,0,
151,151,151,杨千嬅 - 野孩子,117.45383522727272,Pop,粤语,2001-09-22,,happy,1,0,0,
152,152,152,杨坤 _ 郭采洁 - 答案,151.9990808823529,Pop,国语,2014-01-30,,happy,1,0,0,
153,153,153,杨坤、郭采洁 - 答案,151.9990808823529,Pop,国语,2014-01-30,,happy,1,0,0,
154,154,154,杨小壮 - 她是个二十几岁的姑娘,123.046875,Pop,国语,2020-04-20,,happy,1,0,0,
155,155,155,杨小壮 _ 鹏鹏 - 口是心非,112.34714673913044,Pop,国语,2020-03-02,,happy,1,0,0,
156,156,156,杨胖雨 - 这就是爱吗,151.9990808823529,blues,国语,2020-01-15,,happy,1,0,0,
157,157,157,林俊杰 - 不潮不用花钱,112.34714673913044,Dance,国语,2008-10-18,,happy,1,0,0,
158,158,158,林俊杰 - 小酒窝,95.703125,Pop,国语,2008-10-18,,happy,1,0,0,
159,159,159,林俊杰 - 江南,117.45383522727272,Pop,国语,2004-06-04,,happy,1,0,0,
160,160,160,林君怡 _ 姜贞羽 _ 敖心仪 _ 苏芮琪 _ 曾雪瑶 _ 舒一灵 _ 希林娜依·高 - 潇洒小姐 (纯享版),135.99917763157896,hiphop,,,,happy,1,0,0,
161,161,161,梁静茹 - 暖暖,103.359375,Pop,国语,2006-10-06,,happy,1,0,0,
162,162,162,梁静茹 - 没有如果,151.9990808823529,Pop,国语,2009-01-16,,happy,1,0,0,
163,163,163,梁静茹 _ 严爵 - 没有如果,151.9990808823529,Pop,国语,2009-01-16,,happy,1,0,0,
164,164,164,毛不易 - 借 (Live),151.9990808823529,Pop,国语,2017-08-26,,happy,1,0,0,
165,165,165,毛小国 - 微笑吧 (抖音女生版),129.19921875,Dance,国语,2020-05-18,,happy,1,0,0,
166,166,166,永彬Ryan.B - 放个大招给你看,103.359375,Pop,国语,2019-06-26,,happy,1,0,0,
167,167,167,汪苏泷 - 万有引力,95.703125,Pop,国语,2012-07-16,,happy,1,0,0,
168,168,168,汪苏泷 _ 徐良 - 后会无期,83.35433467741936,Pop,国语,2011-12-26,,happy,1,0,0,
169,169,169,汪苏泷、By2 - 有点甜,103.359375,Pop,国语,2012-07-16,,happy,1,0,0,
170,170,170,汪苏泷、Hari - 吵架歌,117.45383522727272,Pop,国语,2014-06-25,,happy,1,0,0,
171,171,171,沈虫虫、丫蛋蛋(马启涵) - 2018小恋曲,135.99917763157896,hiphop,国语,2018-10-10,,happy,1,0,0,
172,172,172,沈虫虫、吕口口 - 2018抖音神曲串烧,89.10290948275862,Pop,国语,2018-05-31,,happy,1,0,0,
173,173,173,沈虫虫、钟逸伦Dylan - 十六首歌的时间,129.19921875,Pop,国语,2018-04-04,,happy,1,0,0,
174,174,174,泪鑫 - 没茅台 (咚鼓版),129.19921875,Dance,英语,2018-07-30,,happy,1,0,0,
175,175,175,浙音4811(一个大金意) - 拜拜,89.10290948275862,hiphop,国语,2019-06-21,,happy,1,0,0,
176,176,176,海伦 - 桥边姑娘,78.30255681818181,hiphop,国语,2019-11-09,,happy,1,0,0,
177,177,177,深七 - 9277,123.046875,Pop,国语,2018-05-08,,happy,1,0,0,
178,178,178,潘玮柏 _ 张韶涵 - 快乐崇拜(1),123.046875,hiphop,国语,2016-08-24,,happy,1,0,0,
179,179,179,潘玮柏 _ 张韶涵 - 快乐崇拜,123.046875,Pop,国语,2004-12-01,,happy,1,0,0,
180,180,180,潘玮柏 _ 弦子 - 不得不爱,80.74951171875,Pop,国语,2005-07-08,,happy,1,0,0,
181,181,181,爱吃巧乐兹 - 圈住你,86.1328125,rock,国语,2019-09-11,,happy,1,0,0,
182,182,182,王力宏 - 改变自己,103.359375,Pop,国语,2007-07-13,,happy,1,0,0,
183,183,183,王力宏 - 春雨里洗过的太阳,99.38401442307692,Pop,国语,2008-12-26,,happy,1,0,0,
184,184,184,王力宏 - 爱的就是你 (浪漫版),95.703125,Pop,国语,2003-05-09,,happy,1,0,0,
185,185,185,王天放、DP龙猪 - 摇响你的Jingle Bells (Feat. Dragon Pig),95.703125,Pop,国语,2017-12-20,,happy,1,0,0,
186,186,186,王心凌 - 当你,135.99917763157896,Pop,国语,2003-02-24,,happy,1,0,0,
187,187,187,王心凌 - 睫毛弯弯(1),89.10290948275862,hiphop,,,,happy,1,0,0,
188,188,188,王心凌 - 睫毛弯弯,89.10290948275862,Pop,国语,2005-12-27,,happy,1,0,0,
189,189,189,王恰恰 - 晚风,129.19921875,rock,国语,2020-03-06,,happy,1,0,0,
190,190,190,王浪、范晓阳 - 心愿便利贴,95.703125,Pop,国语,2017-12-07,,happy,1,0,0,
191,191,191,王若琳 - 有你的快乐,112.34714673913044,Pop,国语,2008-01-11,,happy,1,0,0,
192,192,192,白小白 - 最美情侣,112.34714673913044,Pop,国语,2017-04-04,,happy,1,0,0,
193,193,193,白小白、球球 - 宠爱吖,161.4990234375,Pop,国语,2018-01-04,,happy,1,0,0,
194,194,194,皮卡丘多多 - 我和你,123.046875,Pop,国语,2020-05-01,,happy,1,0,0,
195,195,195,皮卡丘多多 - 我的果汁分你一半,99.38401442307692,Pop,国语,2020-04-13,,happy,1,0,0,
196,196,196,程jiajia - 山楂树の恋,78.30255681818181,Pop,国语,2019-08-08,,happy,1,0,0,
197,197,197,程jiajia - 我爱你 (Live片段),95.703125,hiphop,国语,2020-02-18,,happy,1,0,0,
198,198,198,程jiajia - 我爱你,95.703125,rock,国语,2020-02-18,,happy,1,0,0,
199,199,199,罗百吉 _ 宝贝 - I Miss You,89.10290948275862,Pop,国语,2007-12-28,,happy,1,0,0,
200,200,200,群星 - 让我为你唱一首歌,143.5546875,rock,,,,happy,1,0,0,
201,201,201,老狼 _ 任素汐 - 我要你,129.19921875,Soundtrack,国语,2016-10-21,,happy,1,0,0,
202,202,202,胖虎 - 拜拜,89.10290948275862,Pop,国语,2019-08-07,,happy,1,0,0,
203,203,203,胡66 - 浪人琵琶,143.5546875,Pop,国语,2018-05-28,,happy,1,0,0,
204,204,204,胡66 - 空空如也,151.9990808823529,Pop,国语,2017-12-14,,happy,1,0,0,
205,205,205,至上励合 - 棉花糖,99.38401442307692,hiphop,,,,happy,1,0,0,
206,206,206,艾热、JelloRio李佳隆 - 星球坠落 (Live),117.45383522727272,Rap/HipHop,国语,2018-07-28,,happy,1,0,0,
207,207,207,花姐 - 狂浪,117.45383522727272,Pop,国语,2018-12-06,,happy,1,0,0,
208,208,208,花澤香菜 - 恋愛サーキュレーション (恋爱循环),117.45383522727272,Soundtrack,日语,2018-11-02,,happy,1,0,0,
209,209,209,苏大大 - 小崽子,103.359375,Pop,国语,2018-03-29,,happy,1,0,0,
210,210,210,苏芮 _ 张惠妹 - 跟着感觉走,172.265625,Pop,国语,2003-07-31,,happy,1,0,0,
211,211,211,茂茂 - 遥远的你 (原唱),129.19921875,Pop,国语,2018-12-04,,happy,1,0,0,
212,212,212,草蜢 - 失恋阵线联盟,129.19921875,Pop,国语,1990-10-18,,happy,1,0,0,
213,213,213,菜刀、KT - 我每首情歌都唱给你听,161.4990234375,hiphop,,,,happy,1,0,0,
214,214,214,萌萌哒天团 - 帝都,99.38401442307692,Pop,国语,2015-01-22,,happy,1,0,0,
215,215,215,萧亚轩 - 爱的主打歌,129.19921875,Pop,国语,2002-08-30,,happy,1,0,0,
216,216,216,萧亚轩 - 爱的主打歌~1,129.19921875,hiphop,其他,2018-12-19,,happy,1,0,0,
217,217,217,蔡依林 - Love Love Love,117.45383522727272,Pop,国语,2004-02-27,,happy,1,0,0,
218,218,218,蔡依林 - 日不落,129.19921875,Pop,国语,2007-09-21,,happy,1,0,0,
219,219,219,蔡依林 - 爱情三十六计,123.046875,Pop,国语,2004-02-27,,happy,1,0,0,
220,220,220,蔡依林 - 特务J,143.5546875,Pop,国语,2007-09-21,,happy,1,0,0,
221,221,221,蔡依林 - 看我72变,129.19921875,Pop,国语,2003-03-07,,happy,1,0,0,
222,222,222,蔡依林 - 说爱你,103.359375,Pop,国语,2003-03-07,,happy,1,0,0,
223,223,223,蔡依林 - 说爱你~1,103.359375,Pop,国语,2005-09-23,,happy,1,0,0,
224,224,224,蔡健雅 - 红色高跟鞋,172.265625,Pop,国语,2009-08-19,,happy,1,0,0,
225,225,225,蔡徐坤 - 情人,86.1328125,Pop,国语,2020-05-24,,happy,1,0,0,
226,226,226,蔡黄汝 - 迷人的危险,135.99917763157896,Pop,国语,2020-01-06,,happy,1,0,0,
227,227,227,薛凯琪 _ 陈意涵 _ 杨子姗 - 一起老去,95.703125,Soundtrack,国语,2014-07-02,,happy,1,0,0,
228,228,228,薛明媛、朱贺 - 非酋,99.38401442307692,Pop,国语,2017-07-09,,happy,1,0,0,
229,229,229,要不要买菜 - 下山,83.35433467741936,hiphop,国语,2019-11-22,,happy,1,0,0,
230,230,230,要不要买菜 - 下山~1,83.35433467741936,Pop,其他,2019-03-22,,happy,1,0,0,
231,231,231,要不要买菜 - 火红的萨日朗,112.34714673913044,reggae,国语,2019-12-10,,happy,1,0,0,
232,232,232,许嵩 - 有何不可,99.38401442307692,Pop,国语,2009-01-10,,happy,1,0,0,
233,233,233,许嵩 - 有何不可~1,99.38401442307692,blues,其他,2019-08-07,,happy,1,0,0,
234,234,234,许嵩 - 玫瑰花的葬礼,83.35433467741936,Pop,国语,2007-06-02,,happy,1,0,0,
235,235,235,许嵩 _ 何曼婷 - 素颜,86.1328125,Pop,国语,2010-08-18,,happy,1,0,0,
236,236,236,许巍 - 曾经的你,95.703125,Rock,国语,2006-09-01,,happy,1,0,0,
237,237,237,许巍 - 生活不止眼前的苟且,151.9990808823529,Pop,国语,2016-03-18,,happy,1,0,0,
238,238,238,许巍 - 蓝莲花,89.10290948275862,Pop,国语,2002-12-01,,happy,1,0,0,
239,239,239,贝贝帅 - 星光背后,129.19921875,Pop,粤语,2020-06-05,,happy,1,0,0,
240,240,240,赵雷 - 我们的时光,83.35433467741936,Folk,国语,2014-10-19,,happy,1,0,0,
241,241,241,郑国锋、小凌 - 甜不辣,129.19921875,Pop,国语,2014-03-14,,happy,1,0,0,
242,242,242,郑建鹏、Y U Jay - 小奶狗VS大狼狗,83.35433467741936,Rap/HipHop,国语,2018-07-09,,happy,1,0,0,
243,243,243,郑晓填 - 如果寂寞了,129.19921875,Pop,国语,2018-11-01,,happy,1,0,0,
244,244,244,金海心 - 那么骄傲,151.9990808823529,Pop,国语,2000-07-01,,happy,1,0,0,
245,245,245,锦零 - The Star,89.10290948275862,hiphop,,,,happy,1,0,0,
246,246,246,阿冷 - 春风吹,129.19921875,Pop,国语,2019-04-24,,happy,1,0,0,
247,247,247,阿妹啊 - 我想我不够好,112.34714673913044,Pop,国语,2020-04-09,,happy,1,0,0,
248,248,248,阿悠悠 - 一生与你擦肩而过,95.703125,Pop,国语,2019-11-07,,happy,1,0,0,
249,249,249,阿悠悠 - 你若三冬,99.38401442307692,hiphop,国语,2019-12-26,,happy,1,0,0,
250,250,250,阿悠悠 - 旧梦一场,95.703125,Pop,国语,2020-04-22,,happy,1,0,0,
251,251,251,阿肆 - 喜欢,69.83741554054055,Pop,国语,2017-12-28,,happy,1,0,0,
252,252,252,阿肆 _ 郭采洁 - 世界上的另一个我,135.99917763157896,Pop,国语,2017-10-24,,happy,1,0,0,
253,253,253,陈泫孝（大泫） - 静悄悄,129.19921875,Pop,国语,2018-03-27,,happy,1,0,0,
254,254,254,陈翔 - 烟火,123.046875,Soundtrack,国语,2011-01-01,,happy,1,0,0,
255,255,255,陈雪凝 - 淋雨一直走+说爱你+可不可以给我你的微信 (片段),95.703125,blues,,,,happy,1,0,0,
256,256,256,陶喆 - 就是爱你,73.828125,R&B,国语,2005-01-21,,happy,1,0,0,
257,257,257,陶喆 - 就是爱你~1,73.828125,rock,,,,happy,1,0,0,
258,258,258,音阙诗听 _ 赵方婧 - 芒种,99.38401442307692,hiphop,国语,2020-04-04,,happy,1,0,0,
259,259,259,顽主 - 老男孩 (女声版),151.9990808823529,blues,,,,happy,1,0,0,
260,260,260,颜人中 - 胆小鬼,112.34714673913044,blues,国语,2019-03-26,,happy,1,0,0,
261,261,261,飞儿乐团 - Lydia,80.74951171875,Pop,国语,2004-04-23,,happy,1,0,0,
262,262,262,飞儿乐团 - 你的微笑,123.046875,Pop,国语,2004-04-23,,happy,1,0,0,
263,263,263,高姗 - 遇见你的时候所有星星都落到我头上,117.45383522727272,Pop,国语,2015-01-15,,happy,1,0,0,
264,264,264,鹏鹏 _ 付豪 - 爱你一万年,129.19921875,Rock,国语,2020-04-13,,happy,1,0,0,
265,265,265,麦小兜、单色凌 - OK歌 (skr版),151.9990808823529,Pop,国语,2018-03-14,,happy,1,0,0,
266,266,266,黄雅莉 - 蝴蝶泉边 (Live),143.5546875,Pop,国语,2017-05-07,,happy,1,0,0,
267,267,267,黎林添娇 - 星月糖,95.703125,Pop,国语,2020-05-16,,happy,1,0,0,
268,268,268,911 - I Do,95.703125,Pop,英语,2013-09-08,,mad,1,0,0,
269,269,269,AaronicStuff - Take a Walk [A Cappella],99.38401442307692,Other,英语,2008-05-04,,mad,1,0,0,
270,270,270,Adam Lambert - Trespassing,117.45383522727272,Pop,英语,2012-05-14,,mad,1,0,0,
271,271,271,Adelén - Spell On Me,117.45383522727272,Pop,英语,2015-11-13,,mad,1,0,0,
272,272,272,Alina Baraz _ filous _ Khalid - Floating(feat. Khalid) (filous Remix),89.10290948275862,R&B,英语,2019-02-08,,mad,1,0,0,
273,273,273,Approaching Nirvana - You,129.19921875,Electronica,纯音乐,2012-03-24,,mad,1,0,0,
274,274,274,Armin Van Buuren _ Mr.Probz - Another You,129.19921875,Dance,英语,2015-04-21,,mad,1,0,0,
275,275,275,Armin Van Buuren _ Roxanne Emery - On Fire (Radio Edit),129.19921875,Dance,英语,2014-02-14,,mad,1,0,0,
276,276,276,Ava Max - Sweet but Psycho,135.99917763157896,Pop,英语,2018-08-17,,mad,1,0,0,
277,277,277,Avicii _ Rita Ora - Lonely Together,103.359375,Dance,英语,2017-11-10,,mad,1,0,0,
278,278,278,Avril Lavigne - Girlfriend,161.4990234375,Pop,英语,2007-02-27,,mad,1,0,0,
279,279,279,Axel Johansson - Do Or Die,89.10290948275862,Pop,英语,2018-08-31,,mad,1,0,0,
280,280,280,Bebe Rexha - I Got You,99.38401442307692,Pop,英语,2016-11-12,,mad,1,0,0,
281,281,281,BEYOND - 狂人山庄,129.19921875,Pop,粤语,1993-05-01,,mad,1,0,0,
282,282,282,BEYOND - 逼不得已,129.19921875,Rock,粤语,1995-06-15,,mad,1,0,0,
283,283,283,Black Sabbath - Headless Cross,89.10290948275862,Rock,英语,1989-04-24,,mad,1,0,0,
284,284,284,Blur - Fool's Day,112.34714673913044,Rock,英语,2010-04-17,,mad,1,0,0,
285,285,285,Blur - Parklife,135.99917763157896,Rock,英语,2000-10-30,,mad,1,0,0,
286,286,286,Byrer Xinged杏子 - YELLOW,117.45383522727272,hiphop,日语,2019-05-29,,mad,1,0,0,
287,287,287,Candee! - Ein Kleines Lied (Around the World),129.19921875,hiphop,,,,mad,1,0,0,
288,288,288,Cash Cash - Hero,151.9990808823529,Dance,英语,2016-06-24,,mad,1,0,0,
289,289,289,Charli XCX - After the Afterparty,92.28515625,Pop,英语,2016-10-28,,mad,1,0,0,
290,290,290,Charlie Puth - How Long,112.34714673913044,Pop,英语,2018-05-11,,mad,1,0,0,
291,291,291,Clean Bandit - Rather Be,123.046875,Dance,英语,2014-06-02,,mad,1,0,0,
292,292,292,Cobra Starship - Snakes On A Plane (Bring It),135.99917763157896,rock,,,,mad,1,0,0,
293,293,293,DAISHI DANCE (ダイシ・ダンス) _ Cécile Corbel - Take Me Hand,129.19921875,Pop,英语,2012-11-14,,mad,1,0,0,
294,294,294,Danny & The Juniors - At the Hop,172.265625,Pop,英语,2000-01-01,,mad,1,0,0,
295,295,295,Darin - Viva La Vida,123.046875,Pop,英语,2010-06-10,,mad,1,0,0,
296,296,296,Darin _ Dara Rolins - Be What You Wanna Be,103.359375,Pop,英语,2012-11-05,,mad,1,0,0,
297,297,297,Darius _ Aili Teigmo _ Finlay - World's Crashing Down (Club Edit),129.19921875,Dance,英语,2016-04-29,,mad,1,0,0,
298,298,298,David Guetta - Titanium,123.046875,Electronica,英语,2011-08-29,,mad,1,0,0,
299,299,299,Deep Chills _ IVIE - Run Free (Radio Edit),99.38401442307692,Electronica,英语,2017-08-18,,mad,1,0,0,
300,300,300,Dia Frampton - Walk Away,112.34714673913044,Pop,英语,2011-12-06,,mad,1,0,0,
301,301,301,Doctrine Doctrine - モディファイ,99.38401442307692,Pop,日语,2018-06-20,,mad,1,0,0,
302,302,302,Doctrine Doctrine - ローファイ・タイムズ,135.99917763157896,Pop,日语,2018-06-20,,mad,1,0,0,
303,303,303,Doughnuts Hole - おとなの掟 (成人法则),86.1328125,Pop,日语,2017-02-07,,mad,1,0,0,
304,304,304,Dre'es _ Mia - Warm,95.703125,Pop,英语,2017-10-19,,mad,1,0,0,
305,305,305,Ed Sheeran - Don't,95.703125,Pop,英语,2014-06-20,,mad,1,0,0,
306,306,306,Ed Sheeran - Shape of You,129.19921875,Pop,英语,2017-03-03,,mad,1,0,0,
307,307,307,Elliott Yamin - Don't Be Afraid,117.45383522727272,Pop,英语,2009-05-05,,mad,1,0,0,
308,308,308,Elvis Presley - Only You,83.35433467741936,rock,,,,mad,1,0,0,
309,309,309,Embody _ Claire Ridgely - Lost & Found,103.359375,Dance,英语,2017-05-19,,mad,1,0,0,
310,310,310,Emma Stevens - So Stop the World,92.28515625,EasyListening,英语,2015-04-10,,mad,1,0,0,
311,311,311,Epic Score - Our Flame Shall Endure,83.35433467741936,Soundtrack,纯音乐,2014-02-05,,mad,1,0,0,
312,312,312,Erik Grönwall - Higher,78.30255681818181,Pop,英语,2009-12-14,,mad,1,0,0,
313,313,313,Fall Out Boy - Favorite Record,129.19921875,Alternative,英语,2015-01-20,,mad,1,0,0,
314,314,314,Far Out _ Karra - Constellation,99.38401442307692,Dance,英语,2020-03-13,,mad,1,0,0,
315,315,315,French Kiss - Jealousy (Dance Radio),129.19921875,hiphop,,,,mad,1,0,0,
316,316,316,FrogMonster - Remember Our Summer,129.19921875,Pop,英语,2019-08-16,,mad,1,0,0,
317,317,317,Galen Crew - Smiling Down On Me,107.666015625,NewAge,英语,2012-01-03,,mad,1,0,0,
318,318,318,Glay - I'm In Love,86.1328125,Pop,日语,2001-12-27,,mad,1,0,0,
319,319,319,Glay - 疾走れ!ミライ (急速奔驰!未来),95.703125,Pop,日语,2014-10-15,,mad,1,0,0,
320,320,320,GLAY - 空が青空であるために (因为是蓝天),99.38401442307692,Soundtrack,日语,2015-11-02,,mad,1,0,0,
321,321,321,GMR - FC - 星际魂斗罗 - STAGE_1,135.99917763157896,Soundtrack,纯音乐,2009-03-04,,mad,1,0,0,
322,322,322,Hearts & Colors - I'm So Sorry,117.45383522727272,Pop,英语,2017-10-17,,mad,1,0,0,
323,323,323,Helloween - Forever And One (Neverland),63.024009146341456,rock,,,,mad,1,0,0,
324,324,324,Hi-Finesse - Sky Dream (Avengers# Age Of Ultron - Teaser Music),92.28515625,Pop,韩语,2020-04-09,,mad,1,0,0,
325,325,325,Icona Pop - All Night,123.046875,Pop,英语,2013-07-23,,mad,1,0,0,
326,326,326,ILLENIUM _ Nevve - Fractures,107.666015625,Electronica,英语,2017-02-06,,mad,1,0,0,
327,327,327,Imagine Dragons - Demons,172.265625,Alternative,英语,2014-01-20,,mad,1,0,0,
328,328,328,Imagine Dragons - Radioactive,135.99917763157896,Pop,英语,2012-02-14,,mad,1,0,0,
329,329,329,Innertier - Får ikke nok av deg,117.45383522727272,Pop,挪威语,2018-02-16,,mad,1,0,0,
330,330,330,James Blunt - Cold,107.666015625,Pop,英语,2019-08-29,,mad,1,0,0,
331,331,331,Jillian Rae - Wayward One,117.45383522727272,Country,英语,2019-05-31,,mad,1,0,0,
332,332,332,Joan Jett - I Hate Myself For Loving You,117.45383522727272,Rock,英语,2006-01-24,,mad,1,0,0,
333,333,333,Joel Hanson - Traveling Light,117.45383522727272,Country,英语,2002-04-16,,mad,1,0,0,
334,334,334,KarlK - Daydreamer (Radio Edit),123.046875,Pop,英语,2016-09-02,,mad,1,0,0,
335,335,335,Kenny G、Eagles - The One You Love,151.9990808823529,Pop,英语,1997-01-01,,mad,1,0,0,
336,336,336,Kesha - Crazy Kids (Explicit),129.19921875,rock,,,,mad,1,0,0,
337,337,337,Kesha - Die Young,129.19921875,hiphop,,,,mad,1,0,0,
338,338,338,Kiss乐队 - The One You Love,151.9990808823529,Pop,英语,2004-05-21,,mad,1,0,0,
339,339,339,Kungs _ Cookin' On 3 Burners - This Girl,123.046875,Dance,英语,2016-11-04,,mad,1,0,0,
340,340,340,L-Train - Undyne  Spear of Justice,123.046875,rock,,,,mad,1,0,0,
341,341,341,Led Zeppelin - Black Dog,161.4990234375,Rock,英语,1992-02-21,,mad,1,0,0,
342,342,342,Led Zeppelin - Four Sticks,143.5546875,Rock,英语,1971-11-08,,mad,1,0,0,
343,343,343,Led Zeppelin - Rock And Roll,172.265625,Rock,英语,1971-11-08,,mad,1,0,0,
344,344,344,Lenka - Blue Skies,112.34714673913044,Pop,英语,2015-06-16,,mad,1,0,0,
345,345,345,Lenka - Trouble Is A Friend,117.45383522727272,Pop,英语,2009-07-17,,mad,1,0,0,
346,346,346,Lenka - We Are The Brave,107.666015625,Soundtrack,英语,2017-12-22,,mad,1,0,0,
347,347,347,LINKIN PARK - In The End (最后),103.359375,Metal,英语,2000-10-24,,mad,1,0,0,
348,348,348,LINKIN PARK - Numb (原版伴奏),112.34714673913044,rock,英语,2017-06-17,,mad,1,0,0,
349,349,349,Linkin Park - Numb,112.34714673913044,Alternative,英语,2012-03-23,,mad,1,0,0,
350,350,350,Little Mix _ Charlie Puth - Oops,103.359375,Pop,英语,2016-11-18,,mad,1,0,0,
351,351,351,Lost Frequencies _ Janieck Devy - Reality,123.046875,Dance,英语,2015-05-22,,mad,1,0,0,
352,352,352,Lucky Stroke - Good Day,92.28515625,Pop,英语,2013-04-29,,mad,1,0,0,
353,353,353,Madeline Juno - You Know What_,123.046875,Pop,英语,2016-02-26,,mad,1,0,0,
354,354,354,Maggie Lindemann - Pretty Girl,95.703125,Pop,英语,2016-09-30,,mad,1,0,0,
355,355,355,Maisy Kay - Out of My Mind,95.703125,Folk,英语,2017-05-09,,mad,1,0,0,
356,356,356,Maksim Mrvica - Croatian Rhapsody,95.703125,rock,,,,mad,1,0,0,
357,357,357,Marble Sounds - Ship In The Sand,89.10290948275862,Rock,英语,2013-03-25,,mad,1,0,0,
358,358,358,Marilyn Manson - I Don't Like The Drugs (But the Drugs Like Me),95.703125,metal,,,,mad,1,0,0,
359,359,359,Maroon 5 - One More Night,92.28515625,Pop,英语,2012-06-25,,mad,1,0,0,
360,360,360,Matt Terry - Sucker for You,95.703125,Pop,英语,2017-10-13,,mad,1,0,0,
361,361,361,Max Oazo _ Moonessa - Once upon a Time (Bonzana Remix),103.359375,Electronica,英语,2018-08-03,,mad,1,0,0,
362,362,362,Mike Williams - Wait Another Day,123.046875,Dance,英语,2018-12-21,,mad,1,0,0,
363,363,363,Milk dog - 烟卷乐队_酷玩乐队-something just like this (Remix),107.666015625,Pop,英语,2018-07-12,,mad,1,0,0,
364,364,364,Mirah - Gotta Go Home,107.666015625,Pop,英语,1999-09-24,,mad,1,0,0,
365,365,365,Mr. Polska - Move Up(Lost Gravity),117.45383522727272,hiphop,,,,mad,1,0,0,
366,366,366,Must Save Jane - Into The Fire,95.703125,Soundtrack,纯音乐,2013-11-11,,mad,1,0,0,
367,367,367,Nana - Lonely,95.703125,Pop,英语,1997-07-21,,mad,1,0,0,
368,368,368,Nickelback - When We Stand Together,184.5703125,Rock,英语,2011-11-21,,mad,1,0,0,
369,369,369,Nightcore - Angel With A Shotgun,143.5546875,Electronica,英语,2013-06-20,,mad,1,0,0,
370,370,370,Noel Toto - Pam Pam,99.38401442307692,Pop,英语,2014-09-08,,mad,1,0,0,
371,371,371,Of Monsters And Men - Your Bones,117.45383522727272,Alternative,英语,2012-01-01,,mad,1,0,0,
372,372,372,Olly Murs - That Girl,89.10290948275862,Pop,英语,2016-11-11,,mad,1,0,0,
373,373,373,One Direction - Perfect,99.38401442307692,Pop,英语,2015-10-16,,mad,1,0,0,
374,374,374,Otto Knows - Dying For You,123.046875,Dance,英语,2016-01-15,,mad,1,0,0,
375,375,375,P!NK - Just Like Fire,161.4990234375,Soundtrack,英语,2016-05-27,,mad,1,0,0,
376,376,376,P!NK - Try,103.359375,Pop,英语,2012-10-19,,mad,1,0,0,
377,377,377,Pink Floyd - Marooned,73.828125,Rock,纯音乐,1994-03-28,,mad,1,0,0,
378,378,378,Pink Floyd - On The Run,83.35433467741936,Rock,英语,1973-03-01,,mad,1,0,0,
379,379,379,Pink Floyd - Wish You Were Here,123.046875,Rock,英语,1981-11-23,,mad,1,0,0,
380,380,380,Pitbull _ Jennifer Lopez _ Claudia Leitte - We Are One (Ole Ola),123.046875,hiphop,,,,mad,1,0,0,
381,381,381,Pitbull _ Kesha - Timber,129.19921875,Pop,英语,2013-11-25,,mad,1,0,0,
382,382,382,Pompeya - 90,89.10290948275862,Pop,英语,2011-08-31,,mad,1,0,0,
383,383,383,Queen - Bohemian Rhapsody,143.5546875,Rock,英语,1988-12-16,,mad,1,0,0,
384,384,384,Quiet Disorder _ Anderson - Silence Before The Storm,161.4990234375,Dance,英语,2017-09-29,,mad,1,0,0,
385,385,385,rairu - ドナーソング (Donor Song),135.99917763157896,Pop,日语,2016-02-17,,mad,1,0,0,
386,386,386,Ramin Djawadi、Tom Morello - Pacific Rim,86.1328125,Soundtrack,纯音乐,2013-07-26,,mad,1,0,0,
387,387,387,Rammstein - Eifersucht,129.19921875,metal,德语,1998-06-13,,mad,1,0,0,
388,388,388,Rammstein - Sehnsucht,143.5546875,metal,德语,2000-03-04,,mad,1,0,0,
389,389,389,Really Slow Motion - Burning Rome,117.45383522727272,Soundtrack,纯音乐,2009-01-01,,mad,1,0,0,
390,390,390,Redbone - Come And Get Your Love,107.666015625,Dance,英语,2014-01-01,,mad,1,0,0,
391,391,391,Rihanna _ Jay-Z - Umbrella,86.1328125,R&B,英语,2009-01-01,,mad,1,0,0,
392,392,392,Roxanne Emery _ Gareth Emery - Soldier,129.19921875,Dance,英语,2014-04-01,,mad,1,0,0,
393,393,393,Sasha Sloan - Dancing With Your Ghost,75.99954044117645,Pop,英语,2019-06-28,,mad,1,0,0,
394,394,394,Sawyer Fredericks - Lovers Still Alone,129.19921875,Folk,英语,2015-11-11,,mad,1,0,0,
395,395,395,Sex Pistols - I'm A Lazy Sod,129.19921875,Rock,英语,2017-08-22,,mad,1,0,0,
396,396,396,Sexion D'Assaut - Ma direction,107.666015625,Rap/HipHop,法语,2012-11-19,,mad,1,0,0,
397,397,397,Shakira - Try Everything,117.45383522727272,Pop,英语,2016-02-12,,mad,1,0,0,
398,398,398,Shaun Reynolds _ Lily Me - The Monster,99.38401442307692,Pop,英语,2013-12-13,,mad,1,0,0,
399,399,399,Skid Row - 18 & Life,89.10290948275862,metal,,,,mad,1,0,0,
400,400,400,Skid Row - Lamb,117.45383522727272,Rock,英语,2003-08-05,,mad,1,0,0,
401,401,401,Steven Burke - Hero's Theme,99.38401442307692,Soundtrack,纯音乐,2005-11-08,,mad,1,0,0,
402,402,402,Suede - Everything Will Flow,107.666015625,Rock,英语,1999-05-03,,mad,1,0,0,
403,403,403,talking heads - Take Me to the River,99.38401442307692,jazz,英语,2000-05-09,,mad,1,0,0,
404,404,404,TFBOYS - 我的朋友,151.9990808823529,Pop,国语,2019-08-05,,mad,1,0,0,
405,405,405,The Beach Boys - Good Vibration,151.9990808823529,Rock,英语,2017-09-08,,mad,1,0,0,
406,406,406,The Beatles - Can't Buy Me Love (Originally By The Beatles),172.265625,Jazz,英语,2014-02-01,,mad,1,0,0,
407,407,407,The Rolling Stones - Paint It Black,161.4990234375,Rock,英语,1966-04-15,,mad,1,0,0,
408,408,408,The Rolling Stones - Satisfaction (Original Single Mono Version),135.99917763157896,Pop,英语,2020-06-19,,mad,1,0,0,
409,409,409,The Score - Better Than One,135.99917763157896,Pop,英语,2014-09-23,,mad,1,0,0,
410,410,410,The Score - Revolution,172.265625,Alternative,英语,2017-01-20,,mad,1,0,0,
411,411,411,The Script - Hall of Fame,172.265625,Pop,英语,2012-08-20,,mad,1,0,0,
412,412,412,The Smashing Pumpkins - Bullet With Butterfly Wings,123.046875,Alternative,英语,2012-01-01,,mad,1,0,0,
413,413,413,The Smiths - This Charming Man,103.359375,Alternative,英语,2001-06-26,,mad,1,0,0,
414,414,414,Tone Damli - Stupid,117.45383522727272,Pop,英语,2010-10-22,,mad,1,0,0,
415,415,415,Tove Lo - Talking Body (Explicit),117.45383522727272,Country,英语,2020-06-23,,mad,1,0,0,
416,416,416,U.D.O. - Heart of Gold,123.046875,Rock,英语,2015-07-31,,mad,1,0,0,
417,417,417,U.D.O. - The Wrong Side of Midnight,151.9990808823529,metal,,,,mad,1,0,0,
418,418,418,Van Halen - jump (跳跃),129.19921875,Metal,英语,1998-05-17,,mad,1,0,0,
419,419,419,Various Artists - I'll Be Missing You,112.34714673913044,Pop,英语,2018-09-01,,mad,1,0,0,
420,420,420,Vicetone - Anywhere I Go,107.666015625,Dance,英语,2016-08-05,,mad,1,0,0,
421,421,421,Vicetone - Ensemble,129.19921875,Dance,纯音乐,2014-06-09,,mad,1,0,0,
422,422,422,Voicians - Empire,123.046875,Dance,纯音乐,2015-06-27,,mad,1,0,0,
423,423,423,Vox Angeli - New Soul,99.38401442307692,Pop,英语,2010-12-06,,mad,1,0,0,
424,424,424,Westlife - My Love,143.5546875,Pop,英语,2000-11-06,,mad,1,0,0,
425,425,425,Wild Child - Crazy Bird,92.28515625,Alternative,英语,2015-05-19,,mad,1,0,0,
426,426,426,Zedd - I Want You to Know,129.19921875,Pop,英语,2015-06-23,,mad,1,0,0,
427,427,427,いすぼくろ - シルバーワープ,123.046875,Pop,日语,2017-11-22,,mad,1,0,0,
428,428,428,そらこ - 一番街コスモナウト,161.4990234375,Pop,日语,2016-08-21,,mad,1,0,0,
429,429,429,キクチリョウタ (ばずパンだ) - Dancing People,92.28515625,Pop,日语,2016-03-16,,mad,1,0,0,
430,430,430,ラムジ - PLANET,107.666015625,Pop,日语,2006-06-07,,mad,1,0,0,
431,431,431,一口甜 - 圈住你,99.38401442307692,Pop,国语,2019-06-12,,mad,1,0,0,
432,432,432,万能青年旅店 - 那个北京人,184.5703125,rock,,,,mad,1,0,0,
433,433,433,今歌奏井 - 苦巧克力装饰,117.45383522727272,metal,,,,mad,1,0,0,
434,434,434,何勇 - 钟鼓楼,123.046875,Rock,国语,1994-05-01,,mad,1,0,0,
435,435,435,信乐团 - Rock and Roll Is Dead,95.703125,metal,国语,2011-10-16,,mad,1,0,0,
436,436,436,信乐团 - 回不去了,161.4990234375,Pop,国语,2011-10-16,,mad,1,0,0,
437,437,437,倉木麻衣 - 渡月橋 〜君 想ふ〜,95.703125,rock,,,,mad,1,0,0,
438,438,438,刀郎 - 喀什噶尔胡杨,107.666015625,Pop,国语,2004-12-29,,mad,1,0,0,
439,439,439,刀郎 - 守候在凌晨两点的伤心秀吧,103.359375,Pop,国语,2004-12-29,,mad,1,0,0,
440,440,440,刀郎 - 西海情歌,151.9990808823529,Pop,国语,2006-09-21,,mad,1,0,0,
441,441,441,刀郎 - 谢谢你,135.99917763157896,Pop,国语,2006-04-25,,mad,1,0,0,
442,442,442,华莎 (화사) - 마리아 (Maria),129.19921875,Pop,韩语,2020-06-29,,mad,1,0,0,
443,443,443,反光镜 - 嘿!姑娘,83.35433467741936,Rock,国语,2010-04-26,,mad,1,0,0,
444,444,444,吴彤 - 好春光,151.9990808823529,Soundtrack,国语,2000-02-07,,mad,1,0,0,
445,445,445,周冬雨、王俊凯、易烊千玺、刘昊然、陈飞宇、许魏洲、宋祖儿、陈学冬、董子健、谷嘉诚、尚语贤、曾舜晞、张雪迎、张哲瀚、陈都灵、蓝盈莹、李鸿其、王森、张慧雯、金晨、王嘉、李蔓瑄、周也、王紫璇、易恒、匡牧野、朱颜曼滋、孙嘉灵、王锵、张海宇、王西、张婧仪 - 星辰大海,75.99954044117645,rock,,,,mad,1,0,0,
446,446,446,唐朝 - 张炬无题,117.45383522727272,Rock,国语,1997-11-01,,mad,1,0,0,
447,447,447,奶小贱 _ 奶小深 _ 孽小瑞 - 口哨慢嗨,99.38401442307692,hiphop,纯音乐,2019-08-26,,mad,1,0,0,
448,448,448,小林信一 - ゲームより愛を込めて,172.265625,pop,,,,mad,1,0,0,
449,449,449,小橘子 - 与你同行,172.265625,Soundtrack,国语,2019-12-27,,mad,1,0,0,
450,450,450,崔健 - 像一把刀子,117.45383522727272,metal,,,,mad,1,0,0,
451,451,451,廖佳琳 - Rolling In The Deep (湖南花鼓戏版),103.359375,Pop,国语,2016-08-05,,mad,1,0,0,
452,452,452,张杰 - 骄傲的选择,151.9990808823529,Soundtrack,国语,2018-04-28,,mad,1,0,0,
453,453,453,扭曲机器 - 本能,117.45383522727272,Rock,国语,2003-09-01,,mad,1,0,0,
454,454,454,易烊千玺 - 冷静和热情之间,103.359375,Pop,国语,2019-12-20,,mad,1,0,0,
455,455,455,火箭少女101孟美岐 - 有种,95.703125,Soundtrack,国语,2019-01-15,,mad,1,0,0,
456,456,456,王利夫 - Anthem Of The Rebellion 叛军,71.77734375,rock,纯音乐,2011-12-01,,mad,1,0,0,
457,457,457,王利夫 - 联合舰队,99.38401442307692,metal,纯音乐,2011-12-01,,mad,1,0,0,
458,458,458,王源 - 友谊地久天长,123.046875,jazz,国语,2019-03-16,,mad,1,0,0,
459,459,459,王玥兮、陈希郡 - 我要戴朵花 (TV Version),123.046875,rock,,,,mad,1,0,0,
460,460,460,秋赤音 - 文学少年の憂鬱 (文学少年的忧郁),117.45383522727272,Pop,日语,2012-04-18,,mad,1,0,0,
461,461,461,窒息乐队 - 巨鲸落,112.34714673913044,rock,,,,mad,1,0,0,
462,462,462,翁素英 - 人在旅途,112.34714673913044,Pop,国语,2009-03-04,,mad,1,0,0,
463,463,463,聖飢魔II - PLANET  THE HELL (TV Version),129.19921875,Soundtrack,日语,2016-05-25,,mad,1,0,0,
464,464,464,聖飢魔II - 嵐の予感 (暴风雨的预感),117.45383522727272,rock,,,,mad,1,0,0,
465,465,465,腾讯光子工作室群 - 绝地求生：刺激战场宣传片音乐,151.9990808823529,Soundtrack,纯音乐,2018-09-30,,mad,1,0,0,
466,466,466,许嵩 - 有何不可,99.38401442307692,Pop,国语,2009-01-10,,mad,1,0,0,
467,467,467,超载乐队 - 破碎,129.19921875,metal,,,,mad,1,0,0,
468,468,468,轮回乐队 - 满江红,143.5546875,Rock,国语,2002-07-01,,mad,1,0,0,
469,469,469,迪克牛仔 - 你知道我在等你吗,135.99917763157896,Pop,国语,2004-03-01,,mad,1,0,0,
470,470,470,迪克牛仔 - 梦醒时分,135.99917763157896,Pop,国语,1998-09-29,,mad,1,0,0,
471,471,471,鈴葉屋 - 幻燈,135.99917763157896,Pop,日语,2014-10-26,,mad,1,0,0,
472,472,472,阿兰 - 浴火重生,95.703125,Pop,国语,2015-10-12,,mad,1,0,0,
473,473,473,陈斯琪、徐鹤尼、押切、陆离 - 爱是光年,103.359375,Soundtrack,国语,2018-05-25,,mad,1,0,0,
474,474,474,雪落caramel - ぱられループ (平行的轮回),129.19921875,blues,日语,2018-11-10,,mad,1,0,0,
475,475,475,零点乐队 - 爱不爱我,135.99917763157896,Pop,国语,1997-01-01,,mad,1,0,0,
476,476,476,饭团团さん - 内臓ありますか请问有内脏吗,123.046875,hiphop,日语,2019-03-01,,mad,1,0,0,
477,477,477,高能少年团 - 骄傲的少年,83.35433467741936,Soundtrack,国语,2017-03-31,,mad,1,0,0,
478,478,478,黒木渚 - 懺悔録,103.359375,Soundtrack,日语,2016-03-18,,mad,1,0,0,
479,479,479,A.F.D - Music Box Medley,83.35433467741936,jazz,纯音乐,2011-08-13,,peaceful,1,0,0,
480,480,480,Arte Refact (アルテ リファクト) - 三度日のオルゴール,161.4990234375,Soundtrack,纯音乐,2015-03-25,,peaceful,1,0,0,
481,481,481,Björk - Frosti,143.5546875,jazz,纯音乐,2010-01-26,,peaceful,1,0,0,
482,482,482,ChenDjoy - A Wish To The Moonlight,95.703125,EasyListening,纯音乐,2015-10-12,,peaceful,1,0,0,
483,483,483,Detektivbyrån - Hus vid havet,135.99917763157896,Alternative,纯音乐,2008-09-03,,peaceful,1,0,0,
484,484,484,Detektivbyrån - Laka-koffa,99.38401442307692,Pop,纯音乐,2008-05-02,,peaceful,1,0,0,
485,485,485,Detektivbyrån - Om du moter varg,107.666015625,rock,纯音乐,2008-09-03,,peaceful,1,0,0,
486,486,486,FAFA、雪二 - 想想念念,103.359375,Pop,国语,2019-08-07,,peaceful,1,0,0,
487,487,487,Foxtail-Grass Studio - 歳月-雲流れ-,143.5546875,Pop,纯音乐,2012-08-11,,peaceful,1,0,0,
488,488,488,Henry刘宪华 - 우주를 줄게 (给你宇宙),83.35433467741936,blues,,,,peaceful,1,0,0,
489,489,489,Hitomi (黒石ひとみ) - If I were a Bird,143.5546875,Soundtrack,纯音乐,2008-08-27,,peaceful,1,0,0,
490,490,490,IU - blueming (DJ覆盖色的美版),107.666015625,rock,,,,peaceful,1,0,0,
491,491,491,joysaaaa - 小一,99.38401442307692,blues,国语,2019-10-11,,peaceful,1,0,0,
492,492,492,Key Sounds Label (キー・サウンズ・レーベル) - ヒナギク (雏菊) (orgel Ver.),86.1328125,Soundtrack,纯音乐,2011-08-12,,peaceful,1,0,0,
493,493,493,Key Sounds Label (キー・サウンズ・レーベル) - 願いが叶う場所Ⅱ,67.99958881578948,Soundtrack,纯音乐,2005-01-28,,peaceful,1,0,0,
494,494,494,Kyoto Music Box Ensemble - BEST FRIEND ver.2,143.5546875,Pop,纯音乐,2015-02-25,,peaceful,1,0,0,
495,495,495,Li-2c - 隔岸观火,129.19921875,Pop,国语,2019-10-17,,peaceful,1,0,0,
496,496,496,Mars Lasar - Amy's Lullaby II,99.38401442307692,NewAge,纯音乐,1995-10-01,,peaceful,1,0,0,
497,497,497,Orgel Sound J-Pop - GOLDEN GIRL  Originally Performed By いきものがかり （オルゴール）,135.99917763157896,blues,,,,peaceful,1,0,0,
498,498,498,Orgel Sound J-Pop - Helpless Rain  Originally Performed By 中島美嘉 （オルゴール）,151.9990808823529,jazz,,,,peaceful,1,0,0,
499,499,499,Orgel Sound J-Pop - 愛してる Originally Performed By 中島美嘉 （オルゴール）,129.19921875,jazz,,,,peaceful,1,0,0,
500,500,500,Orgel Sound J-Pop - 蓮の花 Originally Performed By サカナクション （オルゴール）,99.38401442307692,blues,,,,peaceful,1,0,0,
501,501,501,Orgel Sound J-Pop - 足音 ～Be Strong  Originally Performed By Mr.Children （オルゴール）,135.99917763157896,blues,,,,peaceful,1,0,0,
502,502,502,Oskar Schuster - Fjarlægur,95.703125,Electronica,纯音乐,2015-11-30,,peaceful,1,0,0,
503,503,503,Philip Glass - Music Box,83.35433467741936,Electronica,纯音乐,2001-01-01,,peaceful,1,0,0,
504,504,504,Relax α Wave - A Town with an Ocean View,161.4990234375,WorldMusic,纯音乐,2015-05-25,,peaceful,1,0,0,
505,505,505,Relax α Wave - あの夏へ,143.5546875,WorldMusic,纯音乐,2015-05-24,,peaceful,1,0,0,
506,506,506,Reynard Silva - The Way I Still Love You,172.265625,Pop,英语,2014-03-05,,peaceful,1,0,0,
507,507,507,RURUTIA (ルルティア) - 流光,89.10290948275862,Pop,纯音乐,2007-06-27,,peaceful,1,0,0,
508,508,508,solfa (ソルファ) - I will (music box ver.),123.046875,jazz,纯音乐,2014-08-29,,peaceful,1,0,0,
509,509,509,Superluckyqi - 直觉 (完整版),129.19921875,blues,国语,2019-11-06,,peaceful,1,0,0,
510,510,510,TVサントラ - flower (music box ver.),117.45383522727272,jazz,纯音乐,2002-07-05,,peaceful,1,0,0,
511,511,511,TVサントラ - 約束 music box I,161.4990234375,jazz,纯音乐,2002-07-05,,peaceful,1,0,0,
512,512,512,Vicetone、Meron Ryan - Walk Thru Fire,117.45383522727272,Dance,英语,2018-08-03,,peaceful,1,0,0,
513,513,513,Yusee - 选择失忆 (片段),107.666015625,country,,,,peaceful,1,0,0,
514,514,514,Zealot周星星 - 流离,129.19921875,Pop,国语,2019-04-26,,peaceful,1,0,0,
515,515,515,Zealot周星星 - 足够,89.10290948275862,Pop,国语,2018-05-21,,peaceful,1,0,0,
516,516,516,Ólafur Arnalds _ Nils Frahm - 01_41,129.19921875,classical,,,,peaceful,1,0,0,
517,517,517,α波オルゴール (Relaxing Orgel) - G線上のアリア,151.9990808823529,EasyListening,纯音乐,2005-03-10,,peaceful,1,0,0,
518,518,518,α波オルゴール (Relaxing Orgel) - Love so sweet,95.703125,EasyListening,纯音乐,2007-06-25,,peaceful,1,0,0,
519,519,519,α波オルゴール (Relaxing Orgel) - もののけ姫 (幽灵公主),123.046875,jazz,纯音乐,2009-06-01,,peaceful,1,0,0,
520,520,520,α波オルゴール (Relaxing Orgel) - カノン,135.99917763157896,EasyListening,纯音乐,2005-03-10,,peaceful,1,0,0,
521,521,521,α波オルゴール (Relaxing Orgel) - シチリアーノ,151.9990808823529,EasyListening,纯音乐,2005-03-10,,peaceful,1,0,0,
522,522,522,α波オルゴール (Relaxing Orgel) - ジュピターの主題~組曲「惑星」より,107.666015625,EasyListening,纯音乐,2005-03-10,,peaceful,1,0,0,
523,523,523,α波オルゴール (Relaxing Orgel) - トロイメライ,112.34714673913044,EasyListening,纯音乐,2005-03-10,,peaceful,1,0,0,
524,524,524,α波オルゴール (Relaxing Orgel) - ノクターン作品9-2,151.9990808823529,EasyListening,纯音乐,2005-03-10,,peaceful,1,0,0,
525,525,525,α波オルゴール (Relaxing Orgel) - モーツァルトの子守歌,99.38401442307692,EasyListening,纯音乐,2005-03-10,,peaceful,1,0,0,
526,526,526,α波オルゴール (Relaxing Orgel) - 世界の約束 (哈尔的移动城堡主题曲 世界的约定),103.359375,jazz,纯音乐,2009-06-01,,peaceful,1,0,0,
527,527,527,α波オルゴール (Relaxing Orgel) - 主よ、人の望みの喜びよ,151.9990808823529,EasyListening,纯音乐,2005-03-10,,peaceful,1,0,0,
528,528,528,α波オルゴール (Relaxing Orgel) - 別れの曲,89.10290948275862,EasyListening,纯音乐,2005-03-10,,peaceful,1,0,0,
529,529,529,α波オルゴール (Relaxing Orgel) - 夏を待つセイル(帆)のように (宛若等待夏日的风帆),143.5546875,EasyListening,纯音乐,2007-12-14,,peaceful,1,0,0,
530,530,530,あな兄 - Fantastic story,161.4990234375,classical,日语,2011-11-19,,peaceful,1,0,0,
531,531,531,あな兄 - Liberal Life,135.99917763157896,country,日语,2011-11-19,,peaceful,1,0,0,
532,532,532,"あな兄 - sunnyday,rainyday,everyday",184.5703125,Soundtrack,纯音乐,2011-11-19,,peaceful,1,0,0,
533,533,533,あな兄 - おかえりなさいのうた,161.4990234375,rock,日语,2011-11-19,,peaceful,1,0,0,
534,534,534,りすたる (risutaru) - 恋色マスタースパーク,161.4990234375,EasyListening,纯音乐,2011-12-31,,peaceful,1,0,0,
535,535,535,りすたる (risutaru) - 砕月 (碎月),80.74951171875,EasyListening,纯音乐,2011-12-31,,peaceful,1,0,0,
536,536,536,ロクプラス - Scarlet's Dream,172.265625,EasyListening,纯音乐,2009-08-15,,peaceful,1,0,0,
537,537,537,ロクプラス - 上海喫茶店,95.703125,EasyListening,纯音乐,2009-08-15,,peaceful,1,0,0,
538,538,538,一口甜 - 慢慢等 (合唱版),129.19921875,Pop,国语,2020-01-16,,peaceful,1,0,0,
539,539,539,一芥殊笙 - 心跳的证明,86.1328125,rock,,,,peaceful,1,0,0,
540,540,540,不够 - 可能,92.28515625,rock,国语,2019-09-18,,peaceful,1,0,0,
541,541,541,不够 - 樱花草 (片段),135.99917763157896,Pop,国语,2006-06-01,,peaceful,1,0,0,
542,542,542,不称职歌手 - 关键词 (片段),123.046875,country,,,,peaceful,1,0,0,
543,543,543,中西亮輔 (なかにし りょうすけ) - 美月の思い出 (美月的回忆),143.5546875,Soundtrack,纯音乐,2014-03-26,,peaceful,1,0,0,
544,544,544,久木田薫 (きた かおる) - 「千と千尋の神隠し」~いつも何度でも (永远同在),92.28515625,Soundtrack,纯音乐,2005-03-24,,peaceful,1,0,0,
545,545,545,久木田薫 (きた かおる) - 「魔女の宅急便」~やさしさに包まれたなら,89.10290948275862,Soundtrack,纯音乐,2005-03-24,,peaceful,1,0,0,
546,546,546,久石让 (ひさいし じょう) - いつも何度でも (永远同在),117.45383522727272,Soundtrack,纯音乐,2003-06-25,,peaceful,1,0,0,
547,547,547,久石让 (ひさいし じょう) - いのちの名前 (生命之名),143.5546875,Soundtrack,纯音乐,2003-06-25,,peaceful,1,0,0,
548,548,548,久石让 (ひさいし じょう) - さんぽ,92.28515625,Soundtrack,纯音乐,1988-05-05,,peaceful,1,0,0,
549,549,549,久石让 (ひさいし じょう) - 旅立ち,161.4990234375,Soundtrack,纯音乐,1996-11-21,,peaceful,1,0,0,
550,550,550,久石让 (ひさいし じょう) - 風になる,107.666015625,Soundtrack,纯音乐,2003-06-25,,peaceful,1,0,0,
551,551,551,久石让 (ひさいし じょう) - 鳥の人 (鸟之人),172.265625,Soundtrack,纯音乐,1984-03-25,,peaceful,1,0,0,
552,552,552,任然 - 关键词,135.99917763157896,rock,,,,peaceful,1,0,0,
553,553,553,任然 - 凉城,129.19921875,Pop,国语,2016-11-25,,peaceful,1,0,0,
554,554,554,任然 - 后继者,129.19921875,Pop,国语,2016-11-25,,peaceful,1,0,0,
555,555,555,任然、小来哥 - 雀跃,123.046875,Soundtrack,国语,2017-07-13,,peaceful,1,0,0,
556,556,556,低苦艾乐队 - Intro,135.99917763157896,Folk,纯音乐,2014-10-21,,peaceful,1,0,0,
557,557,557,傅如乔 - 微微,112.34714673913044,Pop,国语,2020-03-20,,peaceful,1,0,0,
558,558,558,光宗信吉 (みつむね しんきち) - オルゴールの记忆,86.1328125,Soundtrack,纯音乐,2006-02-22,,peaceful,1,0,0,
559,559,559,八三夭 - 想见你想见你想见你,129.19921875,metal,国语,2019-11-11,,peaceful,1,0,0,
560,560,560,北宸 - 无你,99.38401442307692,blues,国语,2019-06-14,,peaceful,1,0,0,
561,561,561,匠音夫妇 - 一点点喜欢,92.28515625,Pop,国语,2011-05-27,,peaceful,1,0,0,
562,562,562,华晨宇、郎朗 - 好想爱这个世界啊 (Live),143.5546875,Pop,国语,2020-05-08,,peaceful,1,0,0,
563,563,563,南辞 - 那一刻我就对你一见倾心 (片段),172.265625,blues,,,,peaceful,1,0,0,
564,564,564,叫宝宝 - 愿,75.99954044117645,blues,国语,2020-03-25,,peaceful,1,0,0,
565,565,565,司南 - 冬眠,129.19921875,Pop,国语,2019-10-28,,peaceful,1,0,0,
566,566,566,向银莹 - 左肩,123.046875,hiphop,国语,2019-05-08,,peaceful,1,0,0,
567,567,567,哈利Halleeee - 星星失眠,129.19921875,Pop,国语,2020-04-23,,peaceful,1,0,0,
568,568,568,喵子Luka - 未闻花名,172.265625,Pop,纯音乐,2016-07-20,,peaceful,1,0,0,
569,569,569,奇然 - 青丝,95.703125,Pop,国语,2017-03-13,,peaceful,1,0,0,
570,570,570,姚智鑫 - Insomnia,117.45383522727272,Pop,英语,2008-11-17,,peaceful,1,0,0,
571,571,571,季彦霖 - 选择失忆,92.28515625,Pop,国语,2018-03-29,,peaceful,1,0,0,
572,572,572,封茗囧菌、洛少爷 - 不得不爱,80.74951171875,Pop,国语,2018-12-20,,peaceful,1,0,0,
573,573,573,小咪 - 我走后,117.45383522727272,blues,国语,2019-06-10,,peaceful,1,0,0,
574,574,574,小星星Aurora - 坠落星空,112.34714673913044,Electronica,国语,2019-03-11,,peaceful,1,0,0,
575,575,575,小星星Aurora - 红黑,99.38401442307692,Electronica,国语,2019-07-21,,peaceful,1,0,0,
576,576,576,川田瑠夏 (かわだ るか) - 懐かしい安らぎ (怀念的安逸),83.35433467741936,Soundtrack,纯音乐,2015-12-25,,peaceful,1,0,0,
577,577,577,希林娜依·高 - Someone You Loved (Live),107.666015625,Pop,英语,2020-05-02,,peaceful,1,0,0,
578,578,578,希林娜依·高 - 喜欢你 (Live),112.34714673913044,Pop,国语,2020-05-02,,peaceful,1,0,0,
579,579,579,彭十六 - 戏影,143.5546875,Pop,国语,2019-05-13,,peaceful,1,0,0,
580,580,580,徐秉龙、桃十五 - 青柠,107.666015625,Pop,国语,2017-08-25,,peaceful,1,0,0,
581,581,581,心理FM - 你梦中看到的就是你的人生 (节目),83.35433467741936,blues,国语,2015-01-01,,peaceful,1,0,0,
582,582,582,志方晶子 (志方あきこ) - EXEC CHRONICLE KEY,95.703125,Soundtrack,纯音乐,2008-08-25,,peaceful,1,0,0,
583,583,583,戚薇、俊昊 - 你是对的人,99.38401442307692,Pop,国语,2014-07-21,,peaceful,1,0,0,
584,584,584,折戸伸治 (おりと しんじ) - 羽根 (羽翼),161.4990234375,Pop,纯音乐,2002-09-27,,peaceful,1,0,0,
585,585,585,新乐尘符 - 每一句都很甜,99.38401442307692,Pop,国语,2018-05-03,,peaceful,1,0,0,
586,586,586,日本群星 (オムニバス) - Bittersweet,184.5703125,Pop,纯音乐,2014-02-28,,peaceful,1,0,0,
587,587,587,日本群星 (オムニバス) - My Memory (我的回忆),135.99917763157896,EasyListening,纯音乐,2004-06-25,,peaceful,1,0,0,
588,588,588,日本群星 (オムニバス) - secret base ~君がくれたもの~ (八音盒版),112.34714673913044,jazz,,,,peaceful,1,0,0,
589,589,589,日本群星 (オムニバス) - さくらんぼの実る頃,112.34714673913044,EasyListening,纯音乐,2008-09-11,,peaceful,1,0,0,
590,590,590,日本群星 (オムニバス) - となりのトトロ (邻家的龙猫),95.703125,jazz,纯音乐,2009-06-01,,peaceful,1,0,0,
591,591,591,日本群星 (オムニバス) - テルーの唄 (瑟鲁之歌),123.046875,jazz,纯音乐,2009-06-01,,peaceful,1,0,0,
592,592,592,日本群星 (オムニバス) - ポッケ村のテーマ (口袋村主题音乐),99.38401442307692,Soundtrack,纯音乐,2007-03-14,,peaceful,1,0,0,
593,593,593,日本群星 (オムニバス) - 可愛いアイルー,123.046875,Soundtrack,纯音乐,2007-03-14,,peaceful,1,0,0,
594,594,594,日本群星 (オムニバス) - 君をのせて (伴随着你),95.703125,EasyListening,纯音乐,2008-09-11,,peaceful,1,0,0,
595,595,595,日本群星 (オムニバス) - 夏の香り (夏日香气),112.34714673913044,EasyListening,纯音乐,2004-06-25,,peaceful,1,0,0,
596,596,596,日本群星 (オムニバス) - 始まりの唄,80.74951171875,Soundtrack,纯音乐,2009-05-13,,peaceful,1,0,0,
597,597,597,日本群星 (オムニバス) - 恵み深い人々の村 (久沐恩泽的科科特村),112.34714673913044,Soundtrack,纯音乐,2009-05-13,,peaceful,1,0,0,
598,598,598,日本群星 (オムニバス) - 愛は花、君はその種子 (爱是花，你是那种子)(1),117.45383522727272,jazz,纯音乐,2009-06-01,,peaceful,1,0,0,
599,599,599,日本群星 (オムニバス) - 愛は花、君はその種子 (爱是花，你是那种子),117.45383522727272,jazz,纯音乐,2009-06-01,,peaceful,1,0,0,
600,600,600,日本群星 (オムニバス) - 星が瞬くこんな夜に ～オルゴールVer.～,184.5703125,Soundtrack,纯音乐,2012-05-09,,peaceful,1,0,0,
601,601,601,日本群星 (オムニバス) - 最初から今まで (从开始到现在),95.703125,EasyListening,纯音乐,2004-06-25,,peaceful,1,0,0,
602,602,602,日本群星 (オムニバス) - 海の見える街 (临海小镇),151.9990808823529,jazz,纯音乐,2009-06-01,,peaceful,1,0,0,
603,603,603,日本群星 (オムニバス) - 花びらの刻 (花瓣飞舞之时) (オルゴールver.),161.4990234375,Soundtrack,纯音乐,2011-04-06,,peaceful,1,0,0,
604,604,604,日本群星 (オムニバス) - 青空ボタン (青空纽扣) (オルゴールver.),99.38401442307692,Soundtrack,纯音乐,2011-02-23,,peaceful,1,0,0,
605,605,605,杜宣达达达、王尔康 - 遥远的你 (治愈完整版),129.19921875,blues,,,,peaceful,1,0,0,
606,606,606,杨胖雨 - 这就是爱吗,151.9990808823529,blues,国语,2020-01-15,,peaceful,1,0,0,
607,607,607,棉子 - 勇气,69.83741554054055,Pop,国语,2019-12-22,,peaceful,1,0,0,
608,608,608,榊原由依 (さかきばら ゆい) - 魔法の宝石箱 (Music Box version),89.10290948275862,Pop,纯音乐,2006-12-20,,peaceful,1,0,0,
609,609,609,永彬Ryan.B - 像极了,103.359375,Pop,国语,2019-11-15,,peaceful,1,0,0,
610,610,610,爱吃巧乐兹 - 我还想她 (Live片段),117.45383522727272,Pop,国语,2008-10-18,,peaceful,1,0,0,
611,611,611,父后七日 - MUSIC BOX MAGIC (插曲),161.4990234375,blues,,,,peaceful,1,0,0,
612,612,612,王梓钰 - 青春不打烊,123.046875,Pop,国语,2017-06-06,,peaceful,1,0,0,
613,613,613,王梓钰、陈文辉 - 如果的事,129.19921875,blues,国语,2019-08-14,,peaceful,1,0,0,
614,614,614,王泽科 - 不顾,123.046875,blues,国语,2019-10-24,,peaceful,1,0,0,
615,615,615,王茗 - 大眠 (男声版),117.45383522727272,blues,国语,2020-01-19,,peaceful,1,0,0,
616,616,616,田中理恵 (たなか りえ) - 鈴代黎音キャラクターBGM,99.38401442307692,jazz,纯音乐,2008-10-29,,peaceful,1,0,0,
617,617,617,甲田雅人 (Masato Koda) - 英雄の証 (英雄之证),80.74951171875,Soundtrack,纯音乐,2009-05-13,,peaceful,1,0,0,
618,618,618,皮卡丘多多 - 你是对的人,89.10290948275862,blues,,,,peaceful,1,0,0,
619,619,619,皮卡丘多多 - 想想念念,103.359375,Pop,国语,2020-03-21,,peaceful,1,0,0,
620,620,620,皮卡丘多多 - 我和你,123.046875,Pop,国语,2020-05-01,,peaceful,1,0,0,
621,621,621,皮卡丘多多 - 我的果汁分你一半,99.38401442307692,Pop,国语,2020-04-13,,peaceful,1,0,0,
622,622,622,相声瓦舍 - 幻音宝盒,123.046875,Soundtrack,纯音乐,2012-02-11,,peaceful,1,0,0,
623,623,623,程jiajia - 我爱你,95.703125,rock,国语,2020-02-18,,peaceful,1,0,0,
624,624,624,程响 - 世界这么大还是遇见你,143.5546875,Pop,国语,2020-01-02,,peaceful,1,0,0,
625,625,625,等什么君 - 归寻,143.5546875,Pop,国语,2019-05-31,,peaceful,1,0,0,
626,626,626,等什么君 - 慕夏,83.35433467741936,hiphop,国语,2019-08-03,,peaceful,1,0,0,
627,627,627,纯音乐 - カノン (八音盒版),135.99917763157896,jazz,,,,peaceful,1,0,0,
628,628,628,群星 - 无尽的爱,135.99917763157896,Pop,纯音乐,2006-07-07,,peaceful,1,0,0,
629,629,629,翁梓铭、蓝心羽 - 舒伯特玫瑰,117.45383522727272,Pop,国语,2018-11-30,,peaceful,1,0,0,
630,630,630,胡66 - 后来遇见他,129.19921875,Pop,国语,2020-03-20,,peaceful,1,0,0,
631,631,631,脸红的思春期(BOL4) - You(=I),103.359375,rock,,,,peaceful,1,0,0,
632,632,632,脸红的思春期(BOL4) - 썸 탈꺼야 (玩暧昧),103.359375,Alternative,韩语,2017-09-28,,peaceful,1,0,0,
633,633,633,脸红的思春期(BOL4) - 우주를 줄게 (给你宇宙),83.35433467741936,Alternative,韩语,2016-08-29,,peaceful,1,0,0,
634,634,634,苏天伦 - 天空是蔚蓝色,129.19921875,Pop,纯音乐,2020-04-26,,peaceful,1,0,0,
635,635,635,苏白睡醒啦 - 樱花草,143.5546875,Pop,国语,2019-06-21,,peaceful,1,0,0,
636,636,636,菊谷知樹 (きくや ともき) - 月の猫,86.1328125,Soundtrack,纯音乐,2013-06-26,,peaceful,1,0,0,
637,637,637,蒋雪儿 - 莫问归期,143.5546875,rock,国语,2019-08-22,,peaceful,1,0,0,
638,638,638,蓝心羽 - Melody (remix),151.9990808823529,Electronica,英语,2015-10-17,,peaceful,1,0,0,
639,639,639,蓝心羽 - 别处的夕阳,143.5546875,blues,国语,2020-02-15,,peaceful,1,0,0,
640,640,640,蓝心羽 - 夏天的风,112.34714673913044,Pop,国语,2020-04-28,,peaceful,1,0,0,
641,641,641,蓝心羽 - 成全,151.9990808823529,country,国语,2019-07-18,,peaceful,1,0,0,
642,642,642,蓝心羽 - 爱要坦荡荡+love scenario (片段),129.19921875,Pop,韩语,2018-01-25,,peaceful,1,0,0,
643,643,643,蓝心羽 - 贩卖日落,135.99917763157896,rock,国语,2019-10-25,,peaceful,1,0,0,
644,644,644,蓝心羽、黄诗扶 - 听起来很浪漫的事,117.45383522727272,rock,国语,2020-03-25,,peaceful,1,0,0,
645,645,645,要不要买菜 - 琴师,161.4990234375,Pop,国语,2019-11-26,,peaceful,1,0,0,
646,646,646,贵族乐团 - 时光一去不复返,107.666015625,EasyListening,纯音乐,2004-01-01,,peaceful,1,0,0,
647,647,647,贵族乐团 - 龙猫,99.38401442307692,EasyListening,纯音乐,2004-01-01,,peaceful,1,0,0,
648,648,648,郭子果 - 倾殇,172.265625,rock,国语,2019-10-18,,peaceful,1,0,0,
649,649,649,郭曦文 - Galway Girl (片段),86.1328125,country,,,,peaceful,1,0,0,
650,650,650,锦零 - 小桥夜雨,161.4990234375,hiphop,国语,2020-01-17,,peaceful,1,0,0,
651,651,651,锦零、音阙诗听 - 空山新雨后,95.703125,Pop,国语,2019-03-18,,peaceful,1,0,0,
652,652,652,阮言Ruany - 美卷入画 (完整版),69.83741554054055,Pop,国语,2019-10-22,,peaceful,1,0,0,
653,653,653,陈卓璇 - 无羁 (Live),161.4990234375,Pop,国语,2020-05-02,,peaceful,1,0,0,
654,654,654,高梨康治 (たかなし やすはる) - Blue Bell,71.77734375,Soundtrack,纯音乐,2011-06-01,,peaceful,1,0,0,
655,655,655,高鱼 - 什么样的爱情,129.19921875,Pop,国语,2020-02-11,,peaceful,1,0,0,
656,656,656,鬼琴天地响 - eternity,123.046875,classical,纯音乐,2010-08-23,,peaceful,1,0,0,
657,657,657,4円 (ヨエン) - アイロニ (反语),89.10290948275862,Pop,日语,2013-04-27,,sad,1,0,0,
658,658,658,69 - 哪吒之魔童降世,129.19921875,Dance,其他,2020-03-31,,sad,1,0,0,
659,659,659,6诗人 - 卡布奇诺,95.703125,Pop,国语,2018-04-18,,sad,1,0,0,
660,660,660,A-Lin - 有一种悲伤,161.4990234375,Soundtrack,国语,2018-12-11,,sad,1,0,0,
661,661,661,AGA - Wonderful U (Demo),60.092659883720934,Pop,英语,2016-03-14,,sad,1,0,0,
662,662,662,Alan Walker - Alone,95.703125,Dance,英语,2018-12-14,,sad,1,0,0,
663,663,663,Alan Walker _ Iselin Solheim - Faded,89.10290948275862,Dance,英语,2015-12-04,,sad,1,0,0,
664,664,664,Alan Walker _ Noah Cyrus _ Digital Farm Animals _ Juliander - All Falls Down,99.38401442307692,Dance,英语,2018-12-14,,sad,1,0,0,
665,665,665,Approaching Nirvana - You (DJ版),129.19921875,Dance,英语,2020-05-22,,sad,1,0,0,
666,666,666,Approaching Nirvana - You,129.19921875,Electronica,纯音乐,2012-03-24,,sad,1,0,0,
667,667,667,Austin Mahone _ Rich Homie Quan - Send It,99.38401442307692,Pop,英语,2016-08-19,,sad,1,0,0,
668,668,668,Ayo97 _ 周思涵 - 感谢你曾来过,161.4990234375,Pop,国语,2017-02-12,,sad,1,0,0,
669,669,669,Baron - Comethru (Baron remix),117.45383522727272,country,,,,sad,1,0,0,
670,670,670,Bazzi - Myself,99.38401442307692,Pop,英语,2018-04-12,,sad,1,0,0,
671,671,671,Bebe Rexha - Ferrari,151.9990808823529,Pop,英语,2018-06-22,,sad,1,0,0,
672,672,672,BIGBANG (빅뱅) - Make Love,107.666015625,rock,,,,sad,1,0,0,
673,673,673,BIGBANG - GIRLFRIEND,86.1328125,Rap/HipHop,韩语,2016-12-13,,sad,1,0,0,
674,674,674,BIGBANG - IF YOU,143.5546875,Pop,韩语,2015-07-01,,sad,1,0,0,
675,675,675,BIGBANG - LOSER,89.10290948275862,Rap/HipHop,韩语,2015-05-01,,sad,1,0,0,
676,676,676,Billie Eilish - idontwannabeyouanymore,172.265625,Alternative,英语,2017-07-21,,sad,1,0,0,
677,677,677,Billie Eilish - wish you were gay,117.45383522727272,Alternative,英语,2019-03-29,,sad,1,0,0,
678,678,678,BLACKPINK - STAY,89.10290948275862,Dance,韩语,2016-11-01,,sad,1,0,0,
679,679,679,Boyce Avenue _ Bea Miller - We Can't Stop,80.74951171875,blues,,,,sad,1,0,0,
680,680,680,Charlie Puth - Attention,99.38401442307692,Pop,英语,2018-05-11,,sad,1,0,0,
681,681,681,Charlie Puth - We Don't Talk Anymore,99.38401442307692,Pop,英语,2016-01-29,,sad,1,0,0,
682,682,682,Chris Medina - What Are Words,123.046875,Pop,英语,2011-11-28,,sad,1,0,0,
683,683,683,Colbie Caillat - Try,92.28515625,Pop,英语,2014-09-30,,sad,1,0,0,
684,684,684,DAISHI DANCE (ダイシ・ダンス) _ Cécile Corbel - Take Me Hand,129.19921875,Pop,英语,2012-11-14,,sad,1,0,0,
685,685,685,DAOKO (ダヲコ) _ 米津玄師 (よねづ けんし) - 打上花火,95.703125,rock,,,,sad,1,0,0,
686,686,686,DiESi - 穿越时空的思念 (Remix),143.5546875,Pop,纯音乐,2020-04-23,,sad,1,0,0,
687,687,687,dirt party - 337am,117.45383522727272,Pop,纯音乐,2020-07-15,,sad,1,0,0,
688,688,688,DJ OKAWARI - Luv Letter,95.703125,country,纯音乐,2010-10-20,,sad,1,0,0,
689,689,689,DJ Snake _ Justin Bieber - Let Me Love You,135.99917763157896,Electronica,英语,2016-11-21,,sad,1,0,0,
690,690,690,Ellie Goulding - Love Me Like You Do,95.703125,Pop,英语,2015-01-07,,sad,1,0,0,
691,691,691,Else - Paris,103.359375,Electronica,纯音乐,2016-04-19,,sad,1,0,0,
692,692,692,Embody _ Camden Cox - Dreamin',123.046875,Electronica,英语,2016-05-27,,sad,1,0,0,
693,693,693,Eminem _ Rihanna - Love The Way You Lie,86.1328125,Rap/HipHop,英语,2010-01-01,,sad,1,0,0,
694,694,694,en - 嚣张,135.99917763157896,blues,国语,2019-08-07,,sad,1,0,0,
695,695,695,en - 嚣张~1,135.99917763157896,blues,其他,2018-03-30,,sad,1,0,0,
696,696,696,en - 暗示分离,129.19921875,Pop,国语,2019-08-23,,sad,1,0,0,
697,697,697,Feint - My Sunset (Original Mix),172.265625,Electronica,纯音乐,2020-02-26,,sad,1,0,0,
698,698,698,G.E.M. 邓紫棋 - 光年之外,89.10290948275862,Soundtrack,国语,2016-12-30,,sad,1,0,0,
699,699,699,G.E.M. 邓紫棋 - 泡沫,135.99917763157896,Pop,国语,2012-07-05,,sad,1,0,0,
700,700,700,Gamper & Dadoni _ Ember Island - Creep,123.046875,Dance,英语,2017-06-21,,sad,1,0,0,
701,701,701,Hans Zimmer - Cornfield Chase,95.703125,Soundtrack,纯音乐,2014-12-18,,sad,1,0,0,
702,702,702,HITA - 赤伶,73.828125,Pop,国语,2018-09-27,,sad,1,0,0,
703,703,703,HYE SUNG _ Lauv - Paris In The Rain (HYE SUNG Remix),89.10290948275862,hiphop,,,,sad,1,0,0,
704,704,704,iKON - LOVE SCENARIO,117.45383522727272,Pop,韩语,2018-01-25,,sad,1,0,0,
705,705,705,Jelani Aryeh - Daunt,80.74951171875,R&B,英语,2018-05-11,,sad,1,0,0,
706,706,706,Jeremy Zucker - comethru,184.5703125,Pop,英语,2018-09-28,,sad,1,0,0,
707,707,707,Joel Adams - Please Don't Go,83.35433467741936,Pop,英语,2015-11-02,,sad,1,0,0,
708,708,708,Kaash Paige - LOVE SONGS,117.45383522727272,blues,英语,2018-10-09,,sad,1,0,0,
709,709,709,Katie Sky - Monsters,89.10290948275862,SingerSongwriter,英语,2014-05-11,,sad,1,0,0,
710,710,710,Kid Travis _ Rich Brian - History,151.9990808823529,Electronica,英语,2018-09-11,,sad,1,0,0,
711,711,711,Kim Taylor - I Am You,117.45383522727272,Pop,英语,2009-03-01,,sad,1,0,0,
712,712,712,LEE HI - NO ONE,92.28515625,Dance,韩语,2019-05-30,,sad,1,0,0,
713,713,713,Lil Wayne - Sucker For Pain,83.35433467741936,Soundtrack,英语,2016-08-05,,sad,1,0,0,
714,714,714,LINKIN PARK - In The End (Remix)(DJ暖豪版),112.34714673913044,hiphop,纯音乐,2016-11-22,,sad,1,0,0,
715,715,715,LIU - That Girl (LIU Remix),89.10290948275862,Pop,英语,2019-05-07,,sad,1,0,0,
716,716,716,M83 - Midnight City,103.359375,Electronica,英语,2011-10-17,,sad,1,0,0,
717,717,717,MADILYN - Galway Girl,99.38401442307692,Folk,英语,2017-04-13,,sad,1,0,0,
718,718,718,Maggie Lindemann - Pretty Girl,95.703125,Pop,英语,2016-09-30,,sad,1,0,0,
719,719,719,MappleZS - May I see U again+I love you 3000 times,135.99917763157896,country,,,,sad,1,0,0,
720,720,720,Martin Garrix _ David Guetta _ Jamie Scott _ Romy - So Far Away,151.9990808823529,Dance,英语,2017-12-01,,sad,1,0,0,
721,721,721,Martin Garrix _ Troye Sivan - There For You,107.666015625,Pop,英语,2017-05-26,,sad,1,0,0,
722,722,722,Matte _ Ember Island - Umbrella (Matte Remix),103.359375,country,,,,sad,1,0,0,
723,723,723,MayPiano - Illusionary Daytime (钢琴版),95.703125,jazz,纯音乐,2019-06-19,,sad,1,0,0,
724,724,724,MC七星 - 佛说,89.10290948275862,Pop,国语,2017-10-18,,sad,1,0,0,
725,725,725,MC몽 - 죽을 만큼 아파서,123.046875,Pop,韩语,2010-06-24,,sad,1,0,0,
726,726,726,Mister-Mardan - Jocelyn Flores,135.99917763157896,Rap/HipHop,英语,2018-08-23,,sad,1,0,0,
727,727,727,Nana - Lonely,95.703125,Pop,英语,1997-07-21,,sad,1,0,0,
728,728,728,NINEONE # - i don't wanna see u anymore 2019,99.38401442307692,country,,,,sad,1,0,0,
729,729,729,Nohidea - Butterflies,89.10290948275862,Rap/HipHop,纯音乐,2017-05-21,,sad,1,0,0,
730,730,730,Olly Murs - That Girl,89.10290948275862,Pop,英语,2016-11-11,,sad,1,0,0,
731,731,731,Owl City - The Saltwater Room,112.34714673913044,Pop,英语,2009-01-01,,sad,1,0,0,
732,732,732,Pape-r - 你走以后1.0,112.34714673913044,rock,,,,sad,1,0,0,
733,733,733,Peter Roe - Last Reunion,69.83741554054055,Pop,纯音乐,2014-12-16,,sad,1,0,0,
734,734,734,Post Malone - Circles,117.45383522727272,Rap/HipHop,英语,2019-08-30,,sad,1,0,0,
735,735,735,RADWIMPS (ラッドウィンプス) - カイコ (蚕),135.99917763157896,Pop,日语,2014-03-11,,sad,1,0,0,
736,736,736,RADWIMPS - なんでもないや,83.35433467741936,Soundtrack,日语,2016-08-24,,sad,1,0,0,
737,737,737,RADWIMPS - スパークル,123.046875,Soundtrack,日语,2016-08-24,,sad,1,0,0,
738,738,738,RAiNBOW计划 _ 雷雨心 - 记念,112.34714673913044,Pop,国语,2014-08-28,,sad,1,0,0,
739,739,739,Rihanna - Diamonds,92.28515625,Pop,英语,2012-11-19,,sad,1,0,0,
740,740,740,Russ - Psycho (Pt. 2) (Explicit),83.35433467741936,hiphop,,,,sad,1,0,0,
741,741,741,S.H.E - 你曾是少年,78.30255681818181,Pop,国语,2015-05-20,,sad,1,0,0,
742,742,742,Selena Gomez _ Marshmello - Wolves,123.046875,rock,,,,sad,1,0,0,
743,743,743,SeVen.13 - Limitless（无限）,129.19921875,hiphop,纯音乐,2020-02-18,,sad,1,0,0,
744,744,744,SILENT SIREN (サイレント・サイレン) - secret base ~君がくれたもの~ (secret base ~你给我的所有~),135.99917763157896,rock,,,,sad,1,0,0,
745,745,745,Skylar Grey _ Diddy-Dirty Money - Coming Home,172.265625,Rap/HipHop,英语,2010-12-14,,sad,1,0,0,
746,746,746,SNØW - Sunset_Sunrise (Prod.Kendo),151.9990808823529,Pop,英语,2018-07-09,,sad,1,0,0,
747,747,747,Sub Urban - Cradles,161.4990234375,Alternative,英语,2019-01-04,,sad,1,0,0,
748,748,748,t.A.T.u. - Loves Me Not,129.19921875,Alternative,英语,2006-01-01,,sad,1,0,0,
749,749,749,The Chainsmokers _ Phoebe Ryan - All We Know,89.10290948275862,Dance,英语,2016-11-04,,sad,1,0,0,
750,750,750,Timbaland _ OneRepublic - Apologize,117.45383522727272,Pop,英语,2007-01-01,,sad,1,0,0,
751,751,751,Trevor Daniel _ Summer Walker - Falling (Summer Walker Remix),129.19921875,pop,,,,sad,1,0,0,
752,752,752,Troye Sivan - Strawberries & Cigarettes,83.35433467741936,Pop,英语,2018-03-16,,sad,1,0,0,
753,753,753,Troye Sivan _ Allday - For him.,161.4990234375,Pop,英语,2015-12-04,,sad,1,0,0,
754,754,754,Tsuki _ Shiloh Dynasty - Who_(feat. Shiloh Dynasty),112.34714673913044,Electronica,纯音乐,2016-04-02,,sad,1,0,0,
755,755,755,Twinbed - Trouble I'm In,129.19921875,Soundtrack,英语,2014-06-10,,sad,1,0,0,
756,756,756,Twinbed - Trouble I'm In~1,129.19921875,country,国语,2016-09-29,,sad,1,0,0,
757,757,757,Uu - 那女孩对我说,151.9990808823529,Pop,国语,2019-07-02,,sad,1,0,0,
758,758,758,Uu - 那男孩还好吗,151.9990808823529,Pop,国语,2019-11-08,,sad,1,0,0,
759,759,759,Various Artists - How You Make Me Feel,89.10290948275862,reggae,纯音乐,2014-01-01,,sad,1,0,0,
760,760,760,Vicetone _ Cozi Zuehlsdorff - Way Back (feat. Cozi Zuehlsdorff),107.666015625,Electronica,英语,2018-03-09,,sad,1,0,0,
761,761,761,White Cherry - MELANCHOLY,117.45383522727272,Electronica,纯音乐,2018-04-02,,sad,1,0,0,
762,762,762,Wiz Khalifa - See You Again,161.4990234375,Pop,英语,2015-03-17,,sad,1,0,0,
763,763,763,XXXTentacion - NUMB,161.4990234375,Pop,英语,2018-03-16,,sad,1,0,0,
764,764,764,XXXTentacion - SAD! (Explicit),99.38401442307692,Pop,英语,2018-03-16,,sad,1,0,0,
765,765,765,XXXTentacion - the remedy for a broken heart (why am I so in love) (Explicit),117.45383522727272,blues,,,,sad,1,0,0,
766,766,766,ラムジ - PLANET,107.666015625,Pop,日语,2006-06-07,,sad,1,0,0,
767,767,767,丁可 - If,112.34714673913044,Pop,英语,2011-03-30,,sad,1,0,0,
768,768,768,东子陌 - 爱不得忘不舍 (DJ版),129.19921875,hiphop,纯音乐,2020-01-14,,sad,1,0,0,
769,769,769,东子陌 - 送给未来的你,129.19921875,hiphop,纯音乐,2019-11-28,,sad,1,0,0,
770,770,770,于文文 - 体面 (咚鼓版)(DJ唐总、DJ陈安排版),129.19921875,Pop,国语,2019-08-16,,sad,1,0,0,
771,771,771,于文文 - 体面,172.265625,Pop,国语,2017-12-25,,sad,1,0,0,
772,772,772,于果 - 侧脸,129.19921875,Pop,国语,2018-02-01,,sad,1,0,0,
773,773,773,五月天 - 后来的我们,151.9990808823529,Rock,国语,2016-07-21,,sad,1,0,0,
774,774,774,五月天 - 突然好想你,69.83741554054055,Pop,国语,2008-10-23,,sad,1,0,0,
775,775,775,井胧 - 把孤独当做晚餐,99.38401442307692,blues,国语,2019-08-08,,sad,1,0,0,
776,776,776,任然 - 飞鸟和蝉,73.828125,Pop,国语,2020-07-03,,sad,1,0,0,
777,777,777,冰幽 _ 解忧草 - 辞·九门回忆,69.83741554054055,country,,,,sad,1,0,0,
778,778,778,刘大壮 - 一吻天荒 (吉他版),80.74951171875,Pop,国语,2020-07-13,,sad,1,0,0,
779,779,779,刘大壮 - 给我一首歌的时间 (片段),61.5234375,rock,国语,2020-04-03,,sad,1,0,0,
780,780,780,刘大壮 - 那些你很冒险的梦 (片段),69.83741554054055,rock,,,,sad,1,0,0,
781,781,781,刘若英 - 后来,151.9990808823529,Pop,国语,2000-01-07,,sad,1,0,0,
782,782,782,半阳 - 一曲相思,103.359375,Pop,国语,2018-09-21,,sad,1,0,0,
783,783,783,华语群星 - 意外 (Live片段),161.4990234375,hiphop,,,,sad,1,0,0,
784,784,784,卢冠廷 _ 莫文蔚 - 一生所爱,103.359375,Soundtrack,粤语,1995-05-01,,sad,1,0,0,
785,785,785,史蒂文·黄 - I Hate Falling In Love,117.45383522727272,Pop,英语,2012-08-22,,sad,1,0,0,
786,786,786,司南 - 冬眠,129.19921875,Pop,国语,2019-10-28,,sad,1,0,0,
787,787,787,司南 - 烟雨行舟,89.10290948275862,Pop,国语,2018-09-16,,sad,1,0,0,
788,788,788,名决 - 时间的过客,83.35433467741936,Pop,国语,2018-05-10,,sad,1,0,0,
789,789,789,周传雄 - 冬天的秘密,75.99954044117645,Pop,国语,2009-04-07,,sad,1,0,0,
790,790,790,周传雄 - 寂寞沙洲冷,117.45383522727272,Pop,国语,2005-06-29,,sad,1,0,0,
791,791,791,周传雄 - 樱吹雪,99.38401442307692,Pop,国语,2014-11-11,,sad,1,0,0,
792,792,792,周传雄 - 黄昏,78.30255681818181,Pop,国语,2000-12-25,,sad,1,0,0,
793,793,793,周杰伦 - 夜曲 (1),86.1328125,rock,国语,2020-02-13,,sad,1,0,0,
794,794,794,周杰伦 - 烟花易冷,151.9990808823529,Pop,国语,2010-05-18,,sad,1,0,0,
795,795,795,周杰伦 - 说好不哭（with 五月天阿信）,151.9990808823529,Pop,国语,2019-09-16,,sad,1,0,0,
796,796,796,周深 - 大鱼,135.99917763157896,Soundtrack,国语,2016-05-20,,sad,1,0,0,
797,797,797,喻言家 - 告白之夜 (中文填词版),135.99917763157896,Pop,国语,2019-11-18,,sad,1,0,0,
798,798,798,四只烤翅 - 给我一首歌的时间 (四合院版片段),92.28515625,R&B,国语,2008-10-15,,sad,1,0,0,
799,799,799,坂本昌一郎 (Jun.A) - 思い出をありがとう (谢谢你的回忆),151.9990808823529,Soundtrack,纯音乐,2013-08-30,,sad,1,0,0,
800,800,800,夏婉安 - 渡我不渡她,99.38401442307692,rock,国语,2019-04-01,,sad,1,0,0,
801,801,801,多雷 - 泡沫 (Swang Remix),89.10290948275862,Pop,国语,2017-11-13,,sad,1,0,0,
802,802,802,奥華子 (おく はなこ) - 10年,83.35433467741936,Pop,日语,2019-11-13,,sad,1,0,0,
803,803,803,妖姬、肖Music - EA7全凭感觉 (DJ版),129.19921875,hiphop,英语,2019-11-11,,sad,1,0,0,
804,804,804,姜烨玲 - 虹之间,143.5546875,blues,,,,sad,1,0,0,
805,805,805,孟颖 - 一个人挺好,103.359375,Pop,国语,2019-12-24,,sad,1,0,0,
806,806,806,季彦霖 - 选择失忆,92.28515625,Pop,国语,2018-03-29,,sad,1,0,0,
807,807,807,孤独诗人 - 渡我不渡她,99.38401442307692,Pop,国语,2019-01-18,,sad,1,0,0,
808,808,808,安筱冷 - 能轻易取代始终不重要,129.19921875,hiphop,英语,2019-10-21,,sad,1,0,0,
809,809,809,宋冬野 - 斑马，斑马,129.19921875,Folk,国语,2013-08-26,,sad,1,0,0,
810,810,810,宋冬野 - 莉莉安,184.5703125,Folk,国语,2013-08-26,,sad,1,0,0,
811,811,811,宋冬野 - 董小姐,117.45383522727272,Folk,国语,2012-12-27,,sad,1,0,0,
812,812,812,宣美 (선미) - 사이렌(Siren),123.046875,rock,,,,sad,1,0,0,
813,813,813,小咪 - 我走后,117.45383522727272,blues,国语,2019-06-10,,sad,1,0,0,
814,814,814,小星星Aurora - 坠落星空,112.34714673913044,Electronica,国语,2019-03-11,,sad,1,0,0,
815,815,815,庄心妍 - 不安,89.10290948275862,Pop,国语,2018-05-20,,sad,1,0,0,
816,816,816,庞宁 - 笨拙的想把所有温柔都给你,143.5546875,blues,国语,2020-05-20,,sad,1,0,0,
817,817,817,张泽熙 - 那个女孩,143.5546875,Pop,国语,2018-08-11,,sad,1,0,0,
818,818,818,张紫豪 - 可不可以,135.99917763157896,Pop,国语,2018-05-03,,sad,1,0,0,
819,819,819,张靓颖 - 只是没有如果,95.703125,Soundtrack,国语,2016-04-15,,sad,1,0,0,
820,820,820,张靓颖 _ 李荣浩 - 女儿国,107.666015625,Soundtrack,国语,2017-12-04,,sad,1,0,0,
821,821,821,彭十六 - 戏影,143.5546875,Pop,国语,2019-05-13,,sad,1,0,0,
822,822,822,徐佳莹 - 身骑白马,129.19921875,Pop,国语,2009-05-29,,sad,1,0,0,
823,823,823,徐良 _ 小凌 - 坏女孩,129.19921875,Pop,国语,2011-12-26,,sad,1,0,0,
824,824,824,房东的猫 - 云烟成雨,75.99954044117645,Folk,国语,2017-10-19,,sad,1,0,0,
825,825,825,新南 - 泡沫 (Swang Remix),172.265625,Pop,国语,2017-11-13,,sad,1,0,0,
826,826,826,明歆悦 - 离歌 (女声版片段),66.25600961538461,blues,,,,sad,1,0,0,
827,827,827,明洋 - 五月雨变奏电音 (Remix),161.4990234375,pop,纯音乐,2019-10-15,,sad,1,0,0,
828,828,828,春磊 - 烟花易冷 (片段),135.99917763157896,Pop,国语,2010-05-18,,sad,1,0,0,
829,829,829,春磊 - 雨纷纷 旧故里草木深 (live片段),129.19921875,metal,,,,sad,1,0,0,
830,830,830,是耀温顺 - 2020硬曲,123.046875,hiphop,纯音乐,2020-02-07,,sad,1,0,0,
831,831,831,是耀温顺 - Okok (DJ版片段),117.45383522727272,hiphop,纯音乐,2020-03-10,,sad,1,0,0,
832,832,832,是耀温顺 - 淡若清风,129.19921875,hiphop,纯音乐,2020-02-19,,sad,1,0,0,
833,833,833,曲肖冰 - 天亮以前说再见,80.74951171875,Pop,国语,2019-01-04,,sad,1,0,0,
834,834,834,曾轶可 - 三的颜色,112.34714673913044,Pop,国语,2018-05-08,,sad,1,0,0,
835,835,835,曾轶可 - 私奔,129.19921875,Pop,国语,2018-01-17,,sad,1,0,0,
836,836,836,李俊杰、婷汐 - 别让我放不下,117.45383522727272,Pop,国语,2018-06-02,,sad,1,0,0,
837,837,837,李常超(Lao乾媽) - 盗墓笔记·十年人间,151.9990808823529,Pop,国语,2018-07-31,,sad,1,0,0,
838,838,838,李浩天 - 哒哒KT,123.046875,Pop,纯音乐,2020-04-21,,sad,1,0,0,
839,839,839,李荣浩 - 年少有为,129.19921875,Pop,国语,2018-10-17,,sad,1,0,0,
840,840,840,李荣浩 - 耳朵,123.046875,Pop,国语,2018-10-17,,sad,1,0,0,
841,841,841,李荣浩 _ 余枫 - 如果这都不算爱 (Live),117.45383522727272,Pop,国语,2018-06-08,,sad,1,0,0,
842,842,842,杨宗纬 - 凉凉,89.10290948275862,Soundtrack,国语,2017-02-18,,sad,1,0,0,
843,843,843,林俊杰 - 修炼爱情,67.99958881578948,Pop,国语,2013-03-13,,sad,1,0,0,
844,844,844,林俊杰 - 那些你很冒险的梦,135.99917763157896,Pop,国语,2018-12-31,,sad,1,0,0,
845,845,845,林宥嘉 - 说谎,129.19921875,Pop,国语,2009-10-30,,sad,1,0,0,
846,846,846,枯木逢春 - 这一生关于你的风景,99.38401442307692,country,国语,2019-03-30,,sad,1,0,0,
847,847,847,梁博 - 出现又离开,117.45383522727272,Pop,国语,2019-04-19,,sad,1,0,0,
848,848,848,梁博 - 男孩 (Live),143.5546875,Pop,国语,2017-03-25,,sad,1,0,0,
849,849,849,棉子 - 别再对我好,103.359375,Pop,国语,2020-02-08,,sad,1,0,0,
850,850,850,欧邦聪、画风风、小可 - you (bootleg混音版),129.19921875,hiphop,纯音乐,2020-02-06,,sad,1,0,0,
851,851,851,毛不易 - 消愁,107.666015625,Pop,国语,2017-07-29,,sad,1,0,0,
852,852,852,汪苏泷 - 不分手的恋爱,172.265625,Pop,国语,2011-09-09,,sad,1,0,0,
853,853,853,沐泽 - 一吻天荒 (男生版片段),151.9990808823529,Pop,国语,2020-07-13,,sad,1,0,0,
854,854,854,泽亦龙 - 孤幻 (Perfect Mix),129.19921875,hiphop,英语,2019-10-14,,sad,1,0,0,
855,855,855,浪子兮 - 幻昼 (DJ版),123.046875,Pop,纯音乐,2020-04-21,,sad,1,0,0,
856,856,856,海龟先生 - 男孩别哭,172.265625,Rock,国语,2012-12-31,,sad,1,0,0,
857,857,857,渔圈、欧阳朵 - 失去才懂,99.38401442307692,Pop,国语,2016-12-09,,sad,1,0,0,
858,858,858,灿烈 - Stay With Me,83.35433467741936,Soundtrack,韩语,2016-12-03,,sad,1,0,0,
859,859,859,王天戈 - 心安理得,112.34714673913044,Pop,国语,2018-09-21,,sad,1,0,0,
860,860,860,王小帅 - 不是因为寂寞才想你,75.99954044117645,Pop,国语,2019-09-15,,sad,1,0,0,
861,861,861,王菲 - 匆匆那年,129.19921875,Pop,国语,2014-11-05,,sad,1,0,0,
862,862,862,王贰浪 - 像鱼,69.83741554054055,Pop,国语,2018-12-11,,sad,1,0,0,
863,863,863,王贰浪 - 虚拟 (DJ8先生版),129.19921875,Dance,国语,2020-04-01,,sad,1,0,0,
864,864,864,王靖雯不胖 - 爱，存在,172.265625,Pop,国语,2020-06-19,,sad,1,0,0,
865,865,865,白浩 - 迷人的危险 (DJ版),135.99917763157896,hiphop,纯音乐,2020-03-05,,sad,1,0,0,
866,866,866,百变小彤 - 戒烟 (片段),73.828125,country,,,,sad,1,0,0,
867,867,867,等什么君 - 关山酒,83.35433467741936,Pop,国语,2019-08-31,,sad,1,0,0,
868,868,868,等什么君 - 归寻,143.5546875,Pop,国语,2019-05-31,,sad,1,0,0,
869,869,869,简弘亦 - 你一定要幸福,143.5546875,Pop,国语,2016-11-08,,sad,1,0,0,
870,870,870,米津玄師 (よねづ けんし) - Lemon,86.1328125,Pop,日语,2018-03-14,,sad,1,0,0,
871,871,871,米津玄師 (よねづ けんし) - LOSER,123.046875,Pop,日语,2016-09-28,,sad,1,0,0,
872,872,872,精彩丁先森、苏亦枫 - 春娇与志明 (咚鼓版),92.28515625,Pop,纯音乐,2020-03-24,,sad,1,0,0,
873,873,873,精彩最初 - 我不配拥有爱,129.19921875,hiphop,国语,2019-11-01,,sad,1,0,0,
874,874,874,纯音乐 - You (钢琴版),86.1328125,jazz,,,,sad,1,0,0,
875,875,875,网络歌手 - 意外 (豪大大),123.046875,hiphop,,,,sad,1,0,0,
876,876,876,网络歌手 - 那个石家庄人 (carmen卡门),78.30255681818181,Pop,国语,2016-08-17,,sad,1,0,0,
877,877,877,羽生まゐご _ v flower _ 初音未来 (初音ミク) - ハレハレヤ (朗朗晴天),92.28515625,Pop,日语,2018-10-03,,sad,1,0,0,
878,878,878,耀仔 - Take Me Hand (新版),129.19921875,metal,纯音乐,2019-12-19,,sad,1,0,0,
879,879,879,耀仔 - 嗨 baby,129.19921875,pop,纯音乐,2020-02-13,,sad,1,0,0,
880,880,880,耀仔 - 我知道你 (拍手版),89.10290948275862,hiphop,纯音乐,2020-01-10,,sad,1,0,0,
881,881,881,耀仔 - 春娇与志明,161.4990234375,hiphop,粤语,2020-01-15,,sad,1,0,0,
882,882,882,者思范、汪金金先生鸭 - 生活值得期待 (完整版) (Remix),107.666015625,Pop,纯音乐,2020-03-31,,sad,1,0,0,
883,883,883,胡夏 - 知否知否,103.359375,Soundtrack,国语,2019-01-16,,sad,1,0,0,
884,884,884,胡小斐 _ 董嘉鸿 - 一不小心爱上你,99.38401442307692,pop,国语,2019-05-19,,sad,1,0,0,
885,885,885,胡彦斌 - 你要的全拿走,135.99917763157896,R&B,国语,2018-01-23,,sad,1,0,0,
886,886,886,胡歌 - 一吻天荒,86.1328125,Pop,国语,2012-07-16,,sad,1,0,0,
887,887,887,苏天伦 - 你拿什么来感同身受 (咚鼓版),129.19921875,Pop,纯音乐,2020-03-30,,sad,1,0,0,
888,888,888,苏晗 - 离岸,67.99958881578948,Pop,国语,2019-07-10,,sad,1,0,0,
889,889,889,茄子蛋 - 日常,129.19921875,Rock,国语,2017-07-28,,sad,1,0,0,
890,890,890,茄子蛋 - 浪子回头,129.19921875,Rock,闽南语,2017-07-28,,sad,1,0,0,
891,891,891,草东没有派对 - 山海,161.4990234375,Rock,国语,2016-02-19,,sad,1,0,0,
892,892,892,葛东琪 - 悬溺,95.703125,metal,国语,2019-10-18,,sad,1,0,0,
893,893,893,蒋先生 - 我也不想这样难过 (DJ版),129.19921875,Pop,纯音乐,2020-03-14,,sad,1,0,0,
894,894,894,蒋蒋 _ 曲肖冰 - 当真,129.19921875,Pop,国语,2018-08-24,,sad,1,0,0,
895,895,895,蓝心羽 - 小宇,143.5546875,Pop,国语,2019-02-01,,sad,1,0,0,
896,896,896,蔡健雅 - 红色高跟鞋,172.265625,Pop,国语,2009-08-19,,sad,1,0,0,
897,897,897,蔡健雅 - 越来越不懂,135.99917763157896,Pop,国语,2007-10-05,,sad,1,0,0,
898,898,898,薛之谦 - 木偶人,117.45383522727272,Pop,国语,2019-12-27,,sad,1,0,0,
899,899,899,薛之谦 - 演员,184.5703125,Pop,国语,2016-07-18,,sad,1,0,0,
900,900,900,薛之谦 - 病态,123.046875,Pop,国语,2019-12-27,,sad,1,0,0,
901,901,901,藤竹京 - 此生不换 (片段),129.19921875,country,国语,2019-05-10,,sad,1,0,0,
902,902,902,街道办GDC _ 欧阳耀莹 - 春娇与志明,172.265625,Rap/HipHop,粤语,2017-06-25,,sad,1,0,0,
903,903,903,袁娅维 - 说散就散,135.99917763157896,Pop,国语,2017-12-22,,sad,1,0,0,
904,904,904,许嵩 - 断桥残雪,80.74951171875,Pop,国语,2007-06-02,,sad,1,0,0,
905,905,905,许嵩 _ 何曼婷 - 素颜,86.1328125,Pop,国语,2010-08-18,,sad,1,0,0,
906,906,906,赵偲旖 - 空荡荡,123.046875,Pop,国语,2020-07-03,,sad,1,0,0,
907,907,907,赵方婧 - 尽头,184.5703125,Pop,国语,2016-11-30,,sad,1,0,0,
908,908,908,赵晨唏 - 失眠电台,75.99954044117645,Jazz,国语,2020-05-06,,sad,1,0,0,
909,909,909,赵雷 - 成都,184.5703125,Folk,国语,2016-12-21,,sad,1,0,0,
910,910,910,达多 (달다) - 금요병 (周五病),103.359375,blues,,,,sad,1,0,0,
911,911,911,邱霖Chill0 - 我的歌声里 (T.back Remix),80.74951171875,Rap/HipHop,国语,2014-01-06,,sad,1,0,0,
912,912,912,郭顶 - 保留,123.046875,Pop,国语,2016-11-25,,sad,1,0,0,
913,913,913,郭顶 - 水星记,135.99917763157896,Pop,国语,2016-11-25,,sad,1,0,0,
914,914,914,郭顶 - 水星记~1,135.99917763157896,blues,国语,2020-06-04,,sad,1,0,0,
915,915,915,阿悠悠 - 一生与你擦肩而过,95.703125,Pop,国语,2019-11-07,,sad,1,0,0,
916,916,916,阿悠悠 - 念旧,99.38401442307692,rock,国语,2019-08-25,,sad,1,0,0,
917,917,917,阿杜 - 撕夜,63.024009146341456,Pop,国语,2002-04-12,,sad,1,0,0,
918,918,918,阿翔班长 - 烟火里的尘埃 (片段),95.703125,rock,,,,sad,1,0,0,
919,919,919,陈奕迅 - 我们,151.9990808823529,Pop,国语,2018-04-10,,sad,1,0,0,
920,920,920,陈奕迅 - 红玫瑰,129.19921875,Pop,国语,2007-04-24,,sad,1,0,0,
921,921,921,陈小春 - 独家记忆,161.4990234375,Pop,国语,2008-04-09,,sad,1,0,0,
922,922,922,陈烁 - 嚣张 (DJ版),129.19921875,Pop,纯音乐,2020-05-14,,sad,1,0,0,
923,923,923,陈雪凝 - 你的酒馆对我打了烊,83.35433467741936,rock,国语,2019-02-19,,sad,1,0,0,
924,924,924,陈雪凝 - 绿色,123.046875,Pop,国语,2019-02-14,,sad,1,0,0,
925,925,925,陶喆 - 爱，很简单,69.83741554054055,Pop,国语,2003-08-08,,sad,1,0,0,
926,926,926,隔壁老樊 - 多想在平庸的生活拥抱你 (Live),117.45383522727272,Pop,国语,2019-06-08,,sad,1,0,0,
927,927,927,鞠文娴 - BINGBIAN病变 (女声版),112.34714673913044,Pop,国语,2018-01-27,,sad,1,0,0,
928,928,928,韩夜 - 一人饮酒醉 (改版片段),107.666015625,Pop,纯音乐,2020-04-09,,sad,1,0,0,
929,929,929,韩安旭 - 多幸运,112.34714673913044,Pop,国语,2015-10-23,,sad,1,0,0,
930,930,930,高至豪 - The Truth That You Leave (钢琴曲),129.19921875,EasyListening,纯音乐,2016-01-01,,sad,1,0,0,
931,931,931,魏新 - 离歌,66.25600961538461,Dance,国语,2020-04-13,,sad,1,0,0,
932,932,932,魏新雨 - 余情未了,103.359375,blues,国语,2019-05-21,,sad,1,0,0,
933,933,933,魏新雨 - 恋人心,83.35433467741936,Pop,国语,2014-06-16,,sad,1,0,0,
934,934,934,黄诗扶 - 九万字 (念白版),129.19921875,country,国语,2019-01-18,,sad,1,0,0,
935,935,935,뉴이스트 W - Dejavu,107.666015625,Dance,韩语,2018-06-25,,sad,1,0,0,
936,936,936,헤이즈 - We don't talk together (Feat. 기리보이) (Prod. SUGA),99.38401442307692,hiphop,,,,sad,1,0,0,
