,Unnamed: 0,video_like,video_forward,video_comment,goods_name,goods_whole_sale,bgm,language,genre,public_time,emotion,filename
0,0,1.3w,398,486,三妹严选TCSJ0809大容量水杯1450ml,5.9万,漂洋过海来看你 (DJ訫明) - DJ,国语,,2017-01-04,happy,漂洋过海来看你 (DJ版)
1,1,920,31,32,三妹严选TCSJ0809大容量水杯1450ml,5.9万,星月糖 (片段) - 黎林添娇,国语,Pop,2020-05-16,peaceful,星月糖 (cover_ 黎林添娇)
2,2,418,10,22,三妹严选TCSJ0809大容量水杯1450ml,5.9万,New Project Vol.3 - DJ,纯音乐,Dance,2019-09-13,happy,New Project Vol.3
3,3,728,27,35,三妹严选TCSJ0809大容量水杯1450ml,5.9万,卜卦 (咚鼓版) - 小猫多鱼,纯音乐,Pop,2020-05-18,happy,啤啤旋律 (片段)
4,4,308,4,12,三妹严选TCSJ0809大容量水杯1450ml,5.9万,牛在飞 - 张冬玲,国语,Pop,2018-01-16,happy,牛在飞
5,5,252,7,16,三妹严选TCSJ0809大容量水杯1450ml,5.9万,你的答案 - 阿冗,国语,Pop,2019-11-01,sad,你的答案
6,6,13.2w,"1,989","4,907",三妹严选TCSJ0809大容量水杯1450ml,5.9万,Back In Black - AC/DC,英语,Rock,1980-07-25,mad,Back In Black
7,7,840,28,33,三妹严选TCSJ0809大容量水杯1450ml,5.9万,口水说唱上头旋律 (Remix) - 寐加岛,国语,Pop,2020-06-20,happy,口水说唱上头旋律 (Remix)
8,8,170,2,5,滑溜溜发膜,3.9万,雨中的恋人们 (Live片段) - XIN,,,,happy,We Will Rock You (Live)
9,9,15,0,0,滑溜溜发膜,3.9万,蓝色海黑色河 (DJ版) - 69,国语,,2020-05-23,happy,蓝色海 黑色河 (DJ版)
10,10,29,0,0,滑溜溜发膜,3.9万,挥着翅膀的女孩 - 王喆,国语,Pop,2003-12-01,happy,容祖儿 - 挥着翅膀的女孩
11,11,7,0,0,滑溜溜发膜,3.9万,失恋阵线联盟 - 草蜢,国语,Pop,1990-10-18,happy,失恋阵线联盟
12,12,46,0,0,滑溜溜发膜,3.9万,妈妈我想你 - 汤潮,国语,Soundtrack,2019-12-06,happy,妈妈我想你
13,13,2.5w,"1,645","2,095",沙雕复读鸭电动毛绒玩具充电唱歌点头录音学说话吉雅图复读,2.1万,惊雷 (改编版片段) - 网络歌手,,,,happy,孤芳自赏 (改编版)
14,14,"2,131",43,94,沙雕复读鸭电动毛绒玩具充电唱歌点头录音学说话吉雅图复读,2.1万,糸くり - rikki,日语,,2002-08-21,happy,Into the Pavement (Frederik Olufsen Remix)
15,15,"1,266",68,224,沙雕复读鸭电动毛绒玩具充电唱歌点头录音学说话吉雅图复读,2.1万,官方回答 - O.WEN,,,,sad,官方回答 (抖音完整原版)
16,16,"5,259",278,478,沙雕复读鸭电动毛绒玩具充电唱歌点头录音学说话吉雅图复读,2.1万,官方回答 - O.WEN,,,,sad,官方回答 (抖音完整原版)
17,17,"1,349",183,56,沙雕复读鸭电动毛绒玩具充电唱歌点头录音学说话吉雅图复读,2.1万,官方回答 - O.WEN,,,,sad,官方回答 (抖音完整原版)
18,18,7.5w,400,"5,317",正宗湖南炎陵黄桃锦绣黄桃5斤礼盒装包邮,1.6万,辐射 - 邵彦棚,纯音乐,,2008-11-16,mad,2NE1 - 난 바빠
19,19,1.9w,"3,329",237,凡措夹脖子手动按摩夹颈椎按摩器,"9,382",Into the Pavement (Frederik Olufsen Remix) - Turboweekend,,,,happy,Into the Pavement (Frederik Olufsen Remix)
20,20,44,0,3,【50根】黑色打结发绳发圈红豆小樱桃头绳橡皮筋高弹力三股发饰,2.9万,相思 - 紫凌孤君,英语,Alternative,2013-11-11,sad,相思
21,21,61,1,5,【50根】黑色打结发绳发圈红豆小樱桃头绳橡皮筋高弹力三股发饰,2.9万,我已经爱上你 (正式版) - 刘旭阳,国语,Pop,2018-07-26,happy,我已经爱上你 (正式版)
22,22,20,0,0,【50根】黑色打结发绳发圈红豆小樱桃头绳橡皮筋高弹力三股发饰,2.9万,相思 - 紫凌孤君,国语,,2014-01-01,sad,相思
23,23,13,0,0,儿童连裤袜春秋女童打底裤薄款丝袜子白色夏季练功跳舞专用舞蹈袜,13.4万,你是我拒绝别人的理由 - 赵霏儿,国语,Pop,2019-01-30,happy,你是我拒绝别人的理由 (DJ Candy Extended)
24,24,"4,085",140,276,（韩欧飞）夏季新款彩色字母T 拍一发二(上衣+打底裤）,2.2万,我爱你不问归期 (片段) - 白小白,国语,Pop,2020-04-17,happy,我爱你不问归期
25,25,96,5,2,（韩欧飞）夏季新款彩色字母T 拍一发二(上衣+打底裤）,2.2万,流年兮 - 夏喘喘,其他,,2018-05-19,sad,流年兮
26,26,58,3,1,（韩欧飞）夏季新款彩色字母T 拍一发二(上衣+打底裤）,2.2万,我爱的人 - 小曼,国语,Pop,2019-12-13,peaceful,我爱的人
27,27,7.3w,"1,615","7,875",U.YI蘑菇气垫滋养霜,2.8万,Klamydia Umpitunnelissa - Klamydia,芬兰语,Punk,2007-08-03,mad,Klamydia Umpitunnelissa (Explicit)
28,28,2,0,0,夏季雪纺衫防晒披肩（48 之内发出）,"8,691",真的不容易 - 庄心妍,国语,Pop,2012-12-11,happy,真的不容易
29,29,4,0,0,夏季雪纺衫防晒披肩（48 之内发出）,"8,691",真的不容易 - 庄心妍,国语,Pop,2012-12-11,happy,真的不容易
30,30,9,1,0,夏季雪纺衫防晒披肩（48 之内发出）,"8,691",真的不容易 - 庄心妍,国语,Pop,2012-12-11,happy,真的不容易
31,31,29,4,1,夏季雪纺衫防晒披肩（48 之内发出）,"8,691",真的不容易 - 庄心妍,国语,Pop,2012-12-11,happy,真的不容易
32,32,202,7,8,夏季雪纺衫防晒披肩（48 之内发出）,"8,691",真的不容易 - 庄心妍,国语,Pop,2012-12-11,happy,真的不容易
33,33,3,2,0,夏季雪纺衫防晒披肩（48 之内发出）,"8,691",真的不容易 - 庄心妍,国语,Pop,2012-12-11,happy,真的不容易
34,34,269,1,11,卡通摩托车按压式网红小黄鸭回力小车鸭子小黄车玩具,"8,370",小黄鸭 (DJ版) - 山河、唐总,纯音乐,Dance,2018-10-23,mad,小黄鸭 (DJ版)
35,35,54,0,1,卡通摩托车按压式网红小黄鸭回力小车鸭子小黄车玩具,"8,370",军训歌 - 萌萌哒天团,国语,Pop,2015-08-26,happy,军训歌
36,36,23,0,1,卡通摩托车按压式网红小黄鸭回力小车鸭子小黄车玩具,"8,370",布谷鸟 - 安子与九妹,,,,happy,布谷鸟 (cover：安子与九妹)
37,37,32,0,1,卡通摩托车按压式网红小黄鸭回力小车鸭子小黄车玩具,"8,370",最火小黄鸭 - 沈梦逸,其他,Pop,2018-10-19,mad,最火小黄鸭
38,38,16,0,1,卡通摩托车按压式网红小黄鸭回力小车鸭子小黄车玩具,"8,370",Romeo's Tune - Pajaro Sunrise,英语,Folk,2006-01-01,mad,Pajaro Sunrise - Romeo's Tune
39,39,42,1,1,卡通摩托车按压式网红小黄鸭回力小车鸭子小黄车玩具,"8,370",布谷鸟 - 安子与九妹,,,,happy,布谷鸟 (cover：安子与九妹)
40,40,18.2w,636,"2,581",儿童马克笔套装 48色双头油性绘画笔,2.8万,鬼火の童・鬼切、虎徹にございます! - 増田俊郎,纯音乐,Soundtrack,2013-02-20,mad,鬼火の童・鬼切、虎徹にございます! (我们是鬼火童子鬼切、虎彻！)
41,41,2.6w,197,195,儿童马克笔套装 48色双头油性绘画笔,2.8万,鬼火の童・鬼切、虎徹にございます! - 増田俊郎,纯音乐,Soundtrack,2013-02-20,mad,鬼火の童・鬼切、虎徹にございます! (我们是鬼火童子鬼切、虎彻！)
42,42,1.2w,60,122,儿童马克笔套装 48色双头油性绘画笔,2.8万,鬼火の童・鬼切、虎徹にございます! - 増田俊郎,纯音乐,Soundtrack,2013-02-20,mad,鬼火の童・鬼切、虎徹にございます! (我们是鬼火童子鬼切、虎彻！)
43,43,1.1w,31,120,儿童马克笔套装 48色双头油性绘画笔,2.8万,布谷鸟 - 未知,国语,Pop,2017-09-11,happy,布谷鸟 (cover：安子与九妹)
44,44,"5,939",21,65,儿童马克笔套装 48色双头油性绘画笔,2.8万,布谷鸟 - 拂桑,国语,Pop,2017-09-11,happy,布谷鸟 (cover：安子与九妹)
45,45,"5,180",40,52,儿童马克笔套装 48色双头油性绘画笔,2.8万,鬼火の童・鬼切、虎徹にございます! - 増田俊郎,纯音乐,Soundtrack,2013-02-20,mad,鬼火の童・鬼切、虎徹にございます! (我们是鬼火童子鬼切、虎彻！)
46,46,"6,487",30,96,儿童马克笔套装 48色双头油性绘画笔,2.8万,布谷鸟 - 未知,国语,Pop,2017-09-11,happy,布谷鸟 (cover：安子与九妹)
47,47,486,1,3,儿童马克笔套装 48色双头油性绘画笔,2.8万,鬼火の童・鬼切、虎徹にございます! - 増田俊郎,纯音乐,Soundtrack,2013-02-20,mad,鬼火の童・鬼切、虎徹にございます! (我们是鬼火童子鬼切、虎彻！)
48,48,230,0,12,儿童马克笔套装 48色双头油性绘画笔,2.8万,旧梦一场 - 小,,,,happy,旧梦一场(改编DJ) (改编版原唱_ 阿悠悠)
49,49,10.7w,"5,487","5,428",萌小象-芭拉豆丁旗袍包包连衣裙,2.2万,爱江山更爱美人 (Live) - 小阿枫,,,,sad,爱江山更爱美人 (Live)
50,50,662,34,111,萌小象-芭拉豆丁旗袍包包连衣裙,2.2万,爱江山更爱美人 (Live) - 小阿枫,,,,sad,爱江山更爱美人 (Live)
51,51,102,10,5,萌小象-芭拉豆丁旗袍包包连衣裙,2.2万,爱江山更爱美人 (Live) - 小阿枫,国语,Pop,2019-08-26,sad,爱江山更爱美人 (Live)
52,52,37,2,1,萌小象-芭拉豆丁旗袍包包连衣裙,2.2万,赤伶 - 等什么君,国语,Other,2019-07-17,mad,别再问我什么是迪斯科（翻自 新裤子）
53,53,28,4,4,萌小象-芭拉豆丁旗袍包包连衣裙,2.2万,爱江山更爱美人 (Live) - 小阿枫,国语,Pop,2019-08-26,sad,爱江山更爱美人 (Live)
54,54,14,0,0,萌小象-芭拉豆丁旗袍包包连衣裙,2.2万,莫问归期 - 蒋雪儿,国语,,2019-08-22,peaceful,莫问归期
55,55,793,2,25,萌小象-芭拉豆丁旗袍包包连衣裙,2.2万,赤伶 - 等什么君,国语,Other,2019-07-17,mad,别再问我什么是迪斯科（翻自 新裤子）
56,56,7,0,1,萌小象-芭拉豆丁旗袍包包连衣裙,2.2万,赤伶 - 等什么君,国语,Other,2019-07-17,mad,别再问我什么是迪斯科（翻自 新裤子）
57,57,10,0,2,[坏果包赔]-香甜可口攀枝花凯特大脸芒-9斤/5斤果重350-800克,1.4万,赤伶 - 等什么君,国语,Other,2019-07-17,mad,别再问我什么是迪斯科（翻自 新裤子）
58,58,75,2,12,[坏果包赔]-香甜可口攀枝花凯特大脸芒-9斤/5斤果重350-800克,1.4万,Indian Summer (OriginalMix) - Candido,英语,Jazz,2014-09-30,happy,Feels Right (Original Mix)
59,59,"6,297",139,552,大小绿萝室内四季长垂藤吸甲醛净化空气吊兰水养花卉植物盆栽绿箩,1.8万,3Film Festival ~Consultation~ - 緑川光,其他,Soundtrack,2011-07-29,happy,3Film Festival ～Consultation～ (口白)
60,60,176,1,8,大小绿萝室内四季长垂藤吸甲醛净化空气吊兰水养花卉植物盆栽绿箩,1.8万,布谷鸟 - 安子与九妹,,,,happy,布谷鸟 (cover：安子与九妹)
61,61,89,0,9,大小绿萝室内四季长垂藤吸甲醛净化空气吊兰水养花卉植物盆栽绿箩,1.8万,布谷鸟 - 安子与九妹,,,,happy,布谷鸟 (cover：安子与九妹)
62,62,492,3,14,大小绿萝室内四季长垂藤吸甲醛净化空气吊兰水养花卉植物盆栽绿箩,1.8万,布谷鸟 - 安子与九妹,,,,happy,布谷鸟 (cover：安子与九妹)
63,63,16,0,5,大小绿萝室内四季长垂藤吸甲醛净化空气吊兰水养花卉植物盆栽绿箩,1.8万,旧梦一场 (DJ新南版) - 阿悠悠,国语,,2020-03-25,happy,旧梦一场(改编DJ) (改编版原唱_ 阿悠悠)
64,64,26,1,3,,"8,273",广寒宫 - 红格格,国语,Pop,2019-04-30,happy,丸子呦 - 广寒宫
65,65,41,1,11,,"8,273",我们一起学土拨鼠叫 (Remix) - 余小磊,其他,Dance,2018-08-07,happy,我们一起学土拨鼠叫 (Remix)
66,66,19,2,2,夏季中老年妈妈冰丝两件套大码女装中老年短袖T恤上衣+七分裤子薄,"6,749",你莫走 (DJ版) - 山水组合,,,,happy,你莫走 (DJ版)
67,67,21,2,0,夏季中老年妈妈冰丝两件套大码女装中老年短袖T恤上衣+七分裤子薄,"6,749",你莫走 (DJ版) - 山水组合,,,,happy,你莫走 (DJ版)
68,68,7,0,0,夏季中老年妈妈冰丝两件套大码女装中老年短袖T恤上衣+七分裤子薄,"6,749",爱 存在 (DJ版) - 未知,,,,happy,爱 存在 (DJ版)
69,69,5,0,0,夏季中老年妈妈冰丝两件套大码女装中老年短袖T恤上衣+七分裤子薄,"6,749",你莫走 (DJ版) - 山水组合,国语,Pop,2020-04-29,happy,你莫走 (DJ版)
70,70,"1,752",14,43,毛毯被子薄款夏天毯子夏季午睡毯空调毯小毛巾被冬季加厚珊瑚绒毯,5.3万,鬼火の童・鬼切、虎徹にございます! - 増田俊郎,纯音乐,Soundtrack,2013-02-20,mad,鬼火の童・鬼切、虎徹にございます! (我们是鬼火童子鬼切、虎彻！)
71,71,231,3,11,毛毯被子薄款夏天毯子夏季午睡毯空调毯小毛巾被冬季加厚珊瑚绒毯,5.3万,遥远的你 - 花僮,国语,Pop,2018-12-06,happy,遥远的你 (正式版)
72,72,852,2,19,毛毯被子薄款夏天毯子夏季午睡毯空调毯小毛巾被冬季加厚珊瑚绒毯,5.3万,鬼火の童・鬼切、虎徹にございます! - 増田俊郎,纯音乐,Soundtrack,2013-02-20,mad,鬼火の童・鬼切、虎徹にございます! (我们是鬼火童子鬼切、虎彻！)
73,73,234,5,7,毛毯被子薄款夏天毯子夏季午睡毯空调毯小毛巾被冬季加厚珊瑚绒毯,5.3万,心跳 - 王力宏,国语,Pop,2008-12-26,mad,王力宏 - 心跳
74,74,1.7w,330,322,手提购物袋新款,4.9万,毗卢遮那佛咒 - 般禅梵唱妙音组,泰语,,2005-10-01,mad,毗卢遮那佛咒
75,75,1.1w,293,544,手提购物袋新款,4.9万,我和你 - 皮卡丘多多,国语,Pop,2020-05-01,happy,我和你
76,76,744,27,34,手提购物袋新款,4.9万,没有你的旅程 - 小阿七,国语,Pop,2020-06-23,sad,没有你的旅程
77,77,535,18,52,手提购物袋新款,4.9万,没有你的旅程 - 小阿七,国语,Pop,2020-06-23,sad,没有你的旅程
78,78,198,11,37,手提购物袋新款,4.9万,想起了你 (片段) - 王恰恰,国语,Pop,2020-06-21,happy,想起了你 (原唱_ 程响)
79,79,268,4,40,手提购物袋新款,4.9万,想起了你 (片段) - 王恰恰,国语,Pop,2020-06-21,happy,想起了你 (原唱_ 程响)
80,80,"6,029",101,234,手提购物袋新款,4.9万,Mojito - 周杰伦,国语,Pop,2020-06-12,mad,Mojito
81,81,"3,744",33,89,闪魔 iPhoneX钢化膜11Pro苹果X全屏se2覆盖iPhoneXR蓝光7/8plus手机XR抗摔promax贴膜iphoneXsMax全包8防摔XS,31.1万,稍息立正站好 - 未知,,,,mad,范晓萱 - 稍息立正站好
82,82,91,4,20,闪魔 iPhoneX钢化膜11Pro苹果X全屏se2覆盖iPhoneXR蓝光7/8plus手机XR抗摔promax贴膜iphoneXsMax全包8防摔XS,31.1万,稍息立正站好 - 未知,,,,mad,范晓萱 - 稍息立正站好
83,83,305,4,17,闪魔 iPhoneX钢化膜11Pro苹果X全屏se2覆盖iPhoneXR蓝光7/8plus手机XR抗摔promax贴膜iphoneXsMax全包8防摔XS,31.1万,卡农 - 杨波,,,,happy,孤芳自赏 (改编版原唱_ 杨小壮_DJ弹鼓版)
84,84,66,1,10,闪魔 iPhoneX钢化膜11Pro苹果X全屏se2覆盖iPhoneXR蓝光7/8plus手机XR抗摔promax贴膜iphoneXsMax全包8防摔XS,31.1万,P.I.M.P (Remix) - AEZR、Neth MG,,,,happy,P.I.M.P (Remix)
85,85,110,0,9,手提化妆包简约收纳-xiaoYMS44,2.7万,十分钟带你回顾2018年50首网红歌曲 (下) - 未知,英语,Rap/HipHop,2011-08-30,happy,10 Minutes (十分钟)
86,86,153,1,27,手提化妆包简约收纳-xiaoYMS44,2.7万,花好月圆夜 - 门丽、阿郎,国语,Pop,2019-09-06,happy,杨千嬅 - 花好月圆夜
87,87,114,0,26,手提化妆包简约收纳-xiaoYMS44,2.7万,都来发 - 任静、付笛声、付毫,国语,,2020-07-03,mad,都来发
88,88,80,0,28,手提化妆包简约收纳-xiaoYMS44,2.7万,没有喝够 (DJ何鹏版) - 门小强,,,,happy,你是我永远的痛 (DJ何鹏版)
89,89,75,0,24,手提化妆包简约收纳-xiaoYMS44,2.7万,你是我的人 (片段) - 欣宝儿,国语,Dance,2016-01-01,happy,你是我拒绝别人的理由 (DJ Candy Extended)
90,90,77,0,20,手提化妆包简约收纳-xiaoYMS44,2.7万,阿尔山 - 梦然,国语,Pop,2019-05-27,happy,阿尔山
91,91,77,0,27,手提化妆包简约收纳-xiaoYMS44,2.7万,娜鲁娃情歌 - 林玉英,国语,Pop,1989-01-01,mad,娜鲁娃情歌
92,92,29,0,19,手提化妆包简约收纳-xiaoYMS44,2.7万,像鱼 - 王贰浪,国语,Pop,2018-12-11,sad,像鱼
93,93,32,0,6,手提化妆包简约收纳-xiaoYMS44,2.7万,大田后生仔 (DJ豪大大版) - 王玉萌、豪大大,国语,,2019-11-08,mad,大田後生仔 (Remix)
94,94,1.6w,332,279,燕窝鱼子酱牙膏,1.5万,挥着翅膀的女孩 (钢琴版) - 王喆,,,,happy,容祖儿 - 挥着翅膀的女孩
95,95,25,0,0,【网红爆款】儿童出生证明十二生肖保护本,1.2万,酒干倘卖无 - 孙露,国语,Pop,2009-01-01,peaceful,酒干倘卖无(1)
96,96,"6,861",453,267,【网红爆款】儿童出生证明十二生肖保护本,1.2万,酒干倘卖无 - 孙露,国语,Soundtrack,2016-03-09,peaceful,酒干倘卖无(1)
97,97,14,0,0,奥兰小红帽干红葡萄酒750ml*2瓶套,3.2万,17岁 - 刘德华,粤语,Pop,2003-06-05,happy,刘德华 - 17岁
98,98,23,0,6,奥兰小红帽干红葡萄酒750ml*2瓶套,3.2万,星座少女 - TC GIRLS女团,国语,Pop,2019-06-27,mad,星座少女
99,99,103,0,67,奥兰小红帽干红葡萄酒750ml*2瓶套,3.2万,그랬었구나 (듀엣 버전) - 徐正雅、정의송,,,,happy,정의송 - 그랬었구나(듀엣 버전)
100,100,85,1,36,奥兰小红帽干红葡萄酒750ml*2瓶套,3.2万,ཁྱེད་དང་མཇལ། 遇见你 - CRIMSON,,,,happy,ཁྱེད་དང་མཇལ།
101,101,107,0,86,奥兰小红帽干红葡萄酒750ml*2瓶套,3.2万,今夜的你又在和谁约会 - 未知,,,,happy,今夜的你又在和谁约会
102,102,11,0,0,奥兰小红帽干红葡萄酒750ml*2瓶套,3.2万,嗜睡 - 渡,,,,peaceful,嗜睡
103,103,50,0,10,奥兰小红帽干红葡萄酒750ml*2瓶套,3.2万,「二胡」雨碎江南 - 未知,,,,happy,「二胡」雨碎江南
104,104,42,0,7,奥兰小红帽干红葡萄酒750ml*2瓶套,3.2万,哑巴新娘 (慢四版) - 李羿慧,,,,peaceful,哑巴新娘
105,105,61,0,5,奥兰小红帽干红葡萄酒750ml*2瓶套,3.2万,她说 - 林俊杰,国语,Pop,2010-12-08,peaceful,林俊杰 - 她说
106,106,11,0,1,【第二件10】雪纱丝柔妆前隔离霜 自然遮瑕轻薄透丝bb霜 DZ1,6.7万,不仅仅是喜欢 - 孙语赛、萧全,国语,Pop,2018-03-06,happy,不仅仅是喜欢
107,107,1,0,0,【第二件10】雪纱丝柔妆前隔离霜 自然遮瑕轻薄透丝bb霜 DZ1,6.7万,夏天的风 - Uu,国语,Pop,2020-04-16,peaceful,夏天的风
108,108,109,1,7,【坏果包赔】四川攀枝花凯特芒果3斤5斤/9斤装收到芒果催熟后食用,"9,671",金风吹来的时候 - 郑强,纯音乐,WorldMusic,2003-12-02,happy,金风吹来的时候
109,109,183,2,5,ins可爱女孩适用苹果8plus手机壳7plus男iphone11女5s xr 8p卡通iphonex 6s 6plus xs max套11pro/Max软壳se2,11.1万,海底 (铃声版) - cococola,国语,,,sad,海底 (铃声)
110,110,246,0,9,ins可爱女孩适用苹果8plus手机壳7plus男iphone11女5s xr 8p卡通iphonex 6s 6plus xs max套11pro/Max软壳se2,11.1万,ミチノチモシーキミノキモチ (路上的猫尾草 你的心情) - 森永千才,日语,Soundtrack,2016-06-29,mad,ミチノチモシーキミノキモチ (路上的猫尾草 你的心情)
111,111,190,3,8,ins可爱女孩适用苹果8plus手机壳7plus男iphone11女5s xr 8p卡通iphonex 6s 6plus xs max套11pro/Max软壳se2,11.1万,La Banda (DJ热搜版) - 未知,英语,Pop,2020-07-15,mad,La Banda (DJ热搜版)
112,112,11,0,0,ins可爱女孩适用苹果8plus手机壳7plus男iphone11女5s xr 8p卡通iphonex 6s 6plus xs max套11pro/Max软壳se2,11.1万,Wipe It Down (Explicit) - BMW KENNY,,,,happy,Wipe It Down (Explicit)
113,113,14,0,2,ins可爱女孩适用苹果8plus手机壳7plus男iphone11女5s xr 8p卡通iphonex 6s 6plus xs max套11pro/Max软壳se2,11.1万,微微 - 傅如乔,国语,Pop,2020-03-20,peaceful,亲亲 (原唱_ 傅如乔_勾雪莹_墨谣_上官喜爱_王欣宇_夏研_张钰)
114,114,11,0,3,ins可爱女孩适用苹果8plus手机壳7plus男iphone11女5s xr 8p卡通iphonex 6s 6plus xs max套11pro/Max软壳se2,11.1万,Turn All The Lights On - T-Pain、Ne-Yo,英语,Pop,2011-12-05,happy,Turn All the Lights On
115,115,15,0,3,ins可爱女孩适用苹果8plus手机壳7plus男iphone11女5s xr 8p卡通iphonex 6s 6plus xs max套11pro/Max软壳se2,11.1万,失眠飞行 - 一条小团团ovo,,,,happy,失眠飞行 (cover_ 沈以诚_薛明媛)
116,116,5,0,1,ins可爱女孩适用苹果8plus手机壳7plus男iphone11女5s xr 8p卡通iphonex 6s 6plus xs max套11pro/Max软壳se2,11.1万,Blame (Tim Gunter Remix) - Graves,,,,sad,Blame (Tim Gunter Remix)
117,117,"5,093",81,356,【苹果全系列】方形液态硅胶壳,"9,477",旧梦一场 (DJ余小磊版) - 未知,国语,,2020-01-10,happy,旧梦一场(改编DJ) (改编版原唱_ 阿悠悠)
118,118,282,7,10,【苹果全系列】方形液态硅胶壳,"9,477",旧梦一场 - 阿悠悠,国语,Pop,2020-04-22,happy,旧梦一场(改编DJ) (改编版原唱_ 阿悠悠)
119,119,"1,031",18,76,【苹果全系列】方形液态硅胶壳,"9,477",旧梦一场 - 阿悠悠,国语,Pop,2020-04-22,happy,旧梦一场(改编DJ) (改编版原唱_ 阿悠悠)
120,120,"3,929",77,176,【苹果全系列】方形液态硅胶壳,"9,477",旧梦一场 (舞曲版) - 敏少,纯音乐,Pop,2020-06-02,happy,旧梦一场(改编DJ) (改编版原唱_ 阿悠悠)
121,121,366,5,21,【苹果全系列】方形液态硅胶壳,"9,477",旧梦一场 (舞曲版) - 敏少,纯音乐,Pop,2020-06-02,happy,旧梦一场(改编DJ) (改编版原唱_ 阿悠悠)
122,122,130,0,51,iphonex防窥钢化膜11pro苹果x防偷窥xr防偷瞄xs防透窥max隐私promax全屏7/8plus覆盖7P防偷窃8P手机膜偷窥,19.8万,"Astronomia (Santti, Dan K Remix) - Tony Igy",,,,mad,"Astronomia (Santti, Dan K Remix)"
123,123,46,0,4,iphonex防窥钢化膜11pro苹果x防偷窥xr防偷瞄xs防透窥max隐私promax全屏7/8plus覆盖7P防偷窃8P手机膜偷窥,19.8万,Horizon - Janji,纯音乐,Electronica,2014-11-26,sad,Horizon
124,124,25,0,8,iphonex防窥钢化膜11pro苹果x防偷窥xr防偷瞄xs防透窥max隐私promax全屏7/8plus覆盖7P防偷窃8P手机膜偷窥,19.8万,Horizon - Janji,纯音乐,Electronica,2014-11-26,sad,Horizon
125,125,35,0,1,iphonex防窥钢化膜11pro苹果x防偷窥xr防偷瞄xs防透窥max隐私promax全屏7/8plus覆盖7P防偷窃8P手机膜偷窥,19.8万,怎么做怎么过怎么活 (DJ弹鼓版) - 蒋先生,国语,Dance,2020-05-18,happy,怎么做怎么过怎么活 (DJ弹鼓版)
126,126,8.9w,"1,120",136,超滑顺滑冰丝裤-【超合适胖哥哥的显瘦裤子】,1.3万,A Thousand Miles - Josh Vietti,纯音乐,Pop,2012-10-30,happy,A Thousand Miles(1)
127,127,5,0,0,小众香不撞香 卡片口袋香水 持久清新留香,1.8万,Natural - Imagine Dragons,英语,Alternative,2018-11-09,happy,Yellow Station Wagon
128,128,4.3w,"3,265","2,024",情侣趴趴兔余生有你开心每一天,"9,093",爱 存在 (DJ版) - 未知,国语,Dance,2020-07-06,happy,爱 存在 (DJ版)
129,129,"1,182",120,52,情侣趴趴兔余生有你开心每一天,"9,093",后继者 - 任然,国语,Pop,2016-11-25,peaceful,后继者
130,130,403,17,24,情侣趴趴兔余生有你开心每一天,"9,093",还有我 - 悦开心,国语,Pop,2019-09-17,happy,任贤齐 - 还有我
131,131,24,0,1,定制创意礼品,"6,786",孤芳自赏 (改编版) - 网络歌手,国语,,2019-11-12,happy,孤芳自赏 (改编版)
132,132,2,0,0,定制创意礼品,"6,786",孤芳自赏 (改编版) - 网络歌手,国语,,2019-11-12,happy,孤芳自赏 (改编版)
133,133,99,4,7,定制创意礼品,"6,786",孤芳自赏 (改编版) - 网络歌手,国语,,2019-11-12,happy,孤芳自赏 (改编版)
134,134,5,0,0,定制创意礼品,"6,786",孤芳自赏 (改编版) - 网络歌手,国语,,2019-11-12,happy,孤芳自赏 (改编版)
135,135,42,0,2,定制创意礼品,"6,786",孤芳自赏 (改编版) - 网络歌手,国语,,2019-11-12,happy,孤芳自赏 (改编版)
136,136,41,0,9,定制创意礼品,"6,786",孤芳自赏 (改编版) - 网络歌手,国语,,2019-11-12,happy,孤芳自赏 (改编版)
137,137,31,5,1,定制创意礼品,"6,786",孤芳自赏 (改编版) - 网络歌手,国语,,2019-11-12,happy,孤芳自赏 (改编版)
138,138,111,1,4,定制创意礼品,"6,786",孤芳自赏 (改编版) - 网络歌手,国语,,2019-11-12,happy,孤芳自赏 (改编版)
139,139,29,3,1,定制创意礼品,"6,786",孤芳自赏 (改编版) - 网络歌手,国语,,2019-11-12,happy,孤芳自赏 (改编版)
140,140,5,1,0,定制创意礼品,"6,786",孤芳自赏 (改编版) - 网络歌手,国语,,2019-11-12,happy,孤芳自赏 (改编版)
141,141,"4,786",222,196,一二三四年级语文上册重点知识集锦 彩印版,1.4万,少年,国语,Pop,2019-11-14,peaceful,少年 (原唱_ 梦然)
142,142,762,56,24,一二三四年级语文上册重点知识集锦 彩印版,1.4万,大田后生仔 (DJ豪大大版) - 王玉萌、豪大大,国语,,2019-11-08,mad,大田後生仔 (Remix)
143,143,594,49,21,一二三四年级语文上册重点知识集锦 彩印版,1.4万,это ли счастье (热搜版) - 小猫多鱼,国语,Dance,2020-06-01,happy,это ли счастье
144,144,327,5,22,一二三四年级语文上册重点知识集锦 彩印版,1.4万,星月糖 (片段) - 黎林添娇,国语,Pop,2020-05-16,peaceful,星月糖 (cover_ 黎林添娇)
145,145,667,32,50,一二三四年级语文上册重点知识集锦 彩印版,1.4万,你存在 - 陈一靓,,,,happy,你存在
146,146,386,14,17,一二三四年级语文上册重点知识集锦 彩印版,1.4万,Dream It Possible - 张靓颖,国语,Pop,2015-11-26,happy,Dream It Possible
147,147,490,34,53,一二三四年级语文上册重点知识集锦 彩印版,1.4万,明天，你好 - 牛奶咖啡,国语,Pop,2011-07-11,sad,奶牛咖啡 (Original Mix)
148,148,137,11,16,一二三四年级语文上册重点知识集锦 彩印版,1.4万,有何不可 - 文武贝,,,,sad,有何不可 (原唱_ 许嵩)
149,149,30,1,6,一二三四年级语文上册重点知识集锦 彩印版,1.4万,有何不可 - 文武贝,,,,sad,有何不可 (原唱_ 许嵩)
150,150,59,1,2,一二三四年级语文上册重点知识集锦 彩印版,1.4万,欢乐颂 - 陈咏、陈娇,国语,WorldMusic,2016-06-17,happy,欢乐颂
151,151,1.4w,162,"1,411",GM超大黑框粗眼镜女显瘦网红素颜韩版复古潮圆脸近视有度数眼睛架,1.2万,Fallin Flower (救世主版) - 小猫多鱼,纯音乐,Pop,2020-05-13,happy,Fallin Flower (抖音原版)
152,152,27,0,13,GM超大黑框粗眼镜女显瘦网红素颜韩版复古潮圆脸近视有度数眼睛架,1.2万,喵喵帕帕斯 - 何友、支先生,英语,Pop,2020-01-20,happy,喵喵帕帕斯
153,153,6,0,7,GM超大黑框粗眼镜女显瘦网红素颜韩版复古潮圆脸近视有度数眼睛架,1.2万,I Miss You - 罗百吉、宝贝,国语,Pop,2007-12-28,happy,I Miss You
154,154,1,0,2,GM超大黑框粗眼镜女显瘦网红素颜韩版复古潮圆脸近视有度数眼睛架,1.2万,我是不是你最爱的人 - 陈思宇,国语,Pop,2009-03-25,peaceful,我爱的人
155,155,557,14,99,GM超大黑框粗眼镜女显瘦网红素颜韩版复古潮圆脸近视有度数眼睛架,1.2万,As If It’s Your Last (像最后一样) - BLACKPINK,日语,Pop,2020-05-14,mad,AS IF IT’S YOUR LAST (JP Ver._BLACKPINK 2019-2020 WORLD TOUR IN YOUR AREA -TOKYO DOME-)
156,156,1,0,5,GM超大黑框粗眼镜女显瘦网红素颜韩版复古潮圆脸近视有度数眼睛架,1.2万,想你想你想我 - PRC 巴音汗,国语,,2019-12-21,sad,想你想你想我 (DJ版)
157,157,420,0,13,水果坚果燕麦片营养早餐即食冲饮酸奶果粒代餐粥饱腹速食懒人食品,18.8万,鬼火の童・鬼切、虎徹にございます! - 増田俊郎,纯音乐,Soundtrack,2013-02-20,mad,鬼火の童・鬼切、虎徹にございます! (我们是鬼火童子鬼切、虎彻！)
158,158,388,2,5,水果坚果燕麦片营养早餐即食冲饮酸奶果粒代餐粥饱腹速食懒人食品,18.8万,Betrayal Voices - Immediate Music,,,,happy,Betrayal w_voices (Vocal Version_Full Length)
159,159,673,0,11,水果坚果燕麦片营养早餐即食冲饮酸奶果粒代餐粥饱腹速食懒人食品,18.8万,浪子回头 (改编版) - 大石桥联盟,闽南语,Rock,2017-07-28,happy,孤芳自赏 (改编版)
160,160,7.7w,680,645,垂感冰丝休闲裤男士宽松夏季薄款九分西裤运动束脚韩版潮流长裤子,"6,183",A Thousand Miles - Josh Vietti,纯音乐,Pop,2012-10-30,happy,A Thousand Miles(1)
161,161,88,5,4,爬楼梯轨道音乐发光玩具宝宝生日礼物玩耍益智玩具,"3,892",童年 (片段) - 打碗哥,,,,happy,啤啤旋律 (片段)
162,162,79,0,1,爬楼梯轨道音乐发光玩具宝宝生日礼物玩耍益智玩具,"3,892",童年 (片段) - 打碗哥,,,,happy,啤啤旋律 (片段)
163,163,47,1,2,爬楼梯轨道音乐发光玩具宝宝生日礼物玩耍益智玩具,"3,892",童年 (片段) - 打碗哥,,,,happy,啤啤旋律 (片段)
164,164,"6,742",18,188,贤合庄陈赫推荐网红自热火锅懒人自煮小火锅即食自助方便速食麻辣,12.3万,"y2002_""精彩亮总"" - DJ张喜连",,,,mad,100 Ways (MK Remix)
165,165,792,3,14,贤合庄陈赫推荐网红自热火锅懒人自煮小火锅即食自助方便速食麻辣,12.3万,鬼新娘 (DJ木亦舟版) - 杰儿合唱团,粤语,Dance,2019-09-28,happy,鬼新娘 (DJ弹鼓)
166,166,566,0,21,贤合庄陈赫推荐网红自热火锅懒人自煮小火锅即食自助方便速食麻辣,12.3万,"y2002_""精彩亮总"" - DJ张喜连",,,,mad,100 Ways (MK Remix)
167,167,"2,444",18,124,米选led化妆镜带灯补光宿舍台式梳妆镜女折叠网红桌面便携小镜子,8.2万,官方回答 (片段) - Dollyy,国语,Pop,2020-07-08,sad,官方回答 (抖音完整原版)
168,168,849,6,244,米选led化妆镜带灯补光宿舍台式梳妆镜女折叠网红桌面便携小镜子,8.2万,P.I.M.P (Remix) - AEZR、Neth MG,,,,happy,P.I.M.P (Remix)
169,169,"2,990",22,83,米选led化妆镜带灯补光宿舍台式梳妆镜女折叠网红桌面便携小镜子,8.2万,我超喜欢你 - 欧阳朵,国语,Pop,2018-09-01,peaceful,我超喜欢你
170,170,284,2,7,米选led化妆镜带灯补光宿舍台式梳妆镜女折叠网红桌面便携小镜子,8.2万,万有引力 (枪声版) - 坏小欠,,,,mad,万有引力枪声版 (cover_ 汪苏泷)
171,171,309,2,21,米选led化妆镜带灯补光宿舍台式梳妆镜女折叠网红桌面便携小镜子,8.2万,官方回答 (片段) - 田新宇,国语,Pop,2020-07-24,sad,官方回答 (抖音完整原版)
172,172,117,0,1,米选led化妆镜带灯补光宿舍台式梳妆镜女折叠网红桌面便携小镜子,8.2万,官方回答 (片段) - 安小木,国语,Pop,2020-07-08,sad,官方回答 (抖音完整原版)
173,173,374,13,19,米选led化妆镜带灯补光宿舍台式梳妆镜女折叠网红桌面便携小镜子,8.2万,Spin With You - Emma Sameth、Jeremy Zucker、Wolfe,英语,Dance,2018-12-19,happy,Emma Sameth - Spin With You
174,174,20,0,0,英国lsphere伦敦圈层骑士香水沐浴露男士 持久留香香氛沐浴乳男,8.5万,呼吸决定 (女声版片段) - 网络歌手,,,,happy,Aku Suka Body Mama Muda (抖音热搜版)
175,175,14,0,0,英国lsphere伦敦圈层骑士香水沐浴露男士 持久留香香氛沐浴乳男,8.5万,喜欢你 你随意 - 叶嘉,国语,Pop,2020-06-30,peaceful,喜欢你 你随意
176,176,19,0,1,英国lsphere伦敦圈层骑士香水沐浴露男士 持久留香香氛沐浴乳男,8.5万,呼吸决定 (女声版片段) - 网络歌手,,,,happy,Aku Suka Body Mama Muda (抖音热搜版)
177,177,2,0,0,英国lsphere伦敦圈层骑士香水沐浴露男士 持久留香香氛沐浴乳男,8.5万,呼吸决定 (女声版片段) - 网络歌手,,,,happy,Aku Suka Body Mama Muda (抖音热搜版)
178,178,569,34,21,【网红爆款】儿童出生证明十二生肖保护本,1.2万,酒干倘卖无 - 孙露,国语,Soundtrack,2016-03-09,peaceful,酒干倘卖无(1)
179,179,11,0,1,【网红爆款】儿童出生证明十二生肖保护本,1.2万,小萌宝 (片段) - 宋子楚,国语,Children,2019-11-02,happy,小萌宝
180,180,12,0,0,晨光A4纸打印复印纸70g白纸80g单包一包500张整箱5包一箱a4打印纸木浆a四纸纸品打印机纸办公用品免邮包邮,55.4万,想起了你 (片段) - 王恰恰,国语,Pop,2020-06-21,happy,想起了你 (原唱_ 程响)
181,181,"1,254",8,34,南极人电动牙刷成人充电式声波全自动软毛男女美白学生党情侣牙刷,42.3万,生生世世爱 - 吴雨霏,国语,Soundtrack,2009-06-18,happy,「二胡」雨碎江南
182,182,375,2,22,南极人电动牙刷成人充电式声波全自动软毛男女美白学生党情侣牙刷,42.3万,"y2002_""精彩亮总"" - DJ张喜连",,,,mad,100 Ways (MK Remix)
183,183,1.4w,307,817,卡曼娜 女士新款打底衫 均码：90-130斤,1万,微笑吧 (DJ版片段) - 香子,国语,Pop,2020-05-21,happy,微笑吧 (DJ版)
184,184,"3,668",78,196,卡曼娜 女士新款打底衫 均码：90-130斤,1万,多年以后 - 黄静美,国语,Pop,2019-06-14,happy,多年以后
185,185,"1,328",26,60,卡曼娜 女士新款打底衫 均码：90-130斤,1万,多年以后 - 黄静美,国语,Pop,2019-06-14,happy,多年以后
186,186,291,17,13,卡曼娜 女士新款打底衫 均码：90-130斤,1万,我的天空 (加长版) - 刘至佳,国语,,2019-05-23,happy,我的天空 (原唱_ 南征北战NZBZ)
187,187,333,16,18,卡曼娜 女士新款打底衫 均码：90-130斤,1万,开始懂了 (片段) - 藤竹京,国语,Pop,2020-06-23,happy,孙燕姿 - 开始懂了
188,188,299,8,14,卡曼娜 女士新款打底衫 均码：90-130斤,1万,"1,2,3,4 (원,투,쓰리,포) - LEE HI",韩语,Pop,2012-12-21,happy,"1, 2, 3, 4 (원,투,쓰리,포)"
189,189,344,11,14,卡曼娜 女士新款打底衫 均码：90-130斤,1万,胖子多棒 (女声版片段) - 网络歌手,,,,happy,Aku Suka Body Mama Muda (抖音热搜版)
190,190,487,20,41,卡曼娜 女士新款打底衫 均码：90-130斤,1万,"1,2,3,4 (원,투,쓰리,포) - LEE HI",韩语,Pop,2012-12-21,happy,"1, 2, 3, 4 (원,투,쓰리,포)"
191,191,425,23,37,宝宝学吃饭训练勺短一岁儿童弯头勺子叉子可弯曲婴儿辅食餐具套装,"9,317",это ли счастье - 周林辉,国语,Dance,2020-06-23,happy,это ли счастье
192,192,394,8,28,宝宝学吃饭训练勺短一岁儿童弯头勺子叉子可弯曲婴儿辅食餐具套装,"9,317",奶牛咖啡 (Original mix) - 林子于,纯音乐,Pop,2020-03-10,sad,奶牛咖啡 (Original Mix)
193,193,92,1,26,颈椎按摩器家用电动智能护颈仪脖子按摩神器脉冲里疗肩颈部按摩仪,9.2万,Time Back - Bad Style,纯音乐,Pop,2020-05-09,happy,Time Back(钢琴版)
194,194,36,0,5,颈椎按摩器家用电动智能护颈仪脖子按摩神器脉冲里疗肩颈部按摩仪,9.2万,你就是那无法替代 (热播版片段) - 奶茶妹妹,,,,happy,Aku Suka Body Mama Muda (抖音热搜版)
195,195,307,0,54,颈椎按摩器家用电动智能护颈仪脖子按摩神器脉冲里疗肩颈部按摩仪,9.2万,你是我拒绝别人的理由 (DJ版) - DQ奇、T呀！,,,,happy,你是我拒绝别人的理由 (DJ Candy Extended)
196,196,253,3,42,颈椎按摩器家用电动智能护颈仪脖子按摩神器脉冲里疗肩颈部按摩仪,9.2万,Waka Waka (This Time for Africa) - Shakira、Freshlyground,英语,Pop,2010-06-01,happy,Waka Waka (This Time for Africa)
197,197,201,0,10,【限时优惠 秒杀中】法国进口原料香薰 家用车载固体香膏VI,1万,活该 - 谌宥,国语,Pop,2020-05-13,happy,活该
198,198,"1,358",12,19,内增高飞织鞋,1.1万,舞女 - 龙飘飘,国语,Pop,1998-01-01,happy,龙飘飘 - 舞女
199,199,133,2,0,【蔷薇粉丝福利】席梦思保护套 床笠款全包床单,"4,716",月半弯好浪漫 (原版) - 蒋先生,国语,Dance,2020-07-13,happy,月半弯好浪漫 (抖音原版)
200,200,45,2,3,罗马仕苹果数据线快充闪充手机充电线器适用iphone5/6/7/8/X/11冲Xsmax/ipad短Xr便携6sPlus2米7P加长正品,23.7万,神秘之曲 - Ablikim Zikrulla,纯音乐,Pop,2017-12-08,peaceful,神秘之曲
201,201,31,0,11,罗马仕苹果数据线快充闪充手机充电线器适用iphone5/6/7/8/X/11冲Xsmax/ipad短Xr便携6sPlus2米7P加长正品,23.7万,遥远的你 (片段) - 美樱桃,国语,Children,2002-11-28,happy,遥远的你 (正式版)
202,202,1.9w,231,794,一套（29）短袖T恤+短裤T202,"4,357",Waiting For Love - 69,英语,Pop,2020-04-20,peaceful,Waiting For Love (DJ版)
203,203,195,5,8,一套（29）短袖T恤+短裤T202,"4,357",DEDEDE - Lkeda、AKI S,,,,mad,DEDEDE
204,204,104,1,0,一套（29）短袖T恤+短裤T202,"4,357",记录欢呼时刻 - 黄钰杰,纯音乐,,2020-02-18,sad,记录欢呼时刻
205,205,57,2,1,一套（29）短袖T恤+短裤T202,"4,357",你是人间四月天 (弹鼓版) - 敏少,,,,sad,你是人间四月天 (电摇)
206,206,64,0,5,一套（29）短袖T恤+短裤T202,"4,357",我飞翔在乌云之中 (DJ版) - 蒋先生,纯音乐,Pop,2020-03-14,sad,我飞翔在乌云之中 (DJ抖音版)
207,207,696,9,14,一套（29）短袖T恤+短裤T202,"4,357",Kiss Fight - 未知,英语,Pop,2017-02-15,happy,Kiss Fight
208,208,414,10,30,一套（29）短袖T恤+短裤T202,"4,357",Waiting For Love (DJ版) - 沈小3,纯音乐,Pop,2020-05-21,peaceful,Waiting For Love (DJ版)
209,209,42,0,1,一套（29）短袖T恤+短裤T202,"4,357",以嗨治丧 - 新旭,纯音乐,,2019-07-30,happy,以嗨治丧
210,210,"3,411",50,137,预售8月1-4日 男女童秋冬耳朵中小童羽绒棉亮灯外套棉衣棉服C279,"2,881",安和桥 (片段) - 广东水神,国语,,2019-06-08,sad,安和桥 (原唱_ 宋冬野)
211,211,2,0,0,智能健身器不会掉新型呼啦圈,"4,654",极限上头Wake up - 光太、DJ,纯音乐,Dance,2020-06-05,mad,极限上头Wake up
212,212,51,0,3,主播推荐-广东原条生晒海带2斤约8-11条SF包邮,"2,835",你的答案 - 阿冗,国语,Pop,2019-11-01,sad,你的答案
213,213,16,0,4,主播推荐-广东原条生晒海带2斤约8-11条SF包邮,"2,835",夜空中最亮的星 - 小果酱,纯音乐,,2015-06-10,peaceful,夜空中最亮的星 (小果酱 remix)
214,214,17,0,0,主播推荐-广东原条生晒海带2斤约8-11条SF包邮,"2,835",夜空中最亮的星 - 小果酱,纯音乐,,2015-06-10,peaceful,夜空中最亮的星 (小果酱 remix)
215,215,23,0,0,主播推荐-广东原条生晒海带2斤约8-11条SF包邮,"2,835",okok嗒呤 - 是耀温顺,,,,happy,okok嗒呤
216,216,14w,444,"6,121",自然旋律氨基酸洗面奶温和洁面乳面部深层清洁控油学生专用男女孩,8万,爱出发 - TFBOYS,国语,Pop,2013-10-04,peaceful,TFBOYS - 小精灵
217,217,3.3w,259,867,自然旋律氨基酸洗面奶温和洁面乳面部深层清洁控油学生专用男女孩,8万,爱的飞行日记 (片段) - 华语群星,国语,Pop,2010-05-18,happy,爱的飞行日记 (Live)
218,218,"4,239",165,216,自然旋律氨基酸洗面奶温和洁面乳面部深层清洁控油学生专用男女孩,8万,啦啦啦 - 小可乐,国语,Pop,2018-11-09,happy,啦啦啦
219,219,"1,942",25,206,自然旋律氨基酸洗面奶温和洁面乳面部深层清洁控油学生专用男女孩,8万,Stan (热播版) - 歌者林念,纯音乐,Pop,2020-06-03,happy,Stan (抖音热播)
220,220,"1,960",60,79,自然旋律氨基酸洗面奶温和洁面乳面部深层清洁控油学生专用男女孩,8万,小公主 - 蒋蒋,国语,Pop,2018-04-23,peaceful,小公主
221,221,1.3w,22,393,自然旋律氨基酸洗面奶温和洁面乳面部深层清洁控油学生专用男女孩,8万,Pretty Girl - Clairo,英语,Alternative,2017-08-04,peaceful,Pretty Girl
222,222,"2,078",23,133,自然旋律氨基酸洗面奶温和洁面乳面部深层清洁控油学生专用男女孩,8万,你懂得 - 未知,国语,Soundtrack,2012-10-12,happy,小沈阳 - 你懂得
223,223,"1,195",7,52,自然旋律氨基酸洗面奶温和洁面乳面部深层清洁控油学生专用男女孩,8万,波妞要和宗介在一起 (Live) - 网络歌手,,,,happy,We Will Rock You (Live)
224,224,246,4,6,【玉熙宇】刺绣polo衫式连衣裙（M~3XL，85~160斤）,"3,670",爸爸妈妈 (片段) - 李飘飘,,,,peaceful,爸爸妈妈（片段） (原唱_ 李荣浩)
225,225,377,7,24,【玉熙宇】刺绣polo衫式连衣裙（M~3XL，85~160斤）,"3,670",Masih Mencintainya (片段) - Papinka,,,,happy,Emma Sameth - Spin With You
226,226,"3,165",140,162,【玉熙宇】刺绣polo衫式连衣裙（M~3XL，85~160斤）,"3,670",后会无期 + 情歌王 (DJ版) - 嘉琪先生,国语,Pop,2020-07-02,happy,后会无期 + 情歌王 (DJ版)
227,227,17.7w,"5,516","7,815",小奥汀眼线液笔 彩色防水不晕染持久棕色极细新手初学者胶笔奥丁,26.4万,MAMAMOO-WIND FLOWER（AKEN Remix） - AKEN,韩语,Pop,2019-01-23,happy,MAMAMOO-WIND FLOWER (MAMAMOOWINDFLOWER) (AKEN Remix)
228,228,9.7w,"2,039","5,510",小奥汀眼线液笔 彩色防水不晕染持久棕色极细新手初学者胶笔奥丁,26.4万,帝国のマーチ (ダース・ベイダーのテーマ) - 栗コーダーカルテット,纯音乐,Soundtrack,2006-07-05,sad,帝国のマーチ- ダース・ベイダーのテーマ (帝国のマーチダース・ベイダーのテーマ)
229,229,"9,039",462,368,小奥汀眼线液笔 彩色防水不晕染持久棕色极细新手初学者胶笔奥丁,26.4万,María (完整原版) - 赵梓婷,,,,sad,官方回答 (抖音完整原版)
230,230,"4,866",44,57,小奥汀眼线液笔 彩色防水不晕染持久棕色极细新手初学者胶笔奥丁,26.4万,She Wants Me Dead - Cazzette、AronChupa、The High,英语,Dance,2016-05-13,happy,She Wants Me Dead
231,231,"2,554",30,203,小奥汀眼线液笔 彩色防水不晕染持久棕色极细新手初学者胶笔奥丁,26.4万,爱的苦酒 - 林翠萍,国语,Pop,1990-03-01,happy,爱的苦酒
232,232,420,6,13,紫苏竹炭清洁啫喱（15天内发货）,1.5万,夜空中最亮的星 (贝斯版) - 智仁,国语,Rock,2011-12-31,peaceful,夜空中最亮的星 (小果酱 remix)
233,233,87,1,4,紫苏竹炭清洁啫喱（15天内发货）,1.5万,轻音乐 - 文劲松,纯音乐,EasyListening,2015-04-08,happy,轻音乐
234,234,"4,641",101,"2,457",（乡音）顺丰发货河南特产大麦炒面350克*2,1.8万,机器铃 砍菜刀 - 张卫,国语,Pop,2017-02-15,happy,机器铃 砍菜刀
235,235,"7,674",457,"5,759",（乡音）顺丰发货河南特产大麦炒面350克*2,1.8万,怀念青春 (扎心版) - 刘刚,国语,Pop,2018-02-03,happy,刘刚 - 怀念青春
236,236,"8,407",289,"4,920",（乡音）顺丰发货河南特产大麦炒面350克*2,1.8万,怀念青春 (扎心版) - 刘刚,国语,Pop,2018-02-03,happy,刘刚 - 怀念青春
237,237,518,25,289,（乡音）顺丰发货河南特产大麦炒面350克*2,1.8万,怀念青春 (扎心版) - 刘刚,国语,Pop,2018-02-03,happy,刘刚 - 怀念青春
238,238,774,19,208,（乡音）顺丰发货河南特产大麦炒面350克*2,1.8万,怀念青春 (扎心版) - 刘刚,国语,Pop,2018-02-03,happy,刘刚 - 怀念青春
239,239,162,0,30,（乡音）顺丰发货河南特产大麦炒面350克*2,1.8万,机器铃 砍菜刀 - 张卫,国语,Pop,2017-02-15,happy,机器铃 砍菜刀
240,240,50,3,10,（乡音）顺丰发货河南特产大麦炒面350克*2,1.8万,怀念青春 (扎心版) - 刘刚,国语,Pop,2018-02-03,happy,刘刚 - 怀念青春
241,241,245,4,106,（乡音）顺丰发货河南特产大麦炒面350克*2,1.8万,怀念青春 (扎心版) - 刘刚,国语,Pop,2018-02-03,happy,刘刚 - 怀念青春
242,242,72,0,18,（乡音）顺丰发货河南特产大麦炒面350克*2,1.8万,机器铃 砍菜刀 - 张卫,国语,Pop,2017-02-15,happy,机器铃 砍菜刀
243,243,2,0,0,一次性纸杯定制印logo 定做1000只装家用商用广告纸杯定做印LOGO,1.2万,爱自己 - 秦岚,国语,Pop,2013-03-22,happy,秦岚 - 爱自己
244,244,1.3w,181,537,08099小蛮腰齿轮吊坠项链,3.8万,如果寂寞了 (DJ版) - 郑晓填,国语,Pop,2018-11-01,happy,如果寂寞了 (DJ版)
245,245,1.1w,240,493,08099小蛮腰齿轮吊坠项链,3.8万,不舍 (片段) - 郑亦辰,国语,Rock,2019-04-04,happy,不舍
246,246,"2,866",71,216,08099小蛮腰齿轮吊坠项链,3.8万,"我热情似火,你冰冻成河 (DJ冷叶版) - 黄静美",纯音乐,,2020-03-17,happy,我热情似火 你冰冻成河 (DJ原版)
247,247,754,11,34,08099小蛮腰齿轮吊坠项链,3.8万,一切美好只是昨日沉醉 (DJ版) - 在忠,国语,Dance,2020-05-28,peaceful,一切美好只是昨日沉醉 (DJ版)
248,248,443,2,17,08099小蛮腰齿轮吊坠项链,3.8万,如果寂寞了 (DJ版) - 郑晓填,国语,Pop,2018-11-01,happy,如果寂寞了 (DJ版)
249,249,277,3,11,08099小蛮腰齿轮吊坠项链,3.8万,如果寂寞了 (Remix) - 阿光,国语,Dance,2014-08-31,happy,EA7小曲挺有劲 (Remix)
250,250,738,10,85,08099小蛮腰齿轮吊坠项链,3.8万,爱要怎么说出口 (女声版片段) - 师硕晗,国语,Pop,1999-11-11,happy,爱要怎么说出口
251,251,433,10,31,08099小蛮腰齿轮吊坠项链,3.8万,不变的音乐 (DJ佳楠版) - 王绎龙、DJ佳楠,国语,Pop,2007-08-02,mad,王绎龙 - 不变的音乐
252,252,289,6,24,08099小蛮腰齿轮吊坠项链,3.8万,我热情如火你冰冻成河 (片段) - Zealot周星星,国语,Pop,2020-01-10,happy,我热情似火 你冰冻成河 (DJ原版)
253,253,570,19,26,08099小蛮腰齿轮吊坠项链,3.8万,你看到的我 (DJ版) - 黄勇、任浩铭,国语,,2019-04-22,happy,你看到的我 (DJ版)
254,254,190,0,149,垃圾袋家用手提式加厚背心塑料袋拉圾圾桶大号实惠装小号中号厨房,22.9万,赌徒 - 司徒兰芳,国语,Pop,2018-11-17,mad,赌徒
255,255,191,1,158,垃圾袋家用手提式加厚背心塑料袋拉圾圾桶大号实惠装小号中号厨房,22.9万,爱你的人不会让你哭 - 孙艺琪,国语,,2019-06-27,happy,爱你的人不会让你哭
256,256,82,0,9,垃圾袋家用手提式加厚背心塑料袋拉圾圾桶大号实惠装小号中号厨房,22.9万,我还想她 - 林俊杰,国语,Pop,2008-10-18,happy,林俊杰 - 我还想她
257,257,99,0,49,垃圾袋家用手提式加厚背心塑料袋拉圾圾桶大号实惠装小号中号厨房,22.9万,听海 (剧场版) - 张惠妹,,,,happy,听海 (剧场版)
258,258,41,0,4,10支个性定制自动款盒子创意礼品送男友,"2,098",孤芳自赏 (改编版) - 网络歌手,国语,,2019-11-12,happy,孤芳自赏 (改编版)
259,259,"9,364",368,525,10支个性定制自动款盒子创意礼品送男友,"2,098",孤芳自赏 (改编版) - 网络歌手,国语,,2019-11-12,happy,孤芳自赏 (改编版)
260,260,848,10,193,,4.8万,情歌虽老却动听 - 花姐,国语,Pop,2020-06-05,mad,情歌虽老却动听
261,261,371,2,8,,4.8万,天蓬大元帅 - 小倩,国语,Other,2019-05-29,happy,天蓬大元帅
262,262,25.7w,1.6w,"8,379",《漫画小古文》全套6册 漫画形式解读小古文的启蒙书,2.2万,This Love of Mine - kenny dorham,纯音乐,Jazz,1960-02-11,happy,This Love of Mine
263,263,2.4w,"2,913",60,【蚂蚁书苑】全5册教孩子好妈妈不吼不叫正面管教 家庭教育书Y,6万,Bloom of Youth (风华正茂) - Key Sounds Label,纯音乐,Soundtrack,2010-06-25,happy,Bloom of Youth (风华正茂)
264,264,"5,361",94,206,合金筷子家用高档餐具套装耐高温防滑防霉抗菌10双家庭礼盒装快子,4.2万,皇家萌卫 - 灵空GTech,纯音乐,Soundtrack,2016-05-11,happy,皇家萌卫
265,265,"2,549",71,278,合金筷子家用高档餐具套装耐高温防滑防霉抗菌10双家庭礼盒装快子,4.2万,Bana Ellerini Ver - Dilan Ekinci,其他,Pop,2018-09-28,happy,Bana Ellerini Ver
266,266,338,16,5,合金筷子家用高档餐具套装耐高温防滑防霉抗菌10双家庭礼盒装快子,4.2万,Oops - Little Mix、Charlie Puth,英语,Pop,2016-11-18,happy,Oops
267,267,210,7,29,合金筷子家用高档餐具套装耐高温防滑防霉抗菌10双家庭礼盒装快子,4.2万,稻香 - 未知,国语,Pop,2008-10-15,happy,周杰伦 - 稻香
268,268,62,0,0,合金筷子家用高档餐具套装耐高温防滑防霉抗菌10双家庭礼盒装快子,4.2万,Oops - Little Mix、Charlie Puth,英语,Pop,2016-11-18,happy,Oops
269,269,150,3,13,合金筷子家用高档餐具套装耐高温防滑防霉抗菌10双家庭礼盒装快子,4.2万,Ferahnak Saz Semaisi - Mehmet Refik Kaya,纯音乐,WorldMusic,2005-11-12,happy,Ferahnak Saz Semaisi
270,270,22,0,4,合金筷子家用高档餐具套装耐高温防滑防霉抗菌10双家庭礼盒装快子,4.2万,幸福的味道 - 曾雨轩,国语,Pop,2015-11-25,sad,幸福的味道
271,271,9,0,0,华太五5号干电池七7号普通碳性1.5v儿童玩具钟表专用空调遥控器aa,7.1万,给我点个赞 - 严少辰,国语,,2019-03-27,happy,给我点个赞
272,272,4,0,2,华太五5号干电池七7号普通碳性1.5v儿童玩具钟表专用空调遥控器aa,7.1万,莲花亭 - 韩子研,国语,Pop,2018-05-05,happy,莲花亭
273,273,60,0,1,华太五5号干电池七7号普通碳性1.5v儿童玩具钟表专用空调遥控器aa,7.1万,多情种 - 胡杨林,国语,Pop,2013-03-01,sad,多情种
274,274,22w,"3,625","7,988",川香秋月 麻辣萝卜干下饭菜四川特产农家香辣脆辣自制红油萝卜丁,3万,贝加尔湖畔 - 纯音乐,,,,happy,贝加尔湖畔
275,275,"1,645",45,378,田园主义无糖精无油全麦面包欧包杂粮整箱食品饱腹粗粮早餐代餐,19.2万,F r en ch Kiss (DJ完整版) - 69、耿晨曦,国语,Dance,2020-07-13,mad,F r en ch Kiss (DJ完整版)
276,276,"2,499",82,133,田园主义无糖精无油全麦面包欧包杂粮整箱食品饱腹粗粮早餐代餐,19.2万,温柔嗓音 (女声翻唱) - P.W.W.画风风,国语,Pop,2020-07-16,peaceful,温柔嗓音女声翻唱
277,277,"8,405",418,378,田园主义无糖精无油全麦面包欧包杂粮整箱食品饱腹粗粮早餐代餐,19.2万,搁浅 - 丛书,国语,Pop,2018-02-07,sad,搁浅
278,278,"3,294",18,178,田园主义无糖精无油全麦面包欧包杂粮整箱食品饱腹粗粮早餐代餐,19.2万,一直看见天使 (纯音乐) - 容祖儿,,,,sad,一直看见天使 (纯音乐)
279,279,"2,998",102,26,纳米喷雾补水以 便携式补水喷雾 加湿器,"2,274",一直看见天使 (纯音乐) - 容祖儿,,,,sad,一直看见天使 (纯音乐)
280,280,110,0,18,纳米喷雾补水以 便携式补水喷雾 加湿器,"2,274",一直看见天使 (纯音乐) - 容祖儿,,,,sad,一直看见天使 (纯音乐)
281,281,131,4,17,纳米喷雾补水以 便携式补水喷雾 加湿器,"2,274",勇敢爱 (片段) - 一口甜,国语,,2019-09-05,sad,勇敢爱 (原唱_ Mi2)
282,282,6,0,0,纳米喷雾补水以 便携式补水喷雾 加湿器,"2,274",奇迹再现 - 毛毛,国语,Pop,2020-07-08,mad,奇迹再现
283,283,112,2,17,纳米喷雾补水以 便携式补水喷雾 加湿器,"2,274",Tunak Tunak Tun (片段) - 一条小团团ovo,纯音乐,WorldMusic,2009-11-28,happy,Tunak Tunak Tun
284,284,59,2,31,PDSTYLE自制哥特文姓氏开头字母情侣项链男女嘻哈ins简约毛衣链潮,"7,000",回到夏天 (片段) - 爱写歌的小田,,,,sad,你是人间四月天 (电摇)
285,285,24,0,12,PDSTYLE自制哥特文姓氏开头字母情侣项链男女嘻哈ins简约毛衣链潮,"7,000",爱出发 - TFBOYS,国语,Pop,2013-10-04,peaceful,TFBOYS - 小精灵
286,286,14,2,13,PDSTYLE自制哥特文姓氏开头字母情侣项链男女嘻哈ins简约毛衣链潮,"7,000",Walk Thru Fire - Vicetone、Meron Ryan,英语,Dance,2018-08-03,peaceful,Walk Thru Fire
287,287,20,2,11,PDSTYLE自制哥特文姓氏开头字母情侣项链男女嘻哈ins简约毛衣链潮,"7,000",你啊你啊 - 叶琼琳,国语,Pop,2020-06-19,sad,你啊你啊
288,288,117,1,29,酸奶果粒麦片即食干吃烘焙水果坚果燕麦片非脱脂早餐速食懒人食品,3.9万,望爱却步 - 于洋,国语,Pop,2018-07-04,peaceful,望爱却步
289,289,46,0,26,酸奶果粒麦片即食干吃烘焙水果坚果燕麦片非脱脂早餐速食懒人食品,3.9万,你说你会爱着我 - 赵鑫、花姐,国语,,2020-05-30,happy,你说你会爱着我
290,290,15,0,0,酸奶果粒麦片即食干吃烘焙水果坚果燕麦片非脱脂早餐速食懒人食品,3.9万,娜娜娜 (Remix) - 花哨,其他,Dance,2018-08-31,mad,娜娜娜 (Remix)
291,291,19,0,13,酸奶果粒麦片即食干吃烘焙水果坚果燕麦片非脱脂早餐速食懒人食品,3.9万,让我做你的眼睛 (DJ版) - 毛小国,国语,Dance,2020-06-23,sad,让我做你的眼睛 (DJ抖音版)
292,292,12,0,0,酸奶果粒麦片即食干吃烘焙水果坚果燕麦片非脱脂早餐速食懒人食品,3.9万,三餐四季 - 校长（张驰）,国语,,2019-03-20,sad,三餐四季
293,293,73,0,9,酸奶果粒麦片即食干吃烘焙水果坚果燕麦片非脱脂早餐速食懒人食品,3.9万,哎呀呀 (片段) - 小爱与花儿乐队,,,,mad,哎呀呀 (cover_ 小爱与花儿乐队)
294,294,21,0,1,酸奶果粒麦片即食干吃烘焙水果坚果燕麦片非脱脂早餐速食懒人食品,3.9万,大田后生仔 (DJ豪大大版) - 王玉萌、豪大大,国语,,2019-11-08,mad,大田後生仔 (Remix)
295,295,5,0,0,酸奶果粒麦片即食干吃烘焙水果坚果燕麦片非脱脂早餐速食懒人食品,3.9万,蓝色海黑色河 (DJ版) - 69,国语,Dance,2020-06-15,happy,蓝色海 黑色河 (DJ版)
296,296,44,1,2,酸奶果粒麦片即食干吃烘焙水果坚果燕麦片非脱脂早餐速食懒人食品,3.9万,New Morning - Bandari,纯音乐,NewAge,1999-01-01,happy,New Morning
297,297,1.6w,268,"2,110",【催熟后食用】四川攀枝花凯特大芒果新鲜水果5斤/带箱约10斤,3.3万,我在那一角落患过伤风 (纯音乐) - 冯曦妤,,,,sad,我在那一角落患过伤风 (纯音乐)
298,298,"1,378",32,773,【催熟后食用】四川攀枝花凯特大芒果新鲜水果5斤/带箱约10斤,3.3万,布谷鸟的尖叫声 - 纯音乐,,,,mad,布谷鸟的尖叫声
299,299,575,47,419,【催熟后食用】四川攀枝花凯特大芒果新鲜水果5斤/带箱约10斤,3.3万,布谷鸟的尖叫声 - 纯音乐,,,,mad,布谷鸟的尖叫声
300,300,515,98,576,【催熟后食用】四川攀枝花凯特大芒果新鲜水果5斤/带箱约10斤,3.3万,水乡等你来划船 - 王觉、高音敏子,国语,Pop,2018-03-17,happy,水乡等你来划船
301,301,133,16,134,【催熟后食用】四川攀枝花凯特大芒果新鲜水果5斤/带箱约10斤,3.3万,相遇的时光 - 楼兰、晨鹰,,,,peaceful,相遇的时光
302,302,106,6,66,【催熟后食用】四川攀枝花凯特大芒果新鲜水果5斤/带箱约10斤,3.3万,寻梦的蝶 - 天籁天,国语,Pop,2016-08-18,happy,寻梦的蝶
303,303,200,23,164,【催熟后食用】四川攀枝花凯特大芒果新鲜水果5斤/带箱约10斤,3.3万,寻梦的蝶 - 天籁天,国语,Pop,2016-08-18,happy,寻梦的蝶
304,304,"1,328",17,85,晨光文件夹透明插页a4资料册试卷整理神器收纳袋多层学生用活页夹乐谱夹卷子证书奖状收集册孕检报告单收纳册,2.2万,Dopis Bez Adresy - Jiří Vašíček、Orchestr Gustava Broma,英语,Pop,2018-05-18,happy,Dopis Bez Adresy
305,305,4,0,3,晨光文件夹透明插页a4资料册试卷整理神器收纳袋多层学生用活页夹乐谱夹卷子证书奖状收集册孕检报告单收纳册,2.2万,Horizon - Janji,纯音乐,Electronica,2014-11-26,sad,Horizon
306,306,101,0,2,晨光文件夹透明插页a4资料册试卷整理神器收纳袋多层学生用活页夹乐谱夹卷子证书奖状收集册孕检报告单收纳册,2.2万,Nothing to Fear - Dexter Britain,纯音乐,Electronica,2014-11-03,happy,Nothing to Fear
307,307,1,0,0,艾可思大容量水杯男女便携塑料大号户外运动水壶吸管太空杯子水瓶,1.1万,东西 - 陈嘉琦,国语,,2019-07-24,sad,东西 (原唱_林俊呈)
308,308,402,0,101,艾可思大容量水杯男女便携塑料大号户外运动水壶吸管太空杯子水瓶,1.1万,透明墙 - 伦咏亮,国语,,2013-01-01,mad,透明墙
309,309,"6,605",57,225,为美兹蛋黄酥芝士流心奶黄酥6枚 夹心馅美食糕点早餐小吃零食品,10.6万,怕鬼算什么我带你看看人心 (DJ版) - P.W.W.画风风,英语,Dance,2018-10-23,sad,怕鬼算什么我带你看看人心 (DJ版)
310,310,72,3,18,北欧ins客厅茶几卧室满铺毛绒可爱网红少女床边毛毯地垫家用地毯,9万,你啊你啊 - 叶琼琳,国语,Pop,2020-06-19,sad,你啊你啊
311,311,19,0,1,北欧ins客厅茶几卧室满铺毛绒可爱网红少女床边毛毯地垫家用地毯,9万,像风一样自由 - 谭艳,国语,Pop,2014-11-18,mad,像风一样自由
312,312,81,2,7,北欧ins客厅茶几卧室满铺毛绒可爱网红少女床边毛毯地垫家用地毯,9万,红尘群歌 - 未知,国语,Soundtrack,2018-11-01,happy,军训歌
313,313,"6,221",225,52,油醋汁 低能量0脂肪 268g/瓶,6.9万,皇家萌卫 - 灵空GTech,纯音乐,Soundtrack,2016-05-11,happy,皇家萌卫
314,314,542,41,8,油醋汁 低能量0脂肪 268g/瓶,6.9万,父亲 - 龚玥,国语,Pop,2007-01-01,happy,龚玥 - 父亲
315,315,2.8w,200,191,英国Lsphere/伦敦圈层沐浴露男士专用持久留香清爽骑士香水沐浴液,"5,772",山里红 - 未知,,,,happy,你在我心里无人能够代替
316,316,"2,380",129,101,英国Lsphere/伦敦圈层沐浴露男士专用持久留香清爽骑士香水沐浴液,"5,772",烟火里的尘埃 (抖音DJ版) - 蒋先生,国语,Dance,2020-07-01,sad,烟火里的尘埃 (抖音DJ版)
317,317,"2,728",179,89,英国Lsphere/伦敦圈层沐浴露男士专用持久留香清爽骑士香水沐浴液,"5,772",烟火里的尘埃 (抖音DJ版) - 蒋先生,国语,Dance,2020-07-01,sad,烟火里的尘埃 (抖音DJ版)
318,318,208,0,0,英国Lsphere/伦敦圈层沐浴露男士专用持久留香清爽骑士香水沐浴液,"5,772",Feels Right (Original Mix) - Estiva、Sarah Russell,英语,Dance,2014-09-08,happy,Feels Right (Original Mix)
319,319,643,1,51,丝绒哑光不沾杯口红,"9,593",You Know I'll Go Get (Remix) - Funny Face,纯音乐,Pop,2020-04-26,happy,You Know I ll Go Get
320,320,308,0,44,丝绒哑光不沾杯口红,"9,593",You Know I'll Go Get (Remix) - Funny Face,纯音乐,Pop,2020-04-26,happy,You Know I ll Go Get
321,321,12,0,1,渤海浪花即食海蜇丝凉拌菜 1盒*200g,6万,难得有情人 (片段) - 阿梨粤,粤语,Pop,1989-11-01,happy,难得有情人
322,322,543,1,22,渤海浪花即食海蜇丝凉拌菜 1盒*200g,6万,难得有情人 (片段) - 阿梨粤,粤语,Pop,1989-11-01,happy,难得有情人
323,323,9,1,1,渤海浪花即食海蜇丝凉拌菜 1盒*200g,6万,难得有情人 (片段) - 阿梨粤,粤语,Pop,1989-11-01,happy,难得有情人
324,324,258,1,20,渤海浪花即食海蜇丝凉拌菜 1盒*200g,6万,难得有情人 (片段) - 阿梨粤,粤语,Pop,1989-11-01,happy,难得有情人
325,325,41,0,1,小样自热米饭 煲仔饭 方便速食饭组合套餐3桶装煲仔饭外出简餐,126,のんびり晴ればれ - 纯音乐,纯音乐,Soundtrack,2001-07-20,happy,のんびり晴ればれ
326,326,21,1,12,小样自热米饭 煲仔饭 方便速食饭组合套餐3桶装煲仔饭外出简餐,126,Crying Over You ◐ - HONNE、Beka,英语,Alternative,2018-08-24,happy,Honne - Crying Over You ◐
327,327,209,2,35,小样自热米饭 煲仔饭 方便速食饭组合套餐3桶装煲仔饭外出简餐,126,뽀뽀뽀 (啵啵啵) - J_ust,韩语,Pop,0000-00-00,peaceful,あったかいんだからぁ (Acoustic)
328,328,710,11,75,卡通潮牌适用iPhone11promax手机壳网红情侣6/7/8plus苹果XS/XR女,1.5万,重要的事情说三遍 (DJ小鱼儿版) - 门小强、DJ小鱼儿,,,,mad,重要的事情说三遍
329,329,694,4,91,卡通潮牌适用iPhone11promax手机壳网红情侣6/7/8plus苹果XS/XR女,1.5万,Take It All In - Russ、Rexx Life Raj,英语,Rap/HipHop,2017-02-14,peaceful,Take It All in(feat. Rexx Life Raj) (Explicit)
330,330,848,6,39,卡通潮牌适用iPhone11promax手机壳网红情侣6/7/8plus苹果XS/XR女,1.5万,最帅气的街拍 (DJ阿金) - DJ,其他,Dance,2018-11-26,happy,EA7帅气街拍 (DJ版)
331,331,160,1,10,卡通潮牌适用iPhone11promax手机壳网红情侣6/7/8plus苹果XS/XR女,1.5万,我伪装的很简单强悍坦然 - 德唯奇,纯音乐,Pop,2019-06-12,sad,我伪装的很简单强悍坦然
332,332,26,0,1,宝宝洗澡玩具戏水小企鹅婴儿小鲸鱼沙滩儿童沐浴男孩女孩,1.9万,サンデーモーニング (星期天的早晨) - つじあやの,日语,,2002-04-17,happy,サンデーモーニング (星期天的早晨)
333,333,18,0,1,宝宝洗澡玩具戏水小企鹅婴儿小鲸鱼沙滩儿童沐浴男孩女孩,1.9万,빙고 (아싸) (答对了)(广场舞版) - Turtles,韩语,Pop,2004-11-16,sad,빙고 (答对了)
334,334,11,0,0,宝宝洗澡玩具戏水小企鹅婴儿小鲸鱼沙滩儿童沐浴男孩女孩,1.9万,爱的魔法 - 阮豆,国语,Pop,2017-08-11,peaceful,爱的魔法(1)
335,335,58,0,1,宝宝洗澡玩具戏水小企鹅婴儿小鲸鱼沙滩儿童沐浴男孩女孩,1.9万,哎呀呀 - 小爱与花儿乐队,国语,Pop,2018-06-19,mad,哎呀呀 (cover_ 小爱与花儿乐队)
336,336,9,0,1,宝宝洗澡玩具戏水小企鹅婴儿小鲸鱼沙滩儿童沐浴男孩女孩,1.9万,EA7嘟嘟喂嘟嘟 不摇都是猪 - 六月,纯音乐,,2019-08-25,happy,EA7嘟嘟喂嘟嘟 不摇都是猪
337,337,33,1,2,宝宝洗澡玩具戏水小企鹅婴儿小鲸鱼沙滩儿童沐浴男孩女孩,1.9万,쥐가 백마리 (一百只老鼠) - 七公主,韩语,Children,2005-06-11,happy,쥐가 백마리 (一百只老鼠)
338,338,17,0,1,宝宝洗澡玩具戏水小企鹅婴儿小鲸鱼沙滩儿童沐浴男孩女孩,1.9万,EA7嘟嘟喂嘟嘟 不摇都是猪 - 六月,纯音乐,,2019-08-25,happy,EA7嘟嘟喂嘟嘟 不摇都是猪
339,339,50,1,1,宝宝洗澡玩具戏水小企鹅婴儿小鲸鱼沙滩儿童沐浴男孩女孩,1.9万,EA7嘟嘟喂嘟嘟 不摇都是猪 - 六月,纯音乐,,2019-08-25,happy,EA7嘟嘟喂嘟嘟 不摇都是猪
340,340,40,0,3,宝宝洗澡玩具戏水小企鹅婴儿小鲸鱼沙滩儿童沐浴男孩女孩,1.9万,We Will Rock You - Max Raabe,英语,Pop,2013-07-30,happy,We Will Rock You (Live)
341,341,33.4w,"1,182","8,302",高姿清洁霜女正品深层清洁男毛孔脸部污垢去洁面膏泥膜洁肤按摩膏,6.1万,儿时 (Live) - R1SE翟潇闻、李昀锐、张炯敏、董向科、张达源,国语,Pop,2019-05-11,peaceful,儿时 (Live)
342,342,358,1,22,高姿清洁霜女正品深层清洁男毛孔脸部污垢去洁面膏泥膜洁肤按摩膏,6.1万,星晴 - 周杰伦,国语,Pop,2000-11-07,sad,周杰伦 - 星晴
343,343,463,7,15,高姿清洁霜女正品深层清洁男毛孔脸部污垢去洁面膏泥膜洁肤按摩膏,6.1万,like That - 69,国语,Dance,2020-06-19,happy,like That
344,344,110,9,41,高姿清洁霜女正品深层清洁男毛孔脸部污垢去洁面膏泥膜洁肤按摩膏,6.1万,是心动啊 - 一口甜、吃可爱多吗,国语,Pop,2019-09-12,mad,是心动啊 (Cover：IU _ High4)
345,345,147,2,11,高姿清洁霜女正品深层清洁男毛孔脸部污垢去洁面膏泥膜洁肤按摩膏,6.1万,Melody remix - Lost.,,,,sad,Melody Remix
346,346,127,0,16,高姿清洁霜女正品深层清洁男毛孔脸部污垢去洁面膏泥膜洁肤按摩膏,6.1万,Bibbidi Bobbidi Boo - 手嶌葵,英语,Pop,2013-09-18,happy,Bibbidi Bobbidi Boo
347,347,199,3,12,高姿清洁霜女正品深层清洁男毛孔脸部污垢去洁面膏泥膜洁肤按摩膏,6.1万,爱的魔法 - 电流妹,,,,peaceful,爱的魔法(1)
348,348,14,1,3,PDSTYLE自制哥特文姓氏开头字母情侣项链男女嘻哈ins简约毛衣链潮,"7,000",你啊你啊 - 叶琼琳,国语,Pop,2020-06-19,sad,你啊你啊
349,349,38,0,3,iPhoneX钢化膜11promax苹果Xs手机贴膜iPhoneXsMax全屏覆盖11pro/7/8plus防窥偷窥iPhoneXR蓝光XR防窥膜se2 X,35.4万,6大主角出场神曲，BGM一响我就输了！这是在召唤外挂吧！ - 未知,,,,sad,王者荣耀单挑王超燃BGM
350,350,352,12,10,iPhoneX钢化膜11promax苹果Xs手机贴膜iPhoneXsMax全屏覆盖11pro/7/8plus防窥偷窥iPhoneXR蓝光XR防窥膜se2 X,35.4万,6大主角出场神曲，BGM一响我就输了！这是在召唤外挂吧！ - 未知,,,,sad,王者荣耀单挑王超燃BGM
351,351,31,3,3,iPhoneX钢化膜11promax苹果Xs手机贴膜iPhoneXsMax全屏覆盖11pro/7/8plus防窥偷窥iPhoneXR蓝光XR防窥膜se2 X,35.4万,Kawej bessmertnyj - Russkij Narodnye Skazki,,,,peaceful,summertime (夏日时光)
352,352,9,0,1,iPhoneX钢化膜11promax苹果Xs手机贴膜iPhoneXsMax全屏覆盖11pro/7/8plus防窥偷窥iPhoneXR蓝光XR防窥膜se2 X,35.4万,旧梦一场 (DJ余小磊版) - 未知,国语,,2020-01-10,happy,旧梦一场(改编DJ) (改编版原唱_ 阿悠悠)
353,353,38,0,27,为美兹蛋黄酥芝士流心奶黄酥6枚 夹心馅美食糕点早餐小吃零食品,10.7万,活该 - 谌宥,国语,Pop,2020-05-13,happy,活该
354,354,71,2,0,夏季开车防晒雪纺衫 骑车防晒披肩,2.2万,真的不容易 - 庄心妍,国语,Pop,2012-12-11,happy,真的不容易
355,355,93,2,0,夏季开车防晒雪纺衫 骑车防晒披肩,2.2万,真的不容易 - 庄心妍,国语,Pop,2012-12-11,happy,真的不容易
356,356,251,3,3,夏季开车防晒雪纺衫 骑车防晒披肩,2.2万,百花香 (DJ Candy版) - 魏新雨,,,,happy,你是我拒绝别人的理由 (DJ Candy Extended)
357,357,60,1,0,夏季开车防晒雪纺衫 骑车防晒披肩,2.2万,百花香 (DJ Candy版) - 魏新雨,,,,happy,你是我拒绝别人的理由 (DJ Candy Extended)
358,358,784,10,42,懒人抹布一次性厨房干湿两用家务清洁厨房用品纸可水洗家用洗碗布,4.6万,The Sweetest Sounds - Zoot Sims、rune gustafsson,英语,Pop,2015-04-28,happy,The Sweetest Sounds
359,359,534,5,19,懒人抹布一次性厨房干湿两用家务清洁厨房用品纸可水洗家用洗碗布,4.6万,HAVANA+Señorita - Yusee,英语,,2019-06-05,mad,HAVANA+Señorita
360,360,28,0,1,懒人抹布一次性厨房干湿两用家务清洁厨房用品纸可水洗家用洗碗布,4.6万,春の阳ざし - つじあやの,日语,Pop,2003-05-21,sad,つじあやの - 春の陽ざし
361,361,"1,404",0,16,靓涤垃圾袋家用手提式加厚实惠装一次性黑色背心拉圾桶塑料袋大号,42万,爱情主演 (DJ何鹏版) - 欧阳尚尚、何鹏,国语,Pop,2018-03-14,happy,爱情主演 (DJ何鹏版)
362,362,374,0,132,靓涤垃圾袋家用手提式加厚实惠装一次性黑色背心拉圾桶塑料袋大号,42万,我们一起学土拨鼠叫 (Remix) - 洋洋,其他,Dance,2018-10-09,happy,我们一起学土拨鼠叫 (Remix)
363,363,236,1,44,靓涤垃圾袋家用手提式加厚实惠装一次性黑色背心拉圾桶塑料袋大号,42万,小行囊 (片段) - 马健涛,,,,happy,小行囊 (DJ版)
364,364,218,1,12,靓涤垃圾袋家用手提式加厚实惠装一次性黑色背心拉圾桶塑料袋大号,42万,我这一生 (片段) - 小曼,,,,happy,我这一生 (片段)
365,365,33,0,3,希尔顿电动牙刷央视授权大头儿子小头爸爸动画儿童声波自动牙刷,7.3万,同样 - 阿具,纯音乐,Pop,2020-06-12,mad,同样 (抖音版)
366,366,69.7w,"1,111","2,538",王饱饱X伊利臻浓饱饱浴联名礼盒草莓优脆乳麦片,1.5万,东西 (女生版) - 西二,国语,Pop,2018-12-04,sad,东西 (女生版)
367,367,196.8w,"9,184",1.7w,王饱饱X伊利臻浓饱饱浴联名礼盒草莓优脆乳麦片,1.5万,当她哭的那一刻就是我的错 (DJ版) - 精彩轩迪、P.W.W.画风风、精彩辰浩,其他,Dance,2018-11-22,sad,当她哭的那一刻就是我的错 (DJ版)
368,368,49.1w,"1,166","7,597",王饱饱X伊利臻浓饱饱浴联名礼盒草莓优脆乳麦片,1.5万,Funky (Original Mix) - DNF,,,,mad,Funky (Original Mix)
369,369,47.9w,"1,368",1.1w,王饱饱X伊利臻浓饱饱浴联名礼盒草莓优脆乳麦片,1.5万,潮流冠军 (MV版) - SNH48,,,,happy,潮流冠军 (MV版)
370,370,27.3w,470,"3,891",王饱饱X伊利臻浓饱饱浴联名礼盒草莓优脆乳麦片,1.5万,佛系少女 - 冯提莫,国语,Pop,2018-02-18,mad,佛系少女
371,371,25.7w,"1,339",1w,王饱饱X伊利臻浓饱饱浴联名礼盒草莓优脆乳麦片,1.5万,百家春 - 饶宁新,,,,mad,百家春
372,372,42.1w,883,1.5w,王饱饱X伊利臻浓饱饱浴联名礼盒草莓优脆乳麦片,1.5万,给我一首歌的时间 - 周杰伦,国语,R&B,2008-10-15,happy,周杰伦 - 给我一首歌的时间
373,373,34.8w,692,"5,723",王饱饱X伊利臻浓饱饱浴联名礼盒草莓优脆乳麦片,1.5万,第131集 咖喱咖喱 一首快乐的小童谣 - 未知,国语,Soundtrack,2017-06-05,mad,咖喱咖喱
374,374,31.6w,691,"4,693",王饱饱X伊利臻浓饱饱浴联名礼盒草莓优脆乳麦片,1.5万,알러뷰 (I Love You) - EXID,韩语,Dance,2018-11-21,mad,알러뷰 (I Love You)
375,375,6.6w,"1,298","2,462",青岛啤酒日期新鲜白啤11度500ml*12听罐啤新品上市,"9,940",高考必背古诗词 - 杨可爱,,,,happy,это ли счастье？ (抖音高潮版)
376,376,"1,133",141,159,独脚金干货10克 魔女妖妖,"4,225",Reality - Lost Frequencies、Janieck Devy,英语,Dance,2015-05-22,mad,Reality
377,377,6.4w,902,"1,127",创新图新AB七巧板方块几何拼图创意形状智力拼块儿童益智早教玩具,1.2万,New Face - 69,纯音乐,Dance,2020-06-04,mad,New Face
378,378,1.5w,151,54,NANM事后清晨 流沙香氛沐浴露 持久留香72小时香体400ml/瓶 男女,1万,呼吸决定 (女声版片段) - 网络歌手,,,,happy,Aku Suka Body Mama Muda (抖音热搜版)
379,379,569,76,19,NANM事后清晨 流沙香氛沐浴露 持久留香72小时香体400ml/瓶 男女,1万,呼吸决定 (女声版片段) - 网络歌手,,,,happy,Aku Suka Body Mama Muda (抖音热搜版)
380,380,403,99,40,NANM事后清晨 流沙香氛沐浴露 持久留香72小时香体400ml/瓶 男女,1万,呼吸决定 (女声版片段) - 网络歌手,,,,happy,Aku Suka Body Mama Muda (抖音热搜版)
381,381,8,0,2,（拍下3-7天内发货）纽扣薄针织衫休闲束脚裤套装,"9,186",旧梦一场 (DJ余小磊版) - 未知,国语,,2020-01-10,happy,旧梦一场(改编DJ) (改编版原唱_ 阿悠悠)
382,382,77,0,2,（拍下3-7天内发货）纽扣薄针织衫休闲束脚裤套装,"9,186",活该 - 谌宥,国语,Pop,2020-05-13,happy,活该
383,383,4,0,0,（拍下3-7天内发货）纽扣薄针织衫休闲束脚裤套装,"9,186",活该 - 谌宥,国语,Pop,2020-05-13,happy,活该
384,384,3,1,0,（拍下3-7天内发货）纽扣薄针织衫休闲束脚裤套装,"9,186",我们背对背拥抱 - 未知,,,,peaceful,林俊杰 - 背对背拥抱
385,385,2,0,0,（拍下3-7天内发货）纽扣薄针织衫休闲束脚裤套装,"9,186",英文慢摇电音节奏舞曲 DJ大瑞 (DJ版) - DJ,英语,,2020-03-04,happy,EA7帅气街拍 (DJ版)
386,386,19,0,0,（拍下3-7天内发货）纽扣薄针织衫休闲束脚裤套装,"9,186",你是人间四月天 - 杨小恩,国语,,2020-03-07,sad,你是人间四月天 (电摇)
387,387,5,1,3,（拍下3-7天内发货）纽扣薄针织衫休闲束脚裤套装,"9,186",活该 - 谌宥,国语,Pop,2020-05-13,happy,活该
388,388,7.4w,274,"1,972",花西子空气蜜粉/散粉定妆粉饼女持久控油防水防汗遮瑕不脱妆自然,43.8万,Summertime (夏日时光) - cinnamons、evening cinema,日语,Pop,2017-08-07,peaceful,summertime (夏日时光)
389,389,4.8w,88,"1,258",花西子空气蜜粉/散粉定妆粉饼女持久控油防水防汗遮瑕不脱妆自然,43.8万,Blue - 未知,国语,Pop,2019-01-08,happy,Tape and Glue
390,390,6.9w,860,"2,825",花西子空气蜜粉/散粉定妆粉饼女持久控油防水防汗遮瑕不脱妆自然,43.8万,亲亲 (Live) - 傅如乔、勾雪莹、墨谣、上官喜爱、王欣宇、夏研、张钰,国语,Pop,2020-03-26,happy,We Will Rock You (Live)
391,391,52,3,29,质德 跳绳可拆卸钢丝跳绳负重可拆卸款,1.5万,减肥歌 - 刘奕辰,国语,,2019-04-02,peaceful,减肥歌
392,392,41,3,5,质德 跳绳可拆卸钢丝跳绳负重可拆卸款,1.5万,陈塘关哪吒 (DJ版) - 98k,其他,,2019-08-05,happy,陈塘关哪吒 (DJ版)
393,393,28,0,3,质德 跳绳可拆卸钢丝跳绳负重可拆卸款,1.5万,mojito - 未知,国语,Pop,2020-06-12,mad,Mojito
394,394,19,1,0,质德 跳绳可拆卸钢丝跳绳负重可拆卸款,1.5万,Superstar - Beatrich,英语,Dance,2017-07-21,happy,Beatrich - Superstar
395,395,22,0,2,质德 跳绳可拆卸钢丝跳绳负重可拆卸款,1.5万,Mojito - 周杰伦,国语,Pop,2020-06-12,mad,Mojito
396,396,9,0,10,质德 跳绳可拆卸钢丝跳绳负重可拆卸款,1.5万,mojito - 未知,国语,Pop,2020-06-12,mad,Mojito
397,397,18,1,15,质德 跳绳可拆卸钢丝跳绳负重可拆卸款,1.5万,mojito - 未知,国语,Pop,2020-06-12,mad,Mojito
398,398,14,0,0,质德 跳绳可拆卸钢丝跳绳负重可拆卸款,1.5万,恋人未满 (片段) - 颜人中,国语,R&B,2001-09-11,happy,恋人未满
399,399,"7,358",8,270,SH倒蒸红薯干/地瓜干 软糯香甜 400g/2斤包邮,2.6万,时间的过客 (烟嗓版片段) - 网络歌手,国语,Pop,2018-05-10,sad,时间的过客
400,400,158,0,11,SH倒蒸红薯干/地瓜干 软糯香甜 400g/2斤包邮,2.6万,左手指月 (古琴版) - 古琴唐彬、白无瑕,国语,Pop,2019-03-15,sad,左手指月
401,401,113,1,6,SH倒蒸红薯干/地瓜干 软糯香甜 400g/2斤包邮,2.6万,你莫走 - 田锋、黑如霞,国语,Pop,2020-04-29,happy,你莫走 (DJ版)
402,402,94,0,0,SH倒蒸红薯干/地瓜干 软糯香甜 400g/2斤包邮,2.6万,Trouble I'm In - Twinbed,英语,Soundtrack,2014-06-10,sad,Trouble I'm In
403,403,145,0,3,SH倒蒸红薯干/地瓜干 软糯香甜 400g/2斤包邮,2.6万,为霜 - 羽肿,纯音乐,Pop,2018-02-04,happy,为霜
404,404,61,1,2,SH倒蒸红薯干/地瓜干 软糯香甜 400g/2斤包邮,2.6万,稻香 - 周杰伦,国语,Pop,2008-10-15,sad,周杰伦 - 星晴
405,405,118,0,2,SH倒蒸红薯干/地瓜干 软糯香甜 400g/2斤包邮,2.6万,铁血丹心 (二胡&中胡版) - 永安二胡,纯音乐,Pop,2011-12-09,sad,铁血丹心 (二胡&中胡版)
406,406,"1,989",158,10,ins星空包包链条雕花哑光口红不掉色套装盒网红口红包七夕送女友,"1,567",Wonderful U (片段) - Zkaaai,,,,peaceful,wonderful u（抖音片段） (原唱_ AGA)
407,407,119,1,7,ins星空包包链条雕花哑光口红不掉色套装盒网红口红包七夕送女友,"1,567",Wonderful U (片段) - Zkaaai,,,,peaceful,wonderful u（抖音片段） (原唱_ AGA)
408,408,32,1,1,ins星空包包链条雕花哑光口红不掉色套装盒网红口红包七夕送女友,"1,567",Wonderful U (片段) - Zkaaai,,,,peaceful,wonderful u（抖音片段） (原唱_ AGA)
409,409,111,3,14,杜家有机胚芽米小包装幼儿婴儿童活性谷物米营养宝宝煮粥五常大米,"6,453",医生 - 许嵩,国语,Pop,2011-04-01,sad,医生
410,410,131,0,10,杜家有机胚芽米小包装幼儿婴儿童活性谷物米营养宝宝煮粥五常大米,"6,453",마리아 (María) - 华莎,韩语,Pop,2020-06-29,mad,마리아 (마리아)
411,411,157,0,21,杜家有机胚芽米小包装幼儿婴儿童活性谷物米营养宝宝煮粥五常大米,"6,453",마리아 (María) - 华莎,韩语,Pop,2020-06-29,mad,마리아 (마리아)
412,412,54,0,8,杜家有机胚芽米小包装幼儿婴儿童活性谷物米营养宝宝煮粥五常大米,"6,453",마리아 (María) - 华莎,韩语,Pop,2020-06-29,mad,마리아 (마리아)
413,413,900,11,319,杜家有机胚芽米小包装幼儿婴儿童活性谷物米营养宝宝煮粥五常大米,"6,453",哎呀呀 - 小爱与花儿乐队,国语,Pop,2018-06-19,mad,哎呀呀 (cover_ 小爱与花儿乐队)
414,414,30,1,2,杜家有机胚芽米小包装幼儿婴儿童活性谷物米营养宝宝煮粥五常大米,"6,453",哎呀呀 - 小爱与花儿乐队,国语,Pop,2018-06-19,mad,哎呀呀 (cover_ 小爱与花儿乐队)
415,415,13,0,3,杜家有机胚芽米小包装幼儿婴儿童活性谷物米营养宝宝煮粥五常大米,"6,453",爱的魔法 - 阮豆,国语,Pop,2017-08-11,peaceful,爱的魔法(1)
416,416,"3,073",12,129,卜珂麦丽素桶装怀旧黑巧克力夹心麦芽脆心球零食朱古力糖果送儿童,12万,"Get High, Live Life - Platinum Doug",英语,Dance,2018-03-02,happy,"Get High, Live Life (Original Club Mix)"
417,417,"1,465",0,51,卜珂麦丽素桶装怀旧黑巧克力夹心麦芽脆心球零食朱古力糖果送儿童,12万,名探偵コナン メイン・テーマ (名侦探柯南 主题曲) - 大野克夫,纯音乐,Soundtrack,2013-04-17,happy,名探偵コナン メイン・テーマ (名侦探柯南 主题曲) (絶海の探偵ヴァージョン)
418,418,5.4w,"1,344","3,973",妈妈很忙 农家杏干 500g,5.6万,我的唇吻不到我爱的人 - 未知,国语,Pop,2015-06-10,happy,王奕心 - 我的唇吻不到我爱的人
419,419,"5,774",72,505,妈妈很忙 农家杏干 500g,5.6万,mojito - 未知,国语,Pop,2020-06-12,mad,Mojito
420,420,"3,712",81,323,妈妈很忙 农家杏干 500g,5.6万,苏州好风光 - 朱虹,国语,,2004-07-01,happy,苏州好风光
421,421,"1,736",23,174,妈妈很忙 农家杏干 500g,5.6万,你在我心里无人能够代替 - 暴林,国语,Pop,2018-04-21,happy,你在我心里无人能够代替
422,422,425,12,116,妈妈很忙 农家杏干 500g,5.6万,苏州好风光 - 朱虹,国语,,2004-07-01,happy,苏州好风光
423,423,250,13,67,妈妈很忙 农家杏干 500g,5.6万,三寸天堂 - 马小郡,国语,Pop,2012-01-11,happy,三寸天堂
424,424,279,23,99,妈妈很忙 农家杏干 500g,5.6万,送别 - 孟贵彬,,,,mad,送别
425,425,280,5,89,妈妈很忙 农家杏干 500g,5.6万,三寸天堂 - 马小郡,国语,Pop,2012-01-11,happy,三寸天堂
426,426,120,8,40,妈妈很忙 农家杏干 500g,5.6万,森林狂想曲 - 晴诚,纯音乐,Pop,2020-04-30,happy,森林狂想曲 (纯音乐)
427,427,"9,023",37,61,巨能装收纳袋,"1,562",Travel to the Moon - Various Artists,英语,Soundtrack,2001-01-17,happy,Into the Pavement (Frederik Olufsen Remix)
428,428,"1,626",284,53,[推荐]能量家族榉木棒,4.5万,恋人未满 (片段) - 颜人中,国语,R&B,2001-09-11,happy,恋人未满
429,429,355,34,12,[推荐]能量家族榉木棒,4.5万,光明 (DJ阿福版) - 谭艳,,,,mad,光明（DJ阿福版）
430,430,"1,733",197,38,[推荐]能量家族榉木棒,4.5万,Minuetto - Søren Bødker Madsen,,,,happy,10 Minutes (十分钟)
431,431,"1,069",113,47,[推荐]能量家族榉木棒,4.5万,Controversia Entre Richard Capote Y Guelo Ramirez - Patria Guajira,德语,WorldMusic,2010-04-30,happy,Controversia Entre Richard Capote Y Guelo Ramirez (Part 2)
432,432,9w,348,545,渠道专属| 珍视明小黄鸭洗眼睛液清洁眼部护理液眼疲劳洗眼神器,10.1万,Lucky One - Mich,英语,Electronica,2017-12-01,mad,Jason Mraz - Lucky
433,433,"2,201",33,75,渠道专属| 珍视明小黄鸭洗眼睛液清洁眼部护理液眼疲劳洗眼神器,10.1万,楽しい毎日 - 川井憲次,纯音乐,Soundtrack,2018-03-28,peaceful,楽しい毎日 (快乐的每一天) (M-Ex)
434,434,"3,900",35,76,渠道专属| 珍视明小黄鸭洗眼睛液清洁眼部护理液眼疲劳洗眼神器,10.1万,大家一起喜羊羊 - 星光、韩夜、六爷,纯音乐,Pop,2020-03-07,mad,大家一起喜羊羊 (抖音原版)
435,435,6.6w,"4,690","5,876",七年五季黑麦全麦面包整箱粗粮早餐低食品无蔗糖代餐脂肪热量吐司,15.3万,Funky (Original Mix) - DNF,,,,mad,Funky (Original Mix)
436,436,"8,214",661,202,七年五季黑麦全麦面包整箱粗粮早餐低食品无蔗糖代餐脂肪热量吐司,15.3万,名探偵コナン メイン・テーマ (名侦探柯南 主题曲) - 大野克夫,纯音乐,Soundtrack,2013-04-17,happy,名探偵コナン メイン・テーマ (名侦探柯南 主题曲) (絶海の探偵ヴァージョン)
437,437,"6,011",189,366,七年五季黑麦全麦面包整箱粗粮早餐低食品无蔗糖代餐脂肪热量吐司,15.3万,离不开你 (Live) - 黄绮珊,国语,Pop,2017-12-31,happy,We Will Rock You (Live)
438,438,148,0,11,攀枝花彩虹芒果买5斤送5斤带箱10斤装 买3斤送2斤 3斤装 2斤装,1.5万,王者荣耀单挑王超燃BGM - 王英涛,纯音乐,Pop,2020-04-28,sad,王者荣耀单挑王超燃BGM
439,439,208,2,32,宝宝家居空调衣服纯棉薄款夏季婴儿长袖儿童睡衣透气套装男童女童,2.5万,你是我拒绝别人的理由 (DJ男声版片段) - 小轩,国语,Pop,2018-10-17,happy,你是我拒绝别人的理由 (DJ Candy Extended)
440,440,306,1,29,宝宝家居空调衣服纯棉薄款夏季婴儿长袖儿童睡衣透气套装男童女童,2.5万,快乐阿拉蕾 - 邵雨涵,国语,Pop,2007-01-01,happy,快乐阿拉蕾
441,441,202,1,10,宝宝家居空调衣服纯棉薄款夏季婴儿长袖儿童睡衣透气套装男童女童,2.5万,Aku Suka Body Mama Muda (抖音热搜版) - 小猫多鱼,英语,Dance,2020-06-15,happy,Aku Suka Body Mama Muda (抖音热搜版)
442,442,30,1,4,彩虹竹芋苹果竹芋彩叶植物室内绿植净化空气大叶片植物紫背包邮,"9,602",清新的小女孩(For Ma) - July Tun,,,,happy,清新的小女孩
443,443,2.7w,690,"2,593",艾比新 新款高腰阔腿牛仔裤（S-XL）,1.3万,你是我永远的痛 (DJ何鹏版) - 陈瑞、崔伟立、何鹏,国语,Pop,2018-05-30,happy,你是我永远的痛 (DJ何鹏版)
444,444,"6,833",110,666,艾比新 新款高腰阔腿牛仔裤（S-XL）,1.3万,大丈夫 (1996爱与交响曲演唱会) - 张学友,,,,sad,大丈夫 (1996爱与交响曲演唱会)
445,445,"6,313",89,262,艾比新 新款高腰阔腿牛仔裤（S-XL）,1.3万,大丈夫 (1996爱与交响曲演唱会) - 张学友,,,,sad,大丈夫 (1996爱与交响曲演唱会)
446,446,"3,940",55,278,艾比新 新款高腰阔腿牛仔裤（S-XL）,1.3万,你是我永远的痛 (DJ何鹏版) - 陈瑞、崔伟立、何鹏,国语,Pop,2018-05-30,happy,你是我永远的痛 (DJ何鹏版)
447,447,"5,435",101,313,艾比新 新款高腰阔腿牛仔裤（S-XL）,1.3万,你是我永远的痛 (DJ何鹏版) - 陈瑞、崔伟立、何鹏,国语,Pop,2018-05-30,happy,你是我永远的痛 (DJ何鹏版)
448,448,"1,567",28,48,艾比新 新款高腰阔腿牛仔裤（S-XL）,1.3万,你是我永远的痛 (DJ何鹏版) - 陈瑞、崔伟立、何鹏,国语,Pop,2018-05-30,happy,你是我永远的痛 (DJ何鹏版)
449,449,667,9,49,艾比新 新款高腰阔腿牛仔裤（S-XL）,1.3万,男人绝不认输 (DJ版) - 万一,国语,Pop,2016-04-23,mad,男人绝不认输 (DJ版)
450,450,313,6,25,艾比新 新款高腰阔腿牛仔裤（S-XL）,1.3万,旧梦一场 (DJ余小磊版) - 未知,国语,,2020-01-10,happy,旧梦一场(改编DJ) (改编版原唱_ 阿悠悠)
451,451,162,0,4,艾比新 新款高腰阔腿牛仔裤（S-XL）,1.3万,你是我永远的痛 (DJ何鹏版) - 陈瑞、崔伟立、何鹏,国语,Pop,2018-05-30,happy,你是我永远的痛 (DJ何鹏版)
452,452,979,20,105,艾比新 新款高腰阔腿牛仔裤（S-XL）,1.3万,你是我永远的痛 (DJ何鹏版) - 陈瑞、崔伟立、何鹏,国语,Pop,2018-05-30,happy,你是我永远的痛 (DJ何鹏版)
453,453,902,208,34,松纹堂砂锅炖锅家用燃气煲汤沙锅陶瓷汤煲明火耐高温瓦罐砂锅石锅,4.6万,温柔嗓音 (女声翻唱) - P.W.W.画风风,国语,Pop,2020-07-16,peaceful,温柔嗓音女声翻唱
454,454,3,0,0,NOTO面部护理套装【任选5件】R-3,"4,731",我和你 - 皮卡丘多多,国语,Pop,2020-05-01,happy,我和你
455,455,173w,10.8w,5w,涛声三明治机早餐机家用小型轻食华夫饼面包多功能神器吐司压烤机,2.6万,布谷鸟 - 安子与九妹,,,,happy,布谷鸟 (cover：安子与九妹)
456,456,1.3w,816,315,涛声三明治机早餐机家用小型轻食华夫饼面包多功能神器吐司压烤机,2.6万,布谷鸟 - 安子与九妹,,,,happy,布谷鸟 (cover：安子与九妹)
457,457,"8,120",708,127,涛声三明治机早餐机家用小型轻食华夫饼面包多功能神器吐司压烤机,2.6万,Yellow - 电鸟个灯泡,日语,Pop,2019-10-14,peaceful,Yellow (Yellow) (原唱_有機酸)
458,458,"3,524",54,138,涛声三明治机早餐机家用小型轻食华夫饼面包多功能神器吐司压烤机,2.6万,"1,2,3,4 (원,투,쓰리,포) - LEE HI",韩语,Pop,2012-12-21,happy,"1, 2, 3, 4 (원,투,쓰리,포)"
459,459,"7,041",214,69,涛声三明治机早餐机家用小型轻食华夫饼面包多功能神器吐司压烤机,2.6万,Say So (Explicit) - Sassydee,,,,happy,Say So (Explicit)
460,460,"5,171",23,160,涛声三明治机早餐机家用小型轻食华夫饼面包多功能神器吐司压烤机,2.6万,单恋一枝花 (女声版片段) - 丫蛋蛋(马启涵)、九幺,,,,happy,Aku Suka Body Mama Muda (抖音热搜版)
461,461,1.5w,"1,844",503,【小范推荐】日照发货带黄扇贝肉5包/10包250g/包赠粉丝1包180g,"5,024",Bagaikan Langit Di Sore Hari - DJ TikTok,印尼语,Dance,2020-01-29,happy,Bagaikan Langit Di Sore Hari
462,462,5.9w,747,1620,红地球草本粉底液,,这可是大人的音乐哦,其他,Pop,2018-04-12,mad,这可是大人的音乐哦 (DJ版)
463,463,3.5w,92,598,红地球草本粉底液,,Slapstick,纯音乐,Pop,2006-01-27,mad,Slapstick (Slapstick)
464,464,7.2w,1107,6379,红地球草本粉底液,,Lilly Wood & The Prick-RUA（Krystal remix）,,,,happy,"Prayer in C(Originally Performed By Lilly Wood & The Prick And Robin Schulz, Instrumental Version)"
465,465,4.9w,182,929,红地球草本粉底液,,It G Ma (Spazzkid Bootleg),,,,happy,It G Ma (Spazzkid Bootleg)
466,466,171.3w,6.8w,4.5w,红地球草本粉底液,,猪突猛進 (勇往直前),纯音乐,Soundtrack,2015-04-01,happy,猪突猛進 (勇往直前)
467,467,2.2w,356,458,Hedone修容盘,,REBORN,,,,happy,REBORN (セリver.)
468,468,157,1,36,Hedone修容盘,,Life Is Good (Explicit),,,,peaceful,Life Is Good (Explicit)
469,469,1500,38,154,Hedone修容盘,,最后的圣诞节piano.ver,其他,,2016-12-25,happy,最后的圣诞节piano.ver
470,470,5374,73,353,Hedone修容盘,,"Expression, When Nostalgia Came",英语,Pop,2017-11-17,sad,"Expression, When Nostalgia Came"
471,471,1915,10,83,Hedone修容盘,,금요병 (周五病),韩语,Alternative,2017-07-17,sad,금요병 (周五病)
472,472,3.9w,985,2480,Hedone修容盘,,处处吻 (女生版),粤语,Pop,2004-12-01,sad,东西 (女生版)
473,473,5.5w,2679,1783,Hedone修容盘,,Location,英语,R&B,2017-03-03,happy,Location
474,474,39.3w,3634,1.5w,完美日记金色散粉,,桃花笑 (cover: 汪睿),,,,happy,桃花笑 (cover_ 汪睿)
475,475,8.7w,959,4676,完美日记金色散粉,,Red Light Green Light,英语,Dance,2019-12-06,mad,Duke Dumont - Red Light Green Light(feat. Shaun Ross)
476,476,9060,16,123,完美日记金色散粉,,Curly Wurly,纯音乐,Soundtrack,2012-10-01,happy,Curly Wurly
477,477,2912,58,174,完美日记金色散粉,,The Party Troll,纯音乐,Dance,2013-02-20,mad,The Party Troll
478,478,1541,22,94,完美日记金色散粉,,Air Balloon,英语,Pop,2014-05-02,peaceful,Fallout 4 Main Theme
479,479,2.2w,729,1106,完美日记金色散粉,,小精灵 (原唱: TFBOYS),国语,Pop,2017-12-15,happy,爱出发 (原唱_ TFBOYS)
480,480,2772,74,569,兰蔻持妆粉底液,,Sucker for You,英语,Pop,2017-10-13,mad,Sucker for You
481,481,32.5w,3574,1.2w,兰蔻持妆粉底液,,Everybody,,,,sad,Ingrid Michaelson - Everybody
482,482,3925,13,161,兰蔻持妆粉底液,,woo!,国语,Pop,2020-06-26,happy,Bibbidi Bobbidi Boo
483,483,4001,83,545,兰蔻持妆粉底液,,EA7小曲挺有劲 (Remix),其他,Pop,2018-03-09,happy,EA7小曲挺有劲 (Remix)
484,484,70,10,28,兰蔻持妆粉底液,,馬鹿ふたり (两个笨蛋),纯音乐,Soundtrack,2005-01-28,mad,馬鹿ふたり (两个笨蛋)
485,485,5049,183,212,兰蔻持妆粉底液,,皇上，谁傲娇？,国语,Pop,2016-08-12,happy,皇上，谁傲娇？
486,486,1255,6,44,兰蔻持妆粉底液,,Dreams,英语,Pop,2020-07-24,happy,Dreams
487,487,3770,32,296,兰蔻持妆粉底液,,I Can,英语,Rap/HipHop,2020-07-22,happy,I Can
488,488,1.8w,678,502,兰蔻持妆粉底液,,Could You?,其他,Alternative,2012-04-17,peaceful,Could You (Demo)
489,489,3.5w,115,166,兰蔻持妆粉底液,,Sun In Our Eyes,英语,Pop,2018-07-14,mad,Sun In Our Eyes
490,490,8.3w,20,161,兰蔻持妆粉底液,,微微,国语,Pop,2020-03-20,peaceful,微微
491,491,936,50,251,兰蔻持妆粉底液,,いっしょに帰ろう (一起回去吧),日语,Soundtrack,2014-05-28,happy,いっしょに帰ろう (一起回去吧)
492,492,5.0w,376,107,兰蔻持妆粉底液,,I'm Callin',英语,Alternative,2015-02-02,happy,Tennis - I'm Callin'
493,493,15.4w,477,2273,兰蔻持妆粉底液,,别再问我什么是迪斯科（翻自 新裤子）,国语,,2020-04-12,mad,别再问我什么是迪斯科（翻自 新裤子）
494,494,576,84,25,兰蔻持妆粉底液,,7895,,,,happy,7895
495,495,79,1,13,兰蔻持妆粉底液,,小朋友她现在不想谈恋爱 (Live),,,,happy,小朋友她现在不想谈恋爱 (Live)
496,496,1869,9,37,兰蔻持妆粉底液,,Heaven's Postcard (Rev. 21:1-5) [feat. Eboni Franklin],英语,Pop,2013-08-27,peaceful,Heaven's Postcard (Rev. 21_1-5) [feat. Eboni Franklin]
497,497,8792,162,317,兰蔻持妆粉底液,,Absolutely Anything,英语,Dance,2019-12-10,happy,Nothing to Fear
498,498,3.3w,15,39,兰蔻持妆粉底液,,Oops,英语,Pop,2016-11-18,happy,Oops
499,499,2.4w,15,33,兰蔻持妆粉底液,,Stick Or Wistful,纯音乐,Pop,2019-05-16,peaceful,Stick Or Wistful
500,500,7.0w,454,900,兰蔻持妆粉底液,,动物园里的大象与河马幸福的生活在了一起,英语,,2017-02-22,mad,动物园里的大象与河马幸福的生活在了一起
501,501,7.8w,5908,3996,兰蔻持妆粉底液,,The Party Troll,纯音乐,Dance,2013-02-20,mad,The Party Troll
502,502,2.1w,281,1410,兰蔻持妆粉底液,,굳세어라 행진곡 (加油时刻进行曲) (Instrumental),纯音乐,Soundtrack,2007-03-29,sad,굳세어라 행진곡 (加油时刻进行曲) (Instrumental)
503,503,1506,30,448,兰蔻持妆粉底液,,MOM (原唱：蜡笔小心),,,,happy,BBOOM BBOOM (BBOOMBBOOM)
504,504,40.3w,1.6w,9582,兰蔻持妆粉底液,,西班牙斗牛士进行曲,纯音乐,WorldMusic,2005-01-01,happy,西班牙斗牛士进行曲
505,505,10.4w,1085,2322,兰蔻持妆粉底液,,SAD! & XO Tour Life (COVER),,,,peaceful,SAD! & XO Tour Life (COVER)
506,506,803,19,128,兰蔻持妆粉底液,,Marvin Gaye,,,,sad,grass_harvest
507,507,41,5,48,兰蔻持妆粉底液,,アイロニ (反语),日语,Pop,2015-04-01,happy,まじ娘 - アイロニ(カバー)
508,508,6.1w,356,128,兰蔻持妆粉底液,,Yellow wagon,,,,peaceful,Yellow (Yellow) (原唱_有機酸)
509,509,1.2w,2535,3261,雅诗兰黛小棕瓶,,The Party Troll,纯音乐,Dance,2013-02-20,mad,The Party Troll
510,510,1.0w,15,127,雅诗兰黛小棕瓶,,금요병 (周五病),韩语,Alternative,2017-07-17,sad,금요병 (周五病)
511,511,2.3w,488,3834,雅诗兰黛小棕瓶,,Micmacs à la gare,纯音乐,Soundtrack,2009-10-19,sad,Micmacs à la gare
512,512,6.3w,1313,654,雅诗兰黛小棕瓶,,My Boyfriend Is Gay,英语,Pop,2018-12-25,happy,My Boyfriend Is Gay
513,513,'94549,'483,'2621,'颐莲玻尿酸补水喷雾舒缓保湿爽肤水化妆水定妆喷雾官网正品福瑞达,'60703,桜の木の下で,日语,,2005-05-25,happy,桜の木の下で
514,514,'200174,'3346,'7711,'豆豆 chillmore泠水沐浴露男女香体沐浴液留香300ml,'2553,??? ??? (Hard to Start),韩语,Pop,2019-02-27,mad,Hard to start (Extended Version)
515,515,'255376,'2771,'6721,'豆豆 BLACKPAW黑爪夏日限定香水水果香味自然清新持久留香30ml,'21361,Paris,纯音乐,Electronica,2016-04-19,sad,Paris
516,516,'303095,'4275,'14649,'豆豆 尔木萄眼影盘套盒小情书闪粉珠光日常妆平价便携4盘16色,'10049,Don't Panic,英语,Rock,2000-07-10,sad,Coldplay - Don't Panic
517,517,'155524,'1299,'5599,'豆豆同款HairRecipe发之食谱无硅水润柔顺无花果苹果姜洗发水护发,'20814,When I'm Ready,其他,Rap/HipHop,2013-05-21,sad,When I'm Ready(feat. Daz Dillinger & Soopa Fly) (Explicit)
518,518,'215941,'2422,'8246,'豆豆 ukiwi黑糖磨砂膏纽西小精灵麦卢卡蜂蜜清洁毛孔100ml,'7346,Busy Body,英语,Pop,2019-12-06,happy,Busy Body
519,519,'325686,'6070,'10254,'豆豆 韩国VT范特老虎小布丁面膜7.5g*10涂抹清洁黄金蜜玻尿酸,'50109,How to Dismantle a Life,英语,Jazz,2018-04-25,happy,"Get High, Live Life (Original Club Mix)"
520,520,'227646,'3092,'6468,'李佳琦推荐狮王进口齿力佳酵素美白牙膏去渍清新牙膏去黄牙垢亮白,'88639,Pack Up Your Troubles in Your Old Kit Bag,英语,Pop,2009-01-01,happy,Pack Up Your Troubles in Your Old Kit Bag
521,521,'184578,'590,'3922,'美宝莲眼唇卸妆液脸部温和清洁眼唇脸三合一卸妆水官方正品卸妆油,'73792,Someday,英语,R&B,2020-07-24,mad,Someday
522,522,'308924,'6241,'10094,'豆豆 日本foot  medi 足喷足部喷雾手肘膝盖喷雾110ML,'18780,?? (BBoom BBoom),韩语,Pop,2018-08-30,happy,BBOOM BBOOM (BBOOMBBOOM)
523,523,'130567,'1388,'6820,'豆豆 韩国SOOFEE树霏水乳白桦树活力补水保湿,'4927,Libertines Jacket,英语,Pop,2019-11-15,sad,Libertines Jacket
524,524,'170392,'3707,'7508,'豆豆 新西兰纽西之谜小精灵ukiwi精灵水夏日驱蚊水防蚊喷雾150ml,'7030,grass*harvest,纯音乐,Pop,2013-08-12,sad,grass_harvest
525,525,'430512,'5447,'12429,'潘婷免洗秀发补水笔旗舰店护发素水乳精华改善毛躁护发精油便携,'8779,新学期スタート! (新学期开始!),纯音乐,Soundtrack,2013-03-20,peaceful,新学期スタート! (新学期开始!)
526,526,'874682,'18807,'35975,'小奥汀芝心腮红 猫和老鼠联名奶酪腮红盘正品裸妆自然橘色粉色9g,'92345,Pink Lipstick,英语,Pop,2018-02-18,peaceful,Pink Lipstick
527,527,'199156,'4219,'7553,'豆豆 韩国春雨茄子泥膜清洁面膜深层清洁保湿补水温和涂抹式泥膜,'14419,Like This Guy,英语,Pop,2017-11-03,happy,Like This Guy
528,528,'784141,'10301,'20592,'JOVS冰点女士家用,'1097,ナルトの日常 (鸣人的日常),纯音乐,Soundtrack,2003-03-19,happy,ナルトの日常 (鸣人的日常)
529,529,'300770,'7646,'12663,'【达人热荐】优色林小橙伞控油清爽面部防晒乳50mlSPF50+防紫外线,'4964,When I'm Ready,其他,Rap/HipHop,2013-05-21,sad,When I'm Ready(feat. Daz Dillinger & Soopa Fly) (Explicit)
530,530,'335441,'3966,'10870,豆豆 摇滚动物园1980氨基酸洗发水/护发素控油丰盈蓬松修护无硅油,'9206,Throwaway (SG Lewis x Clairo),英语,Electronica,2019-03-15,sad,Throwaway (SG Lewis x Clairo)
531,531,'644099,'12583,'33667,'豆豆physiciansformula PF小丸子口红同色双质感唇膏,'3547,mind games,英语,Pop,2019-05-03,happy,mind games
532,532,'156761,'2682,'7581,'豆豆 柏翠丝一创镇稳水水膜收缩毛孔提亮修护柏翠丝面膜25g*6片,'3182,あったかいんだからぁ (Acoustic),日语,Pop,2016-07-05,peaceful,あったかいんだからぁ (Acoustic)
533,533,'1174385,'41440,'56032,'完美日记天鹅绒丝绒唇釉女V08雾面哑光口红唇彩持久平价学生V01,'309083,Candy street,英语,Pop,2011-03-28,happy,Candy street
534,534,'509467,'9142,'14920,'豆豆 roopy香水沐浴露持久留香清爽型沐浴液250ml,'13055,Walking On Sunshine,英语,Pop,1985-02-14,happy,Katrina And The Waves - Walking On Sunshine
535,535,'303563,'9239,'8705,'豆豆 EviDenS伊菲丹超级面膜涂抹清洁收缩毛孔修护面膜10ml,'1402,Never On Sunday (Remastered),英语,EasyListening,1962-01-01,mad,Julie London - Never On Sunday
536,536,'636414,'16401,'22659,'御泥坊氨基酸泥浆面膜深层清洁祛粉刺黑头毛孔控油涂抹式泥膜女,'244077,Discover,英语,Pop,2009-01-01,happy,Discover
537,537,'701469,'5649,'13937,'豆豆 韩国VT黄金蜂蜜面膜补水保湿修复提亮紧致金砖面膜6片装,'7724,Lucky,纯音乐,Pop,2019-09-22,mad,Jason Mraz - Lucky
538,538,'161264,'3305,'10181,'豆豆 纽西之谜隔离霜妆前乳打底提亮肤色遮瑕隐形毛孔补水新版50g,'5150,しろつめくさ (白诘草),日语,Pop,2001-06-25,peaceful,しろつめくさ (白诘草)
539,539,'131117,'4586,'7768,'豆豆 日本Cocochi AG抗糖修护精华霜保湿补水抗老紧致精华面霜,'502,"Hi, Hi, Hi",英语,Folk,2010-12-01,sad,"Hi, Hi, Hi"
540,540,'646096,'23500,'20209,'豆豆 moonseem极地之悦唇乳乳木果液体润唇膏保湿滋润打底防干裂,'4403,BOKE,韩语,R&B,2019-02-02,sad,BOKE (BOKE)
541,541,'553525,'6530,'22897,'【仅限今日】娇韵诗光芒小瓷瓶美白淡斑面部精华液提亮肤色,'3618,Queen of the Lot,英语,SingerSongwriter,2010-04-13,mad,Queen of the Lot
542,542,'306176,'10738,'10130,'豆豆 韩国DR.MIND达克蔓神木水急救修复收缩毛孔保湿补水红水,'3506,Tape and Glue,英语,Pop,2011-07-13,happy,Tape and Glue
543,543,'162263,'2027,'7135,'Herbalessences植感哲学氨基酸洗护洗发水400ml/护发素180,'2783,Bibbidi Bobbidi Boo,英语,Pop,2013-09-18,happy,Bibbidi Bobbidi Boo
544,544,'462274,'14287,'5855,'豆豆 roopy润培护手霜女秋冬季滋润保湿补水防干裂便携小巧,'8453,The Dollhouse Dance,纯音乐,Pop,2017-06-02,happy,The Dollhouse Dance
545,545,'338866,'6806,'4982,'豆豆 日本Loomen纳米级万毛牙刷软毛细毛360度清洁口腔情侣款,'1873,氷だらけのアイスコーヒー (全是冰的冰咖啡),纯音乐,Pop,2011-08-13,happy,氷だらけのアイスコーヒー (全是冰的冰咖啡)
546,546,'364956,'6453,'6468,'豆豆 Flortte花洛莉亚四色眼影大地配色金葱闪片神仙配色日常方便,'882,The Lazy Song,英语,,2011-12-26,peaceful,Fallout 4 Main Theme
547,547,'321651,'14191,'7581,'小奥汀眼线液笔 彩色防水不晕染持久棕色胶笔极细新手初学者奥丁,'295681,When You Left Me 02,纯音乐,,2019-08-12,peaceful,When You Left Me 02
548,548,'177224,'2318,'3119,'豆豆 海肌兰女性内衣裤清洗液去污渍留香不伤手550ml,'6044,恋のエチュード,纯音乐,Soundtrack,2009-08-05,sad,恋のエチュード
549,549,'177081,'3513,'4409,'【小林制药】暖宝宝贴女宫寒贴暖身贴自发热保暖贴30片即贴礼盒,'4064,Bygone Bumps,纯音乐,Pop,2019-05-16,sad,Bygone Bumps
550,550,186.4w,27000,54000,花西子定妆散粉,,ナルトの日常 (鸣人的日常),纯音乐,Soundtrack,2003-03-19,happy,ナルトの日常 (鸣人的日常)
551,551,208.2w,6547,34000,花西子定妆散粉,,「名探偵コナン」~メインテーマ,纯音乐,Soundtrack,1996-01-25,happy,名探偵コナン メイン・テーマ (名侦探柯南 主题曲) (絶海の探偵ヴァージョン)
552,552,131.3w,3224,16000,花西子定妆散粉,,100 Ways (MK Remix),,,,mad,100 Ways (MK Remix)
553,553,4.2w,764,1648,花西子定妆散粉,,Lil Mama,英语,Pop,2015-11-06,happy,Lil Mama
554,554,104.9w,2043,10000,花西子定妆散粉,,东西,国语,Pop,2018-09-21,sad,东西 (原唱_林俊呈)
555,555,41w,4779,10000,稚优泉哑光复古正红口红小众品牌持久保湿滋润唇膏,,告白,国语,,2019-02-14,sad,告白 (原唱_沈以诚)
556,556,22.4w,1464,2500,稚优泉哑光复古正红口红小众品牌持久保湿滋润唇膏,,无法原谅,国语,Soundtrack,2011-01-01,happy,无法原谅
557,557,5.7w,213,1364,稚优泉哑光复古正红口红小众品牌持久保湿滋润唇膏,,山鬼,国语,Pop,2017-08-24,peaceful,山鬼
558,558,8.8w,1730,2316,稚优泉哑光复古正红口红小众品牌持久保湿滋润唇膏,,Right Now(Na Na Na),,,,mad,Akon - Right Now (Na Na Na)
559,559,3.1w,484,3100,稚优泉无惧幻想唇釉,,Nobody,韩语,Dance,2008-09-22,mad,Nobody (korean Ver.)
560,560,52.4w,6503,18453,稚优泉无惧幻想唇釉,,썸 탈꺼야 (Some),,,,mad,Someday
561,561,60.8w,3150,16542,稚优泉无惧幻想唇釉,,Red Light,韩语,Pop,2014-07-07,mad,Duke Dumont - Red Light Green Light(feat. Shaun Ross)
562,562,33.6w,3760,12873,稚优泉无惧幻想唇釉,,慢慢等 (原唱: 韦礼安),国语,Pop,2009-03-13,peaceful,wonderful u（抖音片段） (原唱_ AGA)
563,563,51.1w,8259,1876,稚优泉无惧幻想唇釉,,난 바빠 (我很忙),韩语,Pop,2010-09-09,mad,2NE1 - 난 바빠
564,564,93.0w,1444,12000,TIMAGE彩棠唐毅亲研大师高光修容三色一体盘哑光闪粉鼻影阴影,,Situation,英语,,2020-04-24,happy,3Film Festival ～Consultation～ (口白)
565,565,38.5w,31000,13000,TIMAGE彩棠唐毅亲研大师高光修容三色一体盘哑光闪粉鼻影阴影,,We Will Rock You,英语,Rock,2020-07-20,happy,We Will Rock You (Live)
566,566,9.7w,1972,3045,TIMAGE彩棠唐毅亲研大师高光修容三色一体盘哑光闪粉鼻影阴影,,"24 Caprices, Op.1: No. 2 in B Minor",,,,happy,"Itzhak Perlman - 24 Caprices, Op.1_ No. 2 in B Minor"
567,567,17.4w,999,1654,TIMAGE彩棠唐毅亲研大师高光修容三色一体盘哑光闪粉鼻影阴影,,sans.,纯音乐,Soundtrack,2015-09-15,peaceful,sans.
568,568,26.3w,3549,7196,TIMAGE彩棠唐毅亲研大师高光修容三色一体盘哑光闪粉鼻影阴影,,【已买断】騎虎難下,,,,happy,我已经爱上你 (正式版)
569,569,46.3w,513,5126,稚优泉小奶泡氨基酸洗面奶洁面乳深层清洁毛孔控油高保湿学生男女,,Micmacs A La Gare,纯音乐,Soundtrack,2009-10-19,sad,Micmacs à la gare
570,570,40.1w,1678,9838,稚优泉小奶泡氨基酸洗面奶洁面乳深层清洁毛孔控油高保湿学生男女,,普通女孩,国语,,2019-12-01,sad,普通女孩
571,571,39.2w,1179,5957,稚优泉小奶泡氨基酸洗面奶洁面乳深层清洁毛孔控油高保湿学生男女,,Windy Old Weather,英语,Soundtrack,2014-11-11,mad,Windy Old Weather
572,572,6.3w,83,1179,稚优泉小奶泡氨基酸洗面奶洁面乳深层清洁毛孔控油高保湿学生男女,,学校(M-13),纯音乐,Soundtrack,2016-05-25,happy,戸惑いの中(M13) (迷惘中)
573,573,21.2w,837,2681,稚优泉小奶泡氨基酸洗面奶洁面乳深层清洁毛孔控油高保湿学生男女,,就微笑了,国语,Soundtrack,2006-08-25,mad,就微笑了
574,574,52.4w,1959,7010,【官方直营】完美日记哑光唇釉,,のんびり晴ればれ(M-40AB/M-41AB/M-60A),纯音乐,Soundtrack,2001-07-20,happy,のんびり晴ればれ
575,575,35.9w,6865,10000,【官方直营】完美日记哑光唇釉,,Tribute (Dj Fernando Lopez Radio Edit),纯音乐,Dance,2010-08-24,mad,Tribute (Dj Fernando Lopez Radio Edit)
576,576,21.4w,833,2031,【官方直营】完美日记哑光唇釉,,昭和少女,,,,mad,佛系少女
577,577,18.8w,4862,5817,【官方直营】完美日记哑光唇釉,,Wannabe,韩语,Dance,2020-03-09,happy,Wannabe
578,578,16.1w,498,1145,【官方直营】完美日记哑光唇釉,,我喜欢的人总是有女朋友,国语,,2019-06-14,peaceful,我喜欢的人总是有女朋友
579,579,13.5w,2922,7319,【官方直营】完美日记哑光唇釉,,Shooting Flight,其他,,2015-05-20,happy,Shooting Flight
