,goods,like,comment,forward,sale,bpm,genre,language,public_time,emotion,mood
0,食品,47519.0,6627.0,19309.0,51967.0,90,,英语,old,peaceful,negative
1,家装,99795.0,30928.0,59368.0,48294.0,83,R&B,国语,,sad,positive
2,其他,10456.0,64646.0,39125.0,41099.0,137,soundtrack,其他,new,peaceful,positive
3,其他,38640.0,77742.0,96970.0,55952.0,125,soundtrack,其他,,sad,positive
4,电器,43616.0,32985.0,39241.0,33022.0,82,,,old,happy,positive
5,其他,86398.0,34272.0,38642.0,19004.0,80,soundtrack,其他,old,peaceful,negative
6,家装,97835.0,12395.0,53216.0,65507.0,126,R&B,韩语,,peaceful,negative
7,食品,94176.0,80394.0,22112.0,67860.0,102,soundtrack,国语,,sad,negative
8,电器,49090.0,14082.0,97477.0,99026.0,142,dance,韩语,new,mad,negative
9,电器,1863.0,3172.0,57291.0,43839.0,124,dance,,old,sad,positive
10,其他,3178.0,95323.0,22373.0,82390.0,60,jazz,英语,old,sad,negative
11,其他,14975.0,66643.0,43388.0,52241.0,72,pop,,new,mad,negative
12,服装,12663.0,45641.0,62360.0,28504.0,110,soundtrack,日语,new,sad,positive
13,服装,95926.0,59374.0,70079.0,98187.0,129,R&B,日语,new,peaceful,positive
14,食品,8125.0,10653.0,30698.0,6961.0,111,soundtrack,其他,new,happy,negative
15,其他,70216.0,55041.0,93094.0,6419.0,118,jazz,国语,,happy,positive
16,食品,27383.0,89534.0,86088.0,22238.0,91,jazz,韩语,,mad,negative
17,其他,77271.0,39467.0,43628.0,16912.0,130,pop,国语,new,peaceful,negative
18,电器,31407.0,68850.0,83244.0,17480.0,138,,,,sad,positive
19,电器,3138.0,78393.0,25532.0,17467.0,68,soundtrack,日语,old,mad,positive
20,电器,85151.0,4007.0,82494.0,59496.0,144,soundtrack,,new,happy,negative
21,家装,18184.0,77170.0,67187.0,67449.0,108,pop,韩语,,peaceful,negative
22,电器,62671.0,13750.0,36106.0,7108.0,123,jazz,国语,,sad,negative
23,服装,59136.0,57205.0,27324.0,90330.0,99,pop,韩语,,peaceful,positive
24,其他,58227.0,97867.0,46273.0,81314.0,64,soundtrack,韩语,,peaceful,positive
25,电器,70305.0,62770.0,37104.0,2478.0,103,soundtrack,国语,old,sad,positive
26,家装,82013.0,27615.0,55309.0,77522.0,133,,韩语,,happy,positive
27,食品,19073.0,45464.0,69752.0,86697.0,93,dance,其他,,peaceful,positive
28,服装,38255.0,2630.0,41600.0,69116.0,64,,英语,old,mad,positive
29,电器,56575.0,8640.0,8131.0,21556.0,100,pop,,,sad,positive
30,服装,79517.0,51299.0,38105.0,85989.0,81,,,new,sad,positive
31,电器,59383.0,48059.0,79858.0,49829.0,79,dance,国语,,mad,negative
32,家装,60947.0,24455.0,20452.0,18201.0,120,dance,,old,happy,negative
33,服装,8161.0,68628.0,95282.0,57882.0,93,soundtrack,日语,,happy,negative
34,食品,32920.0,12639.0,76700.0,5805.0,120,dance,韩语,new,happy,positive
35,服装,43391.0,3637.0,48747.0,60664.0,142,soundtrack,国语,,peaceful,positive
36,服装,51378.0,53176.0,70212.0,34027.0,98,R&B,国语,old,peaceful,positive
37,食品,45902.0,53831.0,87558.0,39928.0,122,soundtrack,韩语,old,mad,positive
38,家装,57892.0,43506.0,66254.0,34720.0,78,dance,其他,,sad,positive
39,家装,91433.0,57613.0,10736.0,28888.0,89,dance,其他,,mad,negative
40,服装,74992.0,5350.0,57476.0,5632.0,134,jazz,韩语,new,happy,negative
41,服装,34839.0,37371.0,26870.0,2813.0,122,R&B,其他,old,peaceful,positive
42,电器,49150.0,54759.0,71401.0,31805.0,72,jazz,韩语,,sad,positive
43,电器,47955.0,92368.0,66202.0,25160.0,68,R&B,韩语,,mad,negative
44,服装,83333.0,7925.0,93254.0,57013.0,130,soundtrack,国语,old,peaceful,positive
45,食品,63269.0,23889.0,74052.0,53144.0,112,R&B,,new,mad,negative
46,电器,23350.0,22958.0,90322.0,49528.0,103,dance,韩语,new,happy,positive
47,家装,80824.0,94336.0,90194.0,51873.0,66,jazz,日语,,peaceful,positive
48,服装,3106.0,67234.0,29584.0,77244.0,62,jazz,其他,new,mad,negative
49,家装,22509.0,75573.0,48841.0,49430.0,79,soundtrack,其他,,mad,negative
50,电器,42849.0,93515.0,13908.0,5455.0,139,dance,国语,old,peaceful,negative
51,其他,71022.0,19013.0,12861.0,96921.0,121,R&B,英语,new,happy,positive
52,家装,96126.0,12057.0,11454.0,57766.0,128,pop,,,sad,negative
53,服装,18604.0,58950.0,96767.0,97171.0,124,,,old,peaceful,negative
54,电器,74809.0,29619.0,80816.0,80882.0,124,jazz,,old,peaceful,negative
55,食品,16412.0,21303.0,1895.0,9276.0,88,soundtrack,日语,new,sad,negative
56,其他,2008.0,63370.0,80548.0,14834.0,112,dance,英语,new,sad,positive
57,食品,9346.0,88051.0,90580.0,19556.0,82,soundtrack,国语,old,sad,negative
58,电器,67486.0,45048.0,83755.0,74075.0,93,,国语,old,happy,positive
59,其他,73656.0,67597.0,45802.0,83388.0,130,soundtrack,,old,sad,negative
60,服装,55463.0,66732.0,13968.0,19345.0,79,soundtrack,日语,new,peaceful,positive
61,食品,91226.0,46495.0,32151.0,15336.0,100,R&B,,old,happy,positive
62,食品,41527.0,91931.0,15408.0,46932.0,86,dance,其他,,happy,positive
63,食品,75731.0,24069.0,3161.0,36869.0,73,dance,,,peaceful,negative
64,其他,43735.0,33592.0,82162.0,4454.0,109,dance,其他,,sad,negative
65,服装,91206.0,51025.0,50825.0,66973.0,129,dance,其他,new,sad,positive
66,电器,7444.0,79758.0,27270.0,7410.0,80,pop,,,mad,negative
67,食品,53795.0,62559.0,25650.0,96049.0,131,pop,,new,sad,positive
68,电器,30446.0,28433.0,95935.0,95234.0,147,jazz,日语,,sad,negative
69,电器,51692.0,42330.0,37064.0,19328.0,90,R&B,国语,new,peaceful,negative
70,电器,17619.0,45358.0,53848.0,7364.0,87,jazz,其他,old,happy,negative
71,家装,93007.0,94897.0,67424.0,10763.0,69,,其他,new,mad,negative
72,食品,54208.0,74926.0,1387.0,40657.0,120,R&B,日语,old,happy,negative
73,电器,89657.0,30404.0,90266.0,27602.0,107,R&B,英语,new,peaceful,negative
74,电器,92968.0,18423.0,75354.0,2867.0,148,soundtrack,其他,old,happy,negative
75,家装,22950.0,78190.0,12391.0,85612.0,118,pop,,old,happy,negative
76,家装,87970.0,35804.0,69858.0,45876.0,135,R&B,韩语,new,peaceful,negative
77,食品,83064.0,77722.0,56366.0,60289.0,147,,,,happy,positive
78,其他,45325.0,72969.0,46825.0,70761.0,66,R&B,日语,,sad,negative
79,其他,37130.0,41367.0,45084.0,80367.0,112,dance,其他,,happy,positive
80,其他,20712.0,40469.0,34754.0,63303.0,139,jazz,日语,new,peaceful,positive
81,其他,69094.0,63145.0,26987.0,91458.0,112,,英语,,happy,positive
82,家装,35942.0,54950.0,48157.0,49098.0,112,,,new,happy,negative
83,家装,25538.0,96074.0,77286.0,69531.0,99,pop,日语,old,sad,positive
84,其他,42089.0,77293.0,46350.0,70698.0,98,,日语,old,mad,positive
85,食品,27832.0,89155.0,8111.0,47544.0,131,pop,,new,happy,negative
86,食品,3109.0,94576.0,70933.0,41310.0,117,,日语,old,peaceful,negative
87,其他,36135.0,70059.0,88452.0,83709.0,125,pop,,new,sad,negative
88,食品,45518.0,49563.0,54115.0,9577.0,98,soundtrack,其他,,peaceful,negative
89,其他,66037.0,57282.0,75091.0,60754.0,94,soundtrack,其他,,peaceful,negative
90,其他,81581.0,17440.0,68766.0,85202.0,126,soundtrack,其他,new,mad,negative
91,服装,8406.0,58682.0,69846.0,35813.0,110,soundtrack,国语,old,mad,negative
92,食品,47268.0,18282.0,58664.0,89283.0,139,R&B,其他,,sad,positive
93,家装,38011.0,20744.0,91540.0,44438.0,67,,,new,mad,negative
94,服装,72534.0,69209.0,23162.0,76106.0,123,soundtrack,日语,new,mad,negative
95,食品,77051.0,46511.0,20882.0,97005.0,102,pop,,old,happy,negative
96,服装,57122.0,40434.0,19350.0,40747.0,135,jazz,其他,old,mad,positive
97,电器,60187.0,53923.0,82041.0,13716.0,75,pop,英语,old,happy,positive
98,家装,4247.0,20816.0,23465.0,77561.0,100,R&B,其他,old,mad,negative
99,电器,94685.0,82932.0,81344.0,6229.0,124,jazz,英语,old,peaceful,negative
100,服装,28703.0,84075.0,93086.0,4417.0,127,pop,日语,,sad,positive
101,食品,52702.0,77021.0,60330.0,31340.0,98,pop,,,sad,negative
102,家装,60099.0,6858.0,24687.0,72511.0,93,soundtrack,,old,sad,positive
103,其他,73416.0,11959.0,8809.0,53051.0,120,jazz,韩语,new,happy,negative
104,服装,41500.0,63924.0,29254.0,69930.0,96,soundtrack,日语,old,peaceful,negative
105,食品,91691.0,15743.0,67776.0,11838.0,149,,韩语,new,mad,negative
106,服装,82985.0,40965.0,81966.0,89571.0,132,R&B,国语,,sad,negative
107,其他,92366.0,53562.0,2458.0,88552.0,118,dance,韩语,new,mad,negative
108,电器,8672.0,51612.0,1891.0,96254.0,121,R&B,日语,new,peaceful,negative
109,电器,69780.0,40425.0,56415.0,52661.0,125,jazz,国语,old,mad,positive
110,家装,7021.0,21930.0,10132.0,66578.0,132,soundtrack,,old,peaceful,positive
111,食品,23399.0,86560.0,25763.0,92000.0,99,soundtrack,,new,mad,positive
112,其他,86973.0,38822.0,29330.0,60235.0,138,,韩语,old,peaceful,positive
113,电器,57098.0,56725.0,5357.0,83600.0,111,soundtrack,,,peaceful,negative
114,其他,42559.0,44828.0,2248.0,17414.0,60,pop,韩语,new,happy,positive
115,家装,12256.0,93684.0,74330.0,84619.0,78,soundtrack,国语,new,peaceful,negative
116,食品,84760.0,66087.0,89939.0,32889.0,117,R&B,韩语,old,happy,negative
117,服装,455.0,42395.0,53613.0,47749.0,75,dance,英语,,happy,negative
118,电器,54892.0,42518.0,29662.0,72594.0,86,soundtrack,英语,,mad,positive
119,电器,26171.0,80802.0,12952.0,20760.0,137,R&B,英语,new,mad,positive
120,电器,71769.0,24724.0,44974.0,12858.0,90,R&B,韩语,new,happy,negative
121,电器,59899.0,61879.0,9001.0,4229.0,85,dance,日语,new,sad,negative
122,电器,96370.0,36939.0,4360.0,17275.0,101,soundtrack,韩语,,peaceful,negative
123,食品,65814.0,37422.0,95212.0,77006.0,138,jazz,韩语,new,sad,positive
124,家装,62202.0,8972.0,4492.0,61065.0,129,pop,韩语,old,sad,negative
125,其他,44361.0,85274.0,17449.0,2093.0,88,pop,,new,mad,negative
126,电器,62138.0,94317.0,81281.0,18925.0,129,jazz,日语,,peaceful,negative
127,服装,30892.0,47132.0,86121.0,90584.0,136,,,,happy,positive
128,电器,81300.0,47006.0,44168.0,87098.0,134,jazz,其他,new,happy,positive
129,其他,46117.0,64776.0,75587.0,5992.0,101,,英语,new,sad,negative
130,食品,38622.0,11467.0,20295.0,29637.0,133,jazz,日语,new,happy,positive
131,电器,60525.0,63580.0,53615.0,32169.0,81,dance,英语,new,peaceful,positive
132,服装,72920.0,79295.0,57077.0,1164.0,99,R&B,英语,,peaceful,positive
133,家装,28087.0,1579.0,25737.0,45808.0,141,R&B,日语,,peaceful,negative
134,家装,42436.0,26909.0,85058.0,43938.0,116,R&B,日语,,sad,positive
135,服装,33747.0,318.0,90250.0,1711.0,148,pop,其他,,peaceful,negative
136,家装,10096.0,53433.0,88145.0,96335.0,128,R&B,,,peaceful,positive
137,家装,86232.0,61349.0,78228.0,66552.0,113,R&B,韩语,,mad,positive
138,电器,14873.0,63639.0,81869.0,50235.0,92,dance,其他,old,peaceful,negative
139,食品,87243.0,48663.0,18407.0,88043.0,146,,韩语,,happy,positive
140,服装,15970.0,26477.0,80737.0,89611.0,104,soundtrack,韩语,old,sad,positive
141,食品,70763.0,58424.0,6711.0,89818.0,80,,日语,,happy,negative
142,食品,22999.0,78584.0,74775.0,60725.0,63,dance,国语,old,peaceful,positive
143,食品,48501.0,51284.0,38736.0,84774.0,96,dance,,new,peaceful,negative
144,其他,68560.0,25056.0,91139.0,64324.0,78,pop,其他,,sad,negative
145,电器,48274.0,24877.0,26621.0,49995.0,89,pop,,old,peaceful,positive
146,电器,81135.0,88743.0,49023.0,900.0,79,pop,国语,old,mad,negative
147,食品,49446.0,65779.0,32395.0,84620.0,64,R&B,英语,new,sad,positive
148,食品,94729.0,38583.0,30473.0,6219.0,139,pop,日语,old,mad,positive
149,服装,15671.0,46645.0,66105.0,74728.0,65,dance,英语,new,mad,positive
150,其他,86035.0,16004.0,92916.0,37615.0,143,soundtrack,其他,old,mad,positive
151,服装,77515.0,71705.0,50960.0,48931.0,107,,韩语,,peaceful,negative
152,电器,12143.0,35301.0,44105.0,25682.0,130,jazz,日语,old,mad,positive
153,食品,42568.0,98974.0,51950.0,57081.0,99,pop,其他,new,sad,negative
154,服装,42688.0,98882.0,67237.0,55155.0,88,,日语,new,sad,positive
155,食品,20006.0,23772.0,12160.0,3460.0,104,dance,国语,old,peaceful,negative
156,其他,56631.0,77745.0,77733.0,7732.0,89,R&B,其他,new,happy,positive
157,其他,98046.0,62747.0,22652.0,2248.0,75,jazz,英语,new,mad,positive
158,其他,56081.0,72746.0,11612.0,70959.0,134,dance,其他,old,peaceful,negative
159,家装,43561.0,64233.0,23095.0,51238.0,132,R&B,日语,old,mad,positive
160,食品,83861.0,25243.0,86977.0,64479.0,144,,国语,new,mad,negative
161,食品,43411.0,90684.0,49744.0,13578.0,91,jazz,其他,new,mad,negative
162,食品,81912.0,90730.0,51827.0,49834.0,130,soundtrack,,old,peaceful,negative
163,服装,88421.0,16142.0,34712.0,53522.0,136,jazz,日语,old,peaceful,negative
164,其他,40592.0,9882.0,33441.0,92511.0,65,,英语,,peaceful,positive
165,家装,26984.0,95948.0,1279.0,75357.0,73,dance,韩语,,happy,negative
166,电器,24559.0,73001.0,25251.0,72569.0,99,soundtrack,英语,new,sad,negative
167,电器,60207.0,35443.0,76125.0,39134.0,72,soundtrack,其他,old,sad,negative
168,家装,63941.0,65741.0,73540.0,14235.0,121,R&B,国语,,happy,negative
169,电器,14600.0,92581.0,65198.0,52237.0,137,,其他,,sad,negative
170,食品,62200.0,35255.0,25624.0,16196.0,63,jazz,韩语,old,happy,positive
171,电器,95236.0,32994.0,55940.0,62686.0,63,pop,日语,old,peaceful,negative
172,服装,56089.0,86218.0,14443.0,61952.0,62,pop,韩语,old,mad,positive
173,其他,14438.0,65135.0,14628.0,81614.0,107,pop,其他,,mad,positive
174,其他,1549.0,17164.0,48572.0,38212.0,103,dance,英语,new,happy,negative
175,服装,17539.0,93111.0,70227.0,42263.0,96,jazz,其他,,sad,negative
176,家装,96101.0,63849.0,96675.0,97462.0,61,R&B,日语,new,sad,negative
177,服装,30382.0,3277.0,2348.0,27473.0,105,pop,韩语,,mad,positive
178,其他,61591.0,47795.0,98471.0,68271.0,126,soundtrack,英语,new,mad,positive
179,食品,19789.0,44874.0,54115.0,59552.0,142,R&B,英语,,happy,negative
180,电器,5917.0,807.0,76520.0,33627.0,70,soundtrack,,old,peaceful,negative
181,其他,72654.0,38575.0,66263.0,23524.0,99,,,old,mad,positive
182,食品,34982.0,63879.0,76543.0,35274.0,86,pop,其他,old,happy,negative
183,家装,75912.0,36026.0,44164.0,15242.0,143,soundtrack,,old,mad,positive
184,服装,59436.0,51277.0,16245.0,96331.0,92,,,new,peaceful,positive
185,电器,1132.0,61919.0,81609.0,19093.0,149,jazz,日语,new,happy,negative
186,家装,51809.0,4064.0,37997.0,49561.0,102,pop,国语,old,sad,negative
187,家装,1916.0,14190.0,31831.0,48715.0,78,,英语,new,peaceful,negative
188,服装,89926.0,17991.0,53439.0,18700.0,94,pop,日语,,happy,positive
189,其他,29032.0,38476.0,64851.0,41639.0,144,R&B,其他,old,sad,positive
190,其他,29856.0,75395.0,95221.0,1933.0,104,jazz,其他,old,peaceful,positive
191,食品,1126.0,89679.0,39186.0,759.0,123,pop,其他,,mad,positive
192,电器,33193.0,84497.0,7786.0,59514.0,140,soundtrack,英语,,peaceful,positive
193,家装,72889.0,39742.0,96922.0,91303.0,142,pop,,new,sad,negative
194,电器,80789.0,93711.0,98969.0,84720.0,61,dance,,,mad,positive
195,其他,19998.0,33012.0,29465.0,99040.0,134,jazz,韩语,old,happy,positive
196,其他,67195.0,61180.0,95588.0,41209.0,138,soundtrack,英语,,sad,positive
197,服装,93727.0,14958.0,63989.0,87604.0,143,jazz,日语,old,sad,positive
198,电器,86130.0,60709.0,82205.0,30429.0,134,,韩语,,peaceful,negative
199,电器,2806.0,46107.0,15001.0,36842.0,69,,国语,old,mad,negative
200,家装,39632.0,51746.0,88993.0,27204.0,90,R&B,日语,old,happy,negative
201,家装,35281.0,94429.0,37640.0,22006.0,88,pop,,,happy,positive
202,家装,46084.0,85836.0,78402.0,2178.0,75,R&B,国语,old,happy,positive
203,其他,75919.0,57160.0,32750.0,30363.0,123,,国语,new,mad,negative
204,电器,60250.0,63198.0,24329.0,51933.0,60,jazz,其他,old,sad,negative
205,电器,5960.0,82643.0,25086.0,78124.0,63,dance,其他,old,sad,negative
206,食品,12856.0,88954.0,41034.0,4806.0,78,dance,其他,old,mad,negative
207,家装,89231.0,58535.0,80252.0,79258.0,138,dance,其他,old,sad,positive
208,服装,25229.0,64240.0,29315.0,44206.0,139,R&B,其他,,mad,positive
209,服装,57498.0,7531.0,13331.0,43828.0,103,dance,日语,,peaceful,positive
210,电器,7106.0,61426.0,52581.0,43099.0,74,dance,英语,new,peaceful,negative
211,其他,52245.0,64730.0,86508.0,54363.0,119,R&B,其他,,sad,negative
212,电器,88139.0,60473.0,61049.0,58268.0,100,R&B,韩语,,sad,positive
213,其他,62385.0,39821.0,46634.0,46616.0,91,soundtrack,英语,old,sad,negative
214,电器,60486.0,34506.0,94504.0,28877.0,79,pop,日语,old,mad,positive
215,服装,60334.0,20529.0,2126.0,57899.0,145,pop,国语,new,mad,negative
216,家装,99597.0,22384.0,57219.0,39669.0,62,R&B,,,happy,positive
217,服装,10522.0,30282.0,56142.0,93318.0,67,R&B,日语,new,happy,positive
218,其他,43201.0,51397.0,82131.0,45845.0,98,dance,英语,new,sad,positive
219,服装,9506.0,46514.0,63570.0,35143.0,130,R&B,英语,,mad,negative
220,其他,29519.0,21143.0,50022.0,49240.0,146,,,new,sad,negative
221,家装,95437.0,81827.0,30501.0,49790.0,133,jazz,其他,new,sad,positive
222,其他,8045.0,34832.0,39891.0,50004.0,97,soundtrack,,old,happy,positive
223,家装,26606.0,24768.0,99863.0,25865.0,105,R&B,英语,,happy,positive
224,电器,58628.0,48679.0,98438.0,16560.0,108,R&B,其他,,peaceful,negative
225,服装,16890.0,43307.0,79924.0,92705.0,93,R&B,韩语,new,happy,negative
226,服装,99451.0,61051.0,66049.0,1270.0,124,dance,英语,new,sad,negative
227,服装,69127.0,12001.0,85835.0,77285.0,136,,日语,,happy,positive
228,服装,64023.0,67131.0,85607.0,33407.0,95,R&B,,old,mad,positive
229,家装,34149.0,21997.0,93249.0,59400.0,112,soundtrack,韩语,old,sad,positive
230,食品,51252.0,75823.0,33618.0,44210.0,74,,其他,,happy,positive
231,服装,65611.0,25312.0,64164.0,47748.0,60,,英语,new,mad,positive
232,服装,58087.0,31985.0,52676.0,33677.0,129,dance,日语,,sad,positive
233,服装,34430.0,21256.0,95880.0,58627.0,116,soundtrack,日语,,mad,negative
234,其他,30868.0,80002.0,80757.0,56836.0,129,soundtrack,其他,new,sad,positive
235,电器,86793.0,50466.0,90229.0,72634.0,121,jazz,韩语,old,mad,positive
236,家装,4254.0,43503.0,63345.0,90756.0,64,soundtrack,,old,mad,positive
237,电器,24660.0,47876.0,61087.0,14768.0,142,,日语,,sad,negative
238,其他,47355.0,67198.0,10237.0,95854.0,125,R&B,国语,old,happy,negative
239,食品,89182.0,1632.0,84937.0,43042.0,109,soundtrack,英语,new,sad,negative
240,服装,16399.0,59024.0,53934.0,1827.0,94,soundtrack,英语,new,sad,negative
241,食品,99986.0,68309.0,97841.0,56795.0,70,pop,英语,,peaceful,negative
242,食品,55300.0,81191.0,39211.0,83192.0,61,pop,,old,happy,negative
243,服装,51893.0,26440.0,70002.0,18172.0,114,jazz,国语,new,peaceful,positive
244,电器,89016.0,98425.0,62941.0,42083.0,104,jazz,其他,new,sad,negative
245,服装,6086.0,75700.0,71832.0,35364.0,69,R&B,日语,old,sad,negative
246,电器,467.0,58796.0,99450.0,17743.0,97,soundtrack,,new,mad,positive
247,电器,99717.0,56137.0,96560.0,67882.0,60,dance,其他,new,mad,negative
248,服装,21136.0,69211.0,26044.0,77861.0,81,,其他,old,happy,positive
249,家装,48149.0,4089.0,85495.0,3145.0,139,,其他,old,sad,positive
250,食品,8526.0,69949.0,70009.0,23357.0,101,jazz,国语,new,sad,positive
251,服装,76442.0,44110.0,91559.0,34115.0,91,R&B,,new,mad,negative
252,其他,15615.0,3930.0,71974.0,80646.0,68,R&B,韩语,,sad,positive
253,食品,88547.0,29519.0,87970.0,36361.0,123,,英语,new,happy,positive
254,其他,71491.0,4542.0,10530.0,94599.0,138,dance,其他,,happy,positive
255,电器,18242.0,12496.0,34568.0,99081.0,107,dance,英语,new,peaceful,positive
256,食品,17620.0,36813.0,97889.0,19805.0,141,,其他,,mad,negative
257,服装,14591.0,90026.0,73826.0,61167.0,99,pop,,old,sad,positive
258,家装,73389.0,8391.0,60193.0,35211.0,126,soundtrack,日语,,sad,positive
259,其他,75785.0,26239.0,43817.0,12597.0,79,,日语,old,peaceful,negative
260,电器,70727.0,70627.0,1933.0,90180.0,102,dance,韩语,,happy,positive
261,电器,21160.0,43560.0,38496.0,96649.0,63,,韩语,old,peaceful,negative
262,服装,3138.0,6150.0,78465.0,89414.0,93,jazz,英语,new,sad,negative
263,服装,96847.0,24995.0,38646.0,37670.0,119,soundtrack,国语,old,happy,positive
264,家装,35008.0,58942.0,85536.0,76787.0,76,soundtrack,韩语,old,peaceful,positive
265,服装,12195.0,47665.0,86558.0,89303.0,62,R&B,国语,old,sad,negative
266,电器,56932.0,40219.0,77467.0,12486.0,112,jazz,英语,new,happy,negative
267,食品,81063.0,60678.0,99377.0,62913.0,129,soundtrack,韩语,new,mad,negative
268,电器,72489.0,85290.0,65427.0,17762.0,65,dance,英语,old,peaceful,negative
269,其他,35339.0,25066.0,64706.0,50188.0,112,R&B,韩语,old,mad,negative
270,食品,15228.0,52003.0,62078.0,19069.0,83,pop,日语,,sad,positive
271,服装,48171.0,50918.0,82823.0,35238.0,90,soundtrack,国语,,happy,positive
272,食品,15228.0,35467.0,53969.0,96085.0,71,pop,,new,happy,negative
273,家装,35674.0,40617.0,5417.0,96011.0,141,,国语,,mad,negative
274,食品,7902.0,30625.0,7755.0,77207.0,137,jazz,日语,,sad,positive
275,家装,33096.0,28058.0,48053.0,10254.0,74,pop,韩语,,mad,negative
276,家装,47093.0,4974.0,84191.0,40313.0,125,R&B,英语,new,happy,positive
277,食品,92896.0,26747.0,5692.0,9143.0,107,dance,国语,new,mad,positive
278,电器,13602.0,70422.0,87838.0,49981.0,119,R&B,英语,old,sad,positive
279,服装,68024.0,78735.0,72055.0,80601.0,148,soundtrack,英语,,happy,negative
280,电器,42692.0,46392.0,56309.0,52180.0,143,pop,英语,,peaceful,positive
281,电器,81104.0,78028.0,61103.0,96862.0,69,pop,日语,old,sad,positive
282,电器,73245.0,18969.0,70805.0,47906.0,88,R&B,,,peaceful,positive
283,食品,87390.0,10012.0,312.0,80412.0,63,,韩语,new,peaceful,positive
284,其他,93836.0,69522.0,58065.0,38338.0,65,soundtrack,日语,,peaceful,negative
285,食品,49047.0,13087.0,70277.0,15843.0,77,,韩语,,sad,positive
286,服装,31674.0,26524.0,51843.0,44685.0,116,jazz,韩语,,sad,positive
287,电器,60397.0,72679.0,90104.0,17217.0,85,jazz,其他,old,peaceful,negative
288,食品,78149.0,78995.0,20546.0,71764.0,117,R&B,,,mad,positive
289,其他,784.0,63173.0,90147.0,33208.0,139,jazz,国语,,peaceful,positive
290,家装,46904.0,78285.0,64611.0,85438.0,137,soundtrack,,,mad,positive
291,服装,24380.0,90867.0,22091.0,42445.0,82,pop,韩语,,sad,positive
292,服装,2263.0,10702.0,69646.0,85967.0,99,R&B,英语,old,peaceful,negative
293,服装,32299.0,53790.0,81582.0,26742.0,62,R&B,其他,,happy,negative
294,服装,1850.0,16548.0,70290.0,42497.0,110,,韩语,,peaceful,positive
295,家装,50648.0,6232.0,72055.0,16661.0,118,soundtrack,韩语,new,peaceful,positive
296,电器,49960.0,22353.0,65021.0,89632.0,147,R&B,日语,old,sad,positive
297,家装,38323.0,15978.0,96282.0,65308.0,84,dance,韩语,new,mad,positive
298,服装,65544.0,81239.0,67038.0,54754.0,99,dance,,,mad,positive
299,其他,202.0,1207.0,20719.0,12878.0,113,R&B,韩语,,sad,negative
300,电器,34547.0,62088.0,88824.0,11383.0,139,R&B,其他,,sad,positive
301,其他,62336.0,91154.0,11053.0,30148.0,95,R&B,,old,mad,positive
302,电器,78386.0,59221.0,69185.0,98995.0,92,R&B,国语,,mad,negative
303,电器,1196.0,65751.0,93976.0,60113.0,91,jazz,英语,new,sad,negative
304,服装,86270.0,65003.0,95503.0,11864.0,100,jazz,,new,happy,positive
305,其他,27093.0,68482.0,68991.0,69609.0,103,jazz,英语,new,peaceful,positive
306,食品,24201.0,36922.0,87302.0,76791.0,61,jazz,其他,old,happy,negative
307,电器,35751.0,56703.0,13775.0,25912.0,97,R&B,国语,old,mad,positive
308,食品,33343.0,42228.0,28175.0,34200.0,120,pop,韩语,old,peaceful,negative
309,食品,61374.0,38467.0,15267.0,71111.0,138,soundtrack,英语,new,mad,negative
310,服装,83011.0,99467.0,80924.0,98859.0,72,,国语,old,mad,negative
311,家装,13496.0,850.0,3943.0,68117.0,121,dance,日语,new,happy,negative
312,服装,46350.0,56110.0,69481.0,72801.0,129,dance,,old,mad,positive
313,其他,58313.0,88312.0,76694.0,99709.0,103,dance,,new,peaceful,negative
314,电器,24301.0,95359.0,65582.0,8043.0,140,dance,其他,,happy,positive
315,食品,95794.0,56305.0,30501.0,98918.0,128,pop,国语,new,happy,positive
316,服装,90328.0,32915.0,569.0,6937.0,130,R&B,韩语,,happy,negative
317,服装,98843.0,75048.0,71258.0,74376.0,77,,国语,,mad,negative
318,电器,21271.0,56290.0,98398.0,61708.0,127,,,new,happy,negative
319,食品,39813.0,82954.0,45293.0,37031.0,107,pop,其他,new,sad,positive
320,服装,3152.0,92055.0,96101.0,9519.0,131,R&B,,,mad,positive
321,服装,50107.0,28943.0,13807.0,84402.0,96,R&B,其他,new,sad,positive
322,食品,3359.0,98432.0,20339.0,46197.0,69,pop,国语,old,sad,negative
323,其他,3023.0,75080.0,79758.0,40923.0,130,jazz,国语,,mad,negative
324,食品,59919.0,25856.0,99443.0,17187.0,142,pop,,new,peaceful,negative
325,服装,60630.0,92726.0,23936.0,90404.0,69,soundtrack,国语,new,happy,positive
326,服装,21505.0,94457.0,94383.0,2570.0,100,R&B,国语,,sad,positive
327,其他,63020.0,84897.0,11871.0,99769.0,83,soundtrack,韩语,old,mad,positive
328,电器,52518.0,53699.0,30719.0,97178.0,137,R&B,国语,new,sad,positive
329,家装,93038.0,73101.0,34403.0,77421.0,89,R&B,国语,new,sad,negative
330,服装,54651.0,16031.0,36541.0,16513.0,139,R&B,日语,new,peaceful,negative
331,其他,40244.0,90816.0,94.0,95373.0,120,soundtrack,韩语,,mad,negative
332,家装,77473.0,50840.0,92641.0,70152.0,105,soundtrack,英语,new,mad,negative
333,电器,94105.0,19373.0,36975.0,31339.0,82,pop,英语,old,peaceful,negative
334,家装,42609.0,28112.0,43475.0,10190.0,94,soundtrack,英语,new,peaceful,negative
335,其他,34143.0,19559.0,82264.0,95586.0,137,,日语,,sad,positive
336,其他,2129.0,27282.0,51486.0,81398.0,90,,英语,old,mad,negative
337,电器,3176.0,60717.0,68883.0,44337.0,78,jazz,日语,old,peaceful,positive
338,电器,97768.0,47156.0,92819.0,8969.0,67,R&B,其他,old,sad,negative
339,其他,98916.0,4094.0,22638.0,58165.0,124,R&B,,old,sad,negative
340,其他,1831.0,7568.0,33614.0,11356.0,149,R&B,,old,happy,negative
341,电器,97501.0,87754.0,78679.0,79627.0,126,pop,日语,new,mad,positive
342,电器,60110.0,49121.0,37732.0,28574.0,103,jazz,韩语,old,mad,negative
343,其他,8027.0,27024.0,59611.0,27687.0,91,,日语,,happy,negative
344,其他,7554.0,4786.0,69449.0,31078.0,118,jazz,,old,peaceful,positive
345,食品,32924.0,36814.0,71350.0,90598.0,73,,其他,,sad,positive
346,食品,83471.0,49731.0,73579.0,76881.0,79,pop,韩语,new,peaceful,positive
347,家装,49039.0,87053.0,46429.0,25845.0,80,,,old,sad,positive
348,服装,71051.0,77765.0,39297.0,62198.0,140,soundtrack,,old,peaceful,positive
349,电器,8407.0,12639.0,94856.0,68620.0,127,dance,国语,,mad,negative
350,家装,72889.0,23797.0,20945.0,68493.0,66,,英语,old,peaceful,negative
351,电器,93108.0,79697.0,6865.0,78423.0,134,R&B,英语,old,happy,negative
352,食品,79589.0,40709.0,10690.0,25608.0,66,jazz,其他,old,mad,positive
353,电器,47765.0,54154.0,93448.0,24158.0,97,,国语,new,peaceful,negative
354,食品,67439.0,6370.0,61523.0,16352.0,77,soundtrack,其他,old,mad,positive
355,服装,69863.0,44480.0,98478.0,40675.0,144,jazz,韩语,old,mad,positive
356,服装,14872.0,39965.0,43283.0,55085.0,76,jazz,日语,old,mad,positive
357,家装,2808.0,70869.0,89038.0,8950.0,104,R&B,韩语,new,peaceful,negative
358,其他,58123.0,48402.0,56619.0,79191.0,113,pop,日语,old,peaceful,negative
359,电器,65763.0,13783.0,1939.0,55383.0,146,,其他,new,mad,negative
360,家装,20717.0,50339.0,21398.0,28147.0,130,pop,韩语,new,happy,negative
361,食品,14921.0,79216.0,83963.0,80968.0,118,,日语,old,mad,negative
362,电器,9464.0,37667.0,11907.0,41376.0,83,,国语,new,peaceful,negative
363,服装,27850.0,28589.0,34357.0,11497.0,145,soundtrack,日语,old,mad,positive
364,服装,7668.0,44063.0,53758.0,40969.0,147,dance,其他,old,sad,positive
365,其他,94411.0,48926.0,80021.0,88649.0,82,,日语,old,peaceful,positive
366,食品,53242.0,13165.0,60964.0,82682.0,62,,韩语,old,mad,positive
367,其他,14819.0,55853.0,38306.0,20481.0,143,,,new,peaceful,negative
368,家装,92847.0,64243.0,59965.0,27644.0,85,soundtrack,国语,new,happy,positive
369,食品,25743.0,70294.0,8191.0,46962.0,142,pop,国语,,mad,positive
370,服装,68449.0,82816.0,15171.0,86401.0,64,soundtrack,韩语,new,happy,positive
371,家装,79621.0,16735.0,87553.0,5719.0,118,R&B,,,mad,positive
372,电器,17116.0,32439.0,18966.0,77601.0,73,jazz,,old,happy,positive
373,服装,7368.0,53083.0,69925.0,66127.0,90,R&B,其他,old,happy,positive
374,服装,40691.0,44074.0,78973.0,96802.0,80,dance,其他,new,peaceful,positive
375,电器,26735.0,56598.0,68497.0,25708.0,109,dance,,old,happy,negative
376,其他,20116.0,46605.0,2566.0,61182.0,67,,英语,,sad,positive
377,服装,75486.0,68188.0,41613.0,28877.0,109,,其他,old,sad,positive
378,其他,13508.0,23709.0,37289.0,51453.0,134,pop,其他,,peaceful,positive
379,服装,11392.0,89822.0,50038.0,1316.0,135,R&B,日语,new,happy,negative
380,其他,81330.0,5976.0,708.0,11632.0,107,pop,韩语,old,peaceful,positive
381,服装,15028.0,93372.0,36033.0,13017.0,132,R&B,,old,happy,negative
382,食品,17358.0,9114.0,39547.0,47930.0,145,,日语,,happy,negative
383,电器,79535.0,57836.0,76441.0,8736.0,76,pop,其他,new,mad,positive
384,服装,31968.0,86246.0,59939.0,5914.0,142,jazz,其他,new,peaceful,negative
385,家装,17196.0,75033.0,42048.0,2423.0,121,pop,韩语,old,happy,negative
386,家装,8680.0,26438.0,56513.0,79771.0,77,pop,日语,,happy,positive
387,食品,36318.0,67788.0,91274.0,34436.0,121,jazz,国语,old,mad,negative
388,电器,7586.0,25140.0,72175.0,29909.0,65,jazz,英语,new,happy,negative
389,食品,53233.0,29134.0,32537.0,24709.0,71,jazz,其他,old,mad,positive
390,电器,31119.0,414.0,18203.0,59341.0,114,soundtrack,日语,old,peaceful,positive
391,电器,2292.0,77350.0,50017.0,81627.0,82,dance,其他,new,happy,positive
392,电器,23718.0,95843.0,20937.0,37865.0,71,R&B,英语,,happy,positive
393,电器,87903.0,84415.0,23800.0,77499.0,92,R&B,韩语,old,peaceful,negative
394,其他,35000.0,13921.0,69810.0,25692.0,112,R&B,,new,sad,positive
395,电器,53150.0,97535.0,64021.0,95915.0,100,soundtrack,国语,old,happy,positive
396,家装,84869.0,50853.0,90797.0,91041.0,106,,国语,,sad,positive
397,食品,45399.0,5691.0,98344.0,11679.0,73,pop,日语,new,sad,negative
398,电器,69565.0,55273.0,7404.0,75282.0,149,,日语,,mad,negative
399,服装,46090.0,34735.0,89706.0,72873.0,112,jazz,其他,,sad,positive
400,其他,,,,51356.0,89,soundtrack,英语,,happy,positive
401,电器,,,,84186.0,131,dance,,new,peaceful,positive
402,家装,,,,20305.0,97,dance,国语,old,mad,negative
403,服装,,,,33300.0,106,dance,韩语,,peaceful,positive
404,电器,,,,21115.0,89,R&B,韩语,,happy,negative
405,其他,,,,93550.0,134,dance,日语,old,mad,negative
406,其他,,,,10359.0,132,R&B,其他,,happy,negative
407,电器,,,,72813.0,67,R&B,英语,new,peaceful,positive
408,家装,,,,18123.0,137,pop,其他,old,sad,positive
409,电器,,,,10629.0,77,pop,国语,,sad,negative
410,食品,,,,175.0,108,soundtrack,,,peaceful,positive
411,家装,,,,26352.0,66,soundtrack,英语,,happy,positive
412,服装,,,,82889.0,64,R&B,英语,new,peaceful,negative
413,服装,,,,71713.0,62,pop,,,mad,positive
414,食品,,,,94904.0,111,jazz,其他,old,sad,positive
415,服装,,,,90168.0,147,soundtrack,国语,new,mad,positive
416,家装,,,,82848.0,87,,英语,old,sad,positive
417,家装,,,,54882.0,129,,韩语,old,happy,negative
418,家装,,,,37602.0,107,R&B,日语,old,happy,positive
419,家装,,,,13883.0,104,jazz,,,sad,positive
420,家装,,,,42325.0,127,dance,国语,new,peaceful,positive
421,其他,,,,86907.0,77,soundtrack,韩语,new,mad,negative
422,服装,,,,35068.0,149,dance,日语,new,happy,negative
423,食品,,,,5234.0,75,,,new,happy,negative
424,其他,,,,40993.0,127,jazz,其他,,peaceful,negative
425,食品,,,,78656.0,121,,国语,new,peaceful,positive
426,其他,,,,61256.0,128,jazz,,new,peaceful,positive
427,服装,,,,96432.0,126,pop,韩语,,peaceful,negative
428,服装,,,,3750.0,124,,国语,new,peaceful,positive
429,其他,,,,2419.0,104,,韩语,new,sad,negative
430,服装,,,,12055.0,75,R&B,韩语,old,mad,positive
431,其他,,,,79727.0,60,dance,英语,,happy,negative
432,服装,,,,27376.0,126,,国语,old,peaceful,positive
433,家装,,,,94843.0,80,soundtrack,,old,peaceful,negative
434,服装,,,,27279.0,96,jazz,日语,,sad,positive
435,其他,,,,83752.0,101,pop,国语,,sad,positive
436,食品,,,,18543.0,138,R&B,其他,old,sad,negative
437,服装,,,,8501.0,64,jazz,,new,mad,positive
438,其他,,,,17435.0,66,soundtrack,国语,old,mad,negative
439,电器,,,,4924.0,78,pop,国语,,peaceful,positive
440,电器,,,,86760.0,118,dance,英语,old,happy,positive
441,其他,,,,75947.0,132,pop,,,mad,negative
442,服装,,,,94566.0,129,jazz,韩语,new,peaceful,negative
443,电器,,,,75693.0,105,soundtrack,国语,,happy,positive
444,服装,,,,50338.0,137,jazz,英语,old,mad,negative
445,家装,,,,86843.0,86,R&B,英语,,mad,negative
446,电器,,,,29450.0,147,pop,国语,old,peaceful,positive
447,电器,,,,35833.0,124,,,,mad,negative
448,食品,,,,70254.0,124,soundtrack,国语,,peaceful,positive
449,其他,,,,91706.0,90,dance,韩语,old,sad,positive
450,其他,,,,28445.0,98,R&B,,,happy,negative
451,家装,,,,56127.0,65,dance,国语,old,peaceful,positive
452,电器,,,,74677.0,68,dance,国语,,happy,positive
453,电器,,,,7961.0,118,soundtrack,其他,new,happy,negative
454,其他,,,,69955.0,76,soundtrack,日语,new,sad,negative
455,服装,,,,37842.0,114,R&B,其他,,happy,negative
456,其他,,,,33838.0,133,pop,英语,new,mad,positive
457,其他,,,,61137.0,79,pop,韩语,,sad,negative
458,电器,,,,41752.0,78,R&B,,old,mad,negative
459,家装,,,,35592.0,81,soundtrack,英语,old,peaceful,negative
460,电器,,,,78060.0,82,,日语,new,happy,positive
461,家装,,,,43194.0,101,dance,,old,happy,negative
462,食品,,,,39426.0,97,pop,其他,new,peaceful,positive
463,服装,,,,59749.0,121,pop,,old,happy,negative
464,其他,,,,2003.0,71,R&B,其他,,happy,negative
465,其他,,,,49179.0,103,dance,其他,,sad,negative
466,服装,,,,97620.0,117,R&B,,,happy,negative
467,其他,,,,56025.0,124,,,,happy,positive
468,家装,,,,33112.0,139,,英语,,happy,positive
469,其他,,,,89985.0,143,,英语,old,mad,positive
470,服装,,,,41977.0,76,dance,国语,old,peaceful,positive
471,家装,,,,97613.0,69,pop,其他,,happy,positive
472,服装,,,,814.0,109,dance,,old,happy,negative
473,家装,,,,68398.0,106,R&B,韩语,old,happy,negative
474,食品,,,,13736.0,144,R&B,韩语,,happy,positive
475,家装,,,,79458.0,106,soundtrack,其他,new,sad,negative
476,电器,,,,69867.0,110,jazz,,old,peaceful,negative
477,食品,,,,44434.0,109,,,,mad,negative
478,食品,,,,23555.0,111,,韩语,old,happy,positive
479,服装,,,,72088.0,127,pop,其他,new,happy,negative
480,服装,,,,99728.0,133,jazz,其他,,sad,positive
481,服装,,,,60804.0,102,jazz,其他,new,sad,negative
482,其他,,,,51405.0,83,R&B,英语,,happy,negative
483,服装,,,,67466.0,101,jazz,韩语,,peaceful,positive
484,食品,,,,16820.0,131,jazz,日语,new,happy,positive
485,服装,,,,35488.0,79,pop,国语,,mad,negative
486,其他,,,,67645.0,90,dance,日语,old,happy,negative
487,其他,,,,56530.0,76,jazz,其他,new,peaceful,negative
488,食品,,,,36128.0,84,dance,国语,old,sad,negative
489,食品,,,,64342.0,91,,,old,happy,negative
490,食品,,,,4086.0,76,,英语,,sad,positive
491,服装,,,,69011.0,134,soundtrack,韩语,old,happy,negative
492,其他,,,,25236.0,88,,日语,old,mad,negative
493,食品,,,,40529.0,76,soundtrack,英语,new,peaceful,negative
494,电器,,,,42934.0,147,R&B,英语,old,peaceful,negative
495,食品,,,,93393.0,146,soundtrack,,old,happy,positive
496,家装,,,,65923.0,108,soundtrack,韩语,old,peaceful,negative
497,食品,,,,49452.0,117,jazz,日语,old,sad,positive
498,其他,,,,8815.0,103,pop,韩语,new,peaceful,positive
499,其他,,,,90310.0,94,R&B,韩语,old,peaceful,positive
500,家装,,,,50889.0,110,soundtrack,英语,,peaceful,negative
501,服装,,,,97540.0,99,jazz,韩语,old,sad,positive
502,食品,,,,3044.0,129,pop,国语,new,happy,positive
503,其他,,,,82528.0,82,R&B,国语,old,sad,negative
504,电器,,,,31719.0,64,,日语,,mad,positive
505,电器,,,,57375.0,130,jazz,其他,new,happy,negative
506,食品,,,,56276.0,132,R&B,其他,new,mad,negative
507,服装,,,,58494.0,116,dance,其他,old,happy,positive
508,家装,,,,98536.0,93,pop,日语,new,sad,negative
509,服装,,,,45244.0,147,jazz,国语,new,sad,negative
510,食品,,,,17665.0,63,soundtrack,韩语,,mad,negative
511,食品,,,,69593.0,77,R&B,其他,,sad,positive
512,家装,,,,69923.0,80,,日语,old,peaceful,negative
513,家装,,,,54279.0,111,R&B,其他,,mad,positive
514,家装,,,,31769.0,129,R&B,,old,peaceful,positive
515,家装,,,,65165.0,124,R&B,日语,,mad,positive
516,电器,,,,30648.0,107,jazz,英语,new,sad,negative
517,服装,,,,26482.0,77,,英语,,sad,negative
518,电器,,,,81806.0,147,jazz,其他,,peaceful,negative
519,电器,,,,62520.0,95,soundtrack,,new,sad,positive
520,其他,,,,57926.0,105,,,old,happy,positive
521,家装,,,,83162.0,105,dance,韩语,new,peaceful,positive
522,食品,,,,89710.0,130,pop,,new,peaceful,negative
523,家装,,,,62250.0,134,jazz,国语,old,happy,positive
524,家装,,,,44043.0,64,R&B,其他,old,happy,positive
525,服装,,,,92704.0,66,dance,日语,,mad,positive
526,电器,,,,77627.0,100,,其他,new,peaceful,positive
527,食品,,,,76562.0,149,soundtrack,,new,peaceful,negative
528,家装,,,,56250.0,67,R&B,,new,sad,positive
529,其他,,,,4835.0,120,jazz,,new,peaceful,negative
530,电器,,,,23139.0,104,pop,英语,,peaceful,negative
531,服装,,,,18334.0,67,dance,英语,old,mad,negative
532,家装,,,,80321.0,86,dance,日语,old,happy,negative
533,食品,,,,91795.0,119,soundtrack,,old,peaceful,negative
534,食品,,,,93283.0,116,dance,,,happy,positive
535,服装,,,,96090.0,101,jazz,,old,mad,negative
536,其他,,,,49411.0,146,R&B,国语,old,happy,positive
537,服装,,,,6854.0,90,soundtrack,其他,old,sad,positive
538,家装,,,,24266.0,68,pop,其他,old,sad,negative
539,其他,,,,58394.0,93,R&B,国语,,peaceful,positive
540,服装,,,,52215.0,124,pop,韩语,old,happy,negative
541,服装,,,,62559.0,128,R&B,日语,,peaceful,positive
542,家装,,,,25477.0,97,jazz,日语,new,mad,negative
543,电器,,,,82783.0,73,soundtrack,,new,peaceful,negative
544,服装,,,,94117.0,107,pop,其他,old,peaceful,negative
545,服装,,,,54051.0,94,soundtrack,日语,,peaceful,positive
546,服装,,,,12213.0,112,jazz,,,sad,positive
547,家装,,,,58861.0,81,soundtrack,其他,new,peaceful,positive
548,电器,,,,90560.0,88,dance,韩语,new,happy,negative
549,服装,,,,86610.0,113,pop,,new,happy,negative
550,电器,,,,53482.0,119,soundtrack,国语,old,happy,negative
551,电器,,,,81773.0,95,soundtrack,,,peaceful,positive
552,家装,,,,77362.0,66,R&B,其他,,sad,positive
553,其他,,,,6866.0,140,R&B,国语,,sad,positive
554,家装,,,,36073.0,80,R&B,其他,old,sad,negative
555,电器,,,,41456.0,138,,国语,,happy,positive
556,家装,,,,34020.0,147,,国语,old,happy,positive
557,服装,,,,24068.0,105,R&B,国语,,mad,positive
558,其他,,,,31524.0,82,R&B,国语,,sad,positive
559,电器,,,,91828.0,148,pop,,,mad,positive
560,家装,,,,94215.0,123,,韩语,new,happy,negative
561,其他,,,,12116.0,97,R&B,英语,new,sad,positive
562,电器,,,,2996.0,69,soundtrack,,old,mad,positive
563,食品,,,,94530.0,81,jazz,韩语,,mad,negative
564,家装,,,,35289.0,83,,韩语,new,mad,positive
565,其他,,,,86650.0,145,,其他,new,peaceful,negative
566,家装,,,,74577.0,121,jazz,英语,new,happy,negative
567,食品,,,,68335.0,75,pop,日语,new,peaceful,negative
568,家装,,,,93534.0,62,R&B,英语,,peaceful,negative
569,其他,,,,29146.0,141,pop,日语,old,happy,positive
570,服装,,,,68787.0,128,dance,国语,new,sad,negative
571,食品,,,,13642.0,116,pop,国语,old,sad,positive
572,食品,,,,30788.0,116,dance,英语,new,happy,positive
573,家装,,,,36342.0,147,jazz,,old,peaceful,negative
574,家装,,,,91193.0,135,dance,国语,new,mad,negative
575,电器,,,,8797.0,135,jazz,英语,new,mad,negative
576,服装,,,,63945.0,145,R&B,国语,new,peaceful,negative
577,电器,,,,29054.0,133,,英语,old,sad,negative
578,其他,,,,30236.0,85,soundtrack,国语,old,sad,positive
579,电器,,,,99370.0,138,dance,,old,happy,negative
580,家装,,,,36571.0,77,dance,国语,old,happy,positive
581,食品,,,,78530.0,131,pop,英语,new,peaceful,negative
582,其他,,,,89168.0,97,pop,英语,new,mad,negative
583,家装,,,,91660.0,131,pop,英语,old,mad,positive
584,其他,,,,84850.0,105,R&B,,,sad,negative
585,服装,,,,37863.0,123,pop,国语,,peaceful,positive
586,其他,,,,64733.0,78,soundtrack,英语,new,mad,negative
587,其他,,,,57123.0,119,soundtrack,国语,new,happy,positive
588,食品,,,,48701.0,92,pop,英语,new,mad,positive
589,家装,,,,40100.0,79,soundtrack,日语,,sad,negative
590,其他,,,,52607.0,102,dance,国语,old,mad,positive
591,其他,,,,91644.0,102,R&B,日语,,happy,positive
592,家装,,,,99887.0,74,R&B,英语,old,mad,positive
593,电器,,,,44028.0,80,pop,国语,new,sad,positive
594,电器,,,,23685.0,132,dance,国语,new,mad,positive
595,电器,,,,55016.0,86,,其他,,mad,positive
596,家装,,,,77647.0,85,soundtrack,其他,,happy,positive
597,食品,,,,19902.0,109,soundtrack,英语,new,mad,negative
598,其他,,,,40958.0,130,,韩语,,happy,positive
599,服装,,,,99266.0,64,R&B,英语,old,mad,positive
600,电器,,,,12731.0,146,,其他,new,peaceful,negative
601,电器,,,,623.0,94,jazz,其他,,mad,negative
602,电器,,,,3337.0,108,dance,英语,new,sad,positive
603,电器,,,,68974.0,141,R&B,韩语,,peaceful,positive
604,食品,,,,78687.0,62,soundtrack,日语,,peaceful,positive
605,家装,,,,68241.0,64,soundtrack,,,mad,positive
606,服装,,,,31297.0,117,dance,韩语,new,peaceful,negative
607,食品,,,,39740.0,99,jazz,,,mad,negative
608,其他,,,,67910.0,133,soundtrack,英语,old,mad,positive
609,服装,,,,64288.0,148,dance,英语,old,happy,positive
610,食品,,,,18267.0,108,R&B,,,happy,negative
611,家装,,,,4690.0,85,pop,,new,peaceful,negative
612,其他,,,,29157.0,90,,英语,,happy,positive
613,其他,,,,77229.0,65,R&B,国语,,mad,positive
614,服装,,,,15753.0,108,dance,英语,new,mad,negative
615,食品,,,,74281.0,60,,国语,new,peaceful,positive
616,其他,,,,86295.0,89,jazz,,,sad,negative
617,服装,,,,87270.0,108,jazz,日语,,peaceful,negative
618,电器,,,,65540.0,130,soundtrack,国语,old,happy,positive
619,电器,,,,58641.0,66,R&B,英语,new,mad,positive
620,家装,,,,90625.0,99,dance,英语,,sad,positive
621,其他,,,,20871.0,148,dance,,old,peaceful,positive
622,食品,,,,84438.0,149,,英语,,mad,positive
623,电器,,,,52158.0,107,,韩语,,peaceful,negative
624,服装,,,,19754.0,145,R&B,国语,old,happy,negative
625,食品,,,,65113.0,119,soundtrack,英语,old,mad,negative
626,家装,,,,59094.0,85,soundtrack,国语,,happy,positive
627,电器,,,,99665.0,105,soundtrack,其他,,sad,negative
628,其他,,,,75913.0,86,dance,英语,old,mad,negative
629,家装,,,,18470.0,98,dance,,,mad,positive
630,服装,,,,28426.0,62,soundtrack,,new,mad,positive
631,食品,,,,44546.0,123,,国语,new,happy,positive
632,服装,,,,85996.0,136,soundtrack,其他,old,happy,negative
633,服装,,,,61014.0,110,soundtrack,日语,old,peaceful,negative
634,家装,,,,70761.0,105,jazz,英语,,happy,positive
635,电器,,,,4934.0,101,dance,英语,,mad,negative
636,家装,,,,53988.0,149,,其他,old,happy,positive
637,其他,,,,11547.0,133,jazz,,,sad,positive
638,家装,,,,43123.0,75,jazz,日语,old,happy,negative
639,其他,,,,43352.0,96,pop,国语,new,peaceful,positive
640,家装,,,,94047.0,131,jazz,其他,new,mad,positive
641,服装,,,,67867.0,107,jazz,日语,old,peaceful,positive
642,服装,,,,61980.0,93,pop,国语,,sad,positive
643,家装,,,,18469.0,95,jazz,国语,new,peaceful,positive
644,家装,,,,3082.0,107,dance,日语,,sad,negative
645,服装,,,,96412.0,75,jazz,其他,,peaceful,negative
646,食品,,,,95407.0,79,pop,国语,,happy,positive
647,家装,,,,78896.0,106,dance,日语,new,sad,positive
648,服装,,,,76919.0,89,soundtrack,英语,new,mad,negative
649,服装,,,,70166.0,78,soundtrack,日语,new,peaceful,positive
650,电器,,,,88329.0,119,soundtrack,英语,,happy,positive
651,家装,,,,6616.0,75,,其他,,sad,negative
652,电器,,,,59861.0,108,pop,韩语,new,mad,negative
653,电器,,,,43768.0,118,,日语,old,peaceful,positive
654,电器,,,,9437.0,109,dance,,new,happy,positive
655,其他,,,,39727.0,128,dance,韩语,,peaceful,negative
656,食品,,,,71948.0,139,,,new,sad,negative
657,家装,,,,8712.0,103,R&B,日语,new,sad,positive
658,服装,,,,45968.0,142,pop,韩语,,happy,negative
659,家装,,,,77458.0,108,R&B,国语,old,mad,negative
660,服装,,,,7921.0,128,jazz,韩语,old,happy,negative
661,家装,,,,96990.0,110,,韩语,new,sad,negative
662,服装,,,,18095.0,74,soundtrack,日语,,happy,negative
663,食品,,,,51600.0,143,jazz,韩语,old,peaceful,negative
664,其他,,,,69484.0,82,,,,happy,negative
665,其他,,,,3721.0,102,soundtrack,国语,old,happy,negative
666,服装,,,,92726.0,103,,,,sad,positive
667,服装,,,,96495.0,147,,,new,sad,negative
668,其他,,,,77321.0,101,,其他,old,mad,positive
669,其他,,,,84719.0,62,soundtrack,英语,,happy,negative
670,电器,,,,57751.0,60,jazz,韩语,,peaceful,positive
671,电器,,,,37325.0,137,soundtrack,,old,happy,positive
672,电器,,,,91514.0,69,,国语,old,happy,positive
673,其他,,,,89651.0,69,pop,其他,old,sad,positive
674,家装,,,,62123.0,88,dance,日语,new,happy,positive
675,食品,,,,34400.0,96,,日语,new,mad,negative
676,家装,,,,22301.0,114,dance,日语,new,mad,positive
677,其他,,,,91732.0,127,jazz,其他,old,peaceful,negative
678,电器,,,,8850.0,82,,韩语,new,peaceful,negative
679,食品,,,,77265.0,103,pop,国语,,peaceful,positive
680,食品,,,,40238.0,84,soundtrack,韩语,new,mad,negative
681,家装,,,,51876.0,121,,韩语,,sad,negative
682,电器,,,,88228.0,145,soundtrack,韩语,new,peaceful,positive
683,其他,,,,5080.0,146,jazz,日语,new,sad,negative
684,其他,,,,19579.0,105,R&B,日语,,mad,positive
685,服装,,,,51262.0,148,jazz,韩语,new,mad,positive
686,电器,,,,8208.0,101,jazz,韩语,old,happy,positive
687,电器,,,,80264.0,97,jazz,其他,new,peaceful,negative
688,食品,,,,97574.0,69,,英语,old,sad,positive
689,其他,,,,17662.0,99,R&B,国语,,mad,positive
690,电器,,,,67869.0,124,soundtrack,韩语,,sad,positive
691,服装,,,,47485.0,83,pop,英语,old,mad,positive
692,电器,,,,55278.0,77,,国语,,peaceful,positive
693,家装,,,,6410.0,114,R&B,国语,,sad,positive
694,服装,,,,32893.0,125,jazz,日语,,happy,negative
695,家装,,,,3747.0,84,pop,韩语,,happy,positive
696,家装,,,,22060.0,105,R&B,国语,old,peaceful,positive
697,家装,,,,88186.0,143,soundtrack,其他,old,sad,positive
698,服装,,,,84154.0,137,,其他,new,mad,negative
699,电器,,,,43149.0,61,dance,国语,new,mad,negative
700,其他,,,,16472.0,107,dance,日语,old,peaceful,negative
701,家装,,,,81177.0,97,R&B,英语,,mad,positive
702,家装,,,,6133.0,135,jazz,日语,,mad,positive
703,其他,,,,94271.0,128,R&B,英语,new,happy,negative
704,家装,,,,12904.0,102,,国语,new,happy,positive
705,食品,,,,69579.0,92,soundtrack,韩语,old,happy,positive
706,电器,,,,82654.0,72,dance,韩语,new,sad,negative
707,服装,,,,43014.0,90,soundtrack,其他,new,sad,negative
708,电器,,,,93970.0,90,jazz,日语,new,peaceful,positive
709,家装,,,,31177.0,94,,国语,,mad,positive
710,服装,,,,93510.0,116,,日语,,sad,negative
711,其他,,,,94472.0,124,dance,其他,old,sad,negative
712,其他,,,,57741.0,134,jazz,国语,new,mad,negative
713,电器,,,,66449.0,84,pop,日语,,happy,positive
714,其他,,,,40443.0,74,pop,,old,sad,negative
715,家装,,,,15023.0,64,dance,其他,new,sad,negative
716,其他,,,,52952.0,133,soundtrack,其他,,peaceful,negative
717,家装,,,,84024.0,82,R&B,韩语,,sad,negative
718,家装,,,,35734.0,125,pop,,old,happy,negative
719,家装,,,,37440.0,132,,,,peaceful,positive
720,服装,,,,45212.0,91,dance,其他,new,sad,negative
721,电器,,,,37071.0,145,jazz,日语,old,mad,positive
722,服装,,,,71011.0,105,dance,韩语,,mad,negative
723,服装,,,,87360.0,118,dance,其他,,happy,negative
724,家装,,,,11938.0,132,jazz,韩语,,mad,positive
725,电器,,,,12483.0,86,pop,,,sad,negative
726,电器,,,,6590.0,101,,日语,,mad,positive
727,其他,,,,12768.0,85,dance,韩语,new,happy,negative
728,食品,,,,80080.0,140,R&B,,,happy,negative
729,电器,,,,42862.0,137,R&B,日语,new,mad,positive
730,食品,,,,51079.0,100,R&B,,old,happy,positive
731,食品,,,,79096.0,143,pop,日语,,happy,positive
732,食品,,,,51065.0,65,pop,其他,,peaceful,positive
733,食品,,,,38770.0,112,pop,国语,new,sad,negative
734,其他,,,,49761.0,84,jazz,日语,,sad,positive
735,服装,,,,69114.0,137,,国语,new,sad,positive
736,食品,,,,21442.0,112,pop,英语,new,peaceful,negative
737,电器,,,,98240.0,91,,日语,new,peaceful,negative
738,电器,,,,86468.0,60,jazz,英语,new,sad,negative
739,电器,,,,22902.0,96,,国语,old,mad,positive
740,食品,,,,1221.0,71,dance,韩语,old,peaceful,positive
741,食品,,,,44671.0,80,dance,其他,,sad,positive
742,食品,,,,70728.0,83,pop,英语,old,peaceful,negative
743,电器,,,,85255.0,135,R&B,国语,,happy,positive
744,其他,,,,82710.0,131,soundtrack,,,mad,positive
745,电器,,,,54344.0,67,dance,日语,new,peaceful,negative
746,家装,,,,96450.0,83,,其他,,happy,positive
747,其他,,,,24324.0,83,dance,韩语,,peaceful,negative
748,服装,,,,79566.0,135,jazz,日语,old,sad,negative
749,电器,,,,79988.0,147,jazz,,new,peaceful,negative
750,家装,,,,97381.0,128,R&B,英语,old,sad,positive
751,食品,,,,1953.0,107,dance,英语,new,peaceful,positive
752,服装,,,,59822.0,104,pop,国语,new,happy,positive
753,服装,,,,59985.0,88,R&B,英语,new,peaceful,positive
754,其他,,,,51791.0,84,R&B,韩语,new,happy,negative
755,其他,,,,90739.0,128,,国语,new,happy,positive
756,家装,,,,83285.0,131,soundtrack,其他,,sad,positive
757,食品,,,,41272.0,135,dance,韩语,new,mad,negative
758,服装,,,,19115.0,64,pop,韩语,new,happy,positive
759,食品,,,,45927.0,125,pop,国语,new,sad,positive
760,家装,,,,9459.0,140,dance,,old,sad,negative
761,服装,,,,83064.0,130,jazz,韩语,old,peaceful,positive
762,服装,,,,28071.0,64,pop,其他,new,sad,negative
763,食品,,,,30219.0,106,R&B,英语,,happy,negative
764,服装,,,,33860.0,88,soundtrack,,new,peaceful,positive
765,其他,,,,79133.0,135,soundtrack,韩语,new,peaceful,negative
766,电器,,,,58107.0,148,dance,,new,mad,negative
767,食品,,,,81053.0,77,soundtrack,韩语,old,peaceful,positive
768,家装,,,,51238.0,93,jazz,国语,,sad,negative
769,电器,,,,80162.0,87,pop,日语,,happy,negative
770,家装,,,,61514.0,120,pop,日语,,peaceful,negative
771,食品,,,,29492.0,72,jazz,英语,new,peaceful,negative
772,服装,,,,55152.0,90,,,old,sad,negative
773,其他,,,,90748.0,61,jazz,其他,old,peaceful,negative
774,服装,,,,23891.0,120,jazz,英语,new,peaceful,negative
775,食品,,,,29069.0,105,soundtrack,日语,,peaceful,positive
776,家装,,,,98569.0,118,dance,其他,,peaceful,negative
777,服装,,,,38223.0,114,,韩语,old,sad,negative
778,电器,,,,85224.0,64,jazz,其他,,peaceful,negative
779,其他,,,,75442.0,78,soundtrack,国语,old,peaceful,negative
780,家装,,,,22248.0,124,dance,其他,,sad,positive
781,食品,,,,53490.0,79,jazz,日语,new,mad,positive
782,电器,,,,57987.0,102,,国语,,happy,positive
783,家装,,,,88042.0,88,soundtrack,其他,old,peaceful,positive
784,食品,,,,19098.0,68,jazz,国语,,peaceful,negative
785,电器,,,,73177.0,147,jazz,英语,new,mad,negative
786,服装,,,,79236.0,149,jazz,国语,,mad,positive
787,电器,,,,10427.0,69,R&B,国语,old,happy,positive
788,其他,,,,50700.0,109,pop,英语,new,sad,negative
789,其他,,,,28765.0,110,dance,日语,new,peaceful,negative
790,家装,,,,62936.0,69,pop,国语,,happy,negative
791,其他,,,,9353.0,75,,日语,,mad,negative
792,其他,,,,71941.0,83,dance,英语,old,sad,negative
793,家装,,,,20444.0,101,R&B,韩语,new,mad,positive
794,电器,,,,22147.0,131,pop,日语,,mad,positive
795,电器,,,,43558.0,138,R&B,,old,mad,negative
796,其他,,,,28691.0,129,soundtrack,英语,new,mad,positive
797,电器,,,,43892.0,80,,英语,old,happy,negative
798,服装,,,,88217.0,104,pop,日语,old,peaceful,negative
799,电器,,,,58245.0,133,jazz,韩语,new,happy,negative
800,家装,19941.0,67401.0,90185.0,,135,dance,英语,,happy,positive
801,其他,5353.0,36640.0,11152.0,,133,,韩语,new,sad,positive
802,其他,92663.0,49378.0,60812.0,,117,R&B,英语,old,peaceful,positive
803,食品,70691.0,78602.0,34913.0,,99,dance,其他,new,peaceful,negative
804,服装,78986.0,14135.0,60395.0,,107,dance,英语,new,sad,negative
805,服装,79345.0,2758.0,23395.0,,128,jazz,其他,new,mad,negative
806,其他,98556.0,53922.0,7306.0,,91,jazz,国语,,peaceful,negative
807,家装,91310.0,50686.0,31823.0,,128,soundtrack,国语,,mad,positive
808,其他,86456.0,68158.0,15340.0,,120,pop,其他,old,happy,negative
809,家装,5652.0,71344.0,83585.0,,144,pop,国语,,happy,positive
810,服装,82677.0,82184.0,58885.0,,99,pop,韩语,,happy,positive
811,食品,88141.0,46026.0,23112.0,,85,R&B,韩语,,sad,negative
812,服装,86440.0,50869.0,98846.0,,139,jazz,,,sad,positive
813,食品,70444.0,11187.0,76543.0,,63,R&B,国语,,happy,positive
814,其他,84532.0,22687.0,15309.0,,85,,其他,,mad,negative
815,其他,31133.0,10909.0,33325.0,,104,pop,其他,,peaceful,negative
816,服装,94273.0,47291.0,47082.0,,69,,英语,new,peaceful,positive
817,电器,12477.0,52554.0,11200.0,,135,pop,国语,old,mad,negative
818,其他,66914.0,35193.0,29561.0,,147,jazz,韩语,new,sad,positive
819,其他,17256.0,81470.0,31160.0,,126,pop,其他,,peaceful,positive
820,服装,82259.0,40429.0,1296.0,,75,soundtrack,,old,mad,negative
821,其他,90927.0,15067.0,30617.0,,84,jazz,日语,,sad,positive
822,电器,91223.0,15018.0,77665.0,,76,,韩语,new,sad,positive
823,食品,45334.0,17187.0,64163.0,,84,R&B,,old,sad,positive
824,其他,77285.0,92214.0,90224.0,,138,dance,,old,mad,negative
825,食品,22988.0,47779.0,32460.0,,107,dance,日语,new,peaceful,positive
826,食品,76963.0,76960.0,98238.0,,104,R&B,其他,,sad,positive
827,家装,16751.0,89329.0,99482.0,,134,soundtrack,英语,,happy,negative
828,食品,4252.0,9756.0,11286.0,,148,jazz,其他,,peaceful,negative
829,其他,33741.0,17832.0,40587.0,,88,dance,其他,old,sad,positive
830,家装,34870.0,41523.0,31725.0,,137,soundtrack,国语,,happy,positive
831,电器,70814.0,57051.0,59390.0,,97,pop,国语,,happy,positive
832,服装,54199.0,40130.0,51849.0,,81,dance,韩语,old,happy,negative
833,食品,45970.0,39865.0,41229.0,,147,jazz,,new,peaceful,negative
834,电器,51947.0,32266.0,17047.0,,125,pop,其他,old,sad,positive
835,其他,6913.0,7046.0,58556.0,,122,jazz,韩语,new,happy,negative
836,服装,82203.0,46259.0,31272.0,,131,,日语,new,happy,positive
837,其他,14665.0,55302.0,3413.0,,72,jazz,其他,old,mad,negative
838,其他,87018.0,80210.0,17102.0,,72,R&B,国语,,peaceful,positive
839,其他,31873.0,9588.0,90635.0,,95,R&B,日语,new,mad,negative
840,其他,47800.0,37022.0,65246.0,,76,soundtrack,韩语,,sad,positive
841,食品,72038.0,64001.0,18122.0,,143,,韩语,old,happy,negative
842,电器,17819.0,8778.0,26341.0,,109,soundtrack,其他,new,peaceful,positive
843,电器,91721.0,47390.0,9165.0,,80,R&B,国语,new,mad,positive
844,食品,56085.0,73821.0,85275.0,,111,soundtrack,英语,old,peaceful,negative
845,食品,1504.0,41656.0,65716.0,,62,soundtrack,其他,old,happy,negative
846,其他,5900.0,16371.0,73138.0,,126,R&B,国语,new,peaceful,positive
847,服装,81454.0,9544.0,1317.0,,102,dance,日语,old,mad,positive
848,其他,2857.0,91730.0,18177.0,,139,,英语,,mad,negative
849,电器,85719.0,13653.0,84256.0,,103,,日语,new,peaceful,negative
850,电器,18753.0,93431.0,87091.0,,124,dance,英语,,peaceful,positive
851,家装,49172.0,6566.0,96811.0,,123,jazz,韩语,old,mad,negative
852,电器,55991.0,553.0,64189.0,,88,jazz,其他,new,mad,negative
853,服装,79184.0,29790.0,73475.0,,104,R&B,英语,old,peaceful,positive
854,服装,50645.0,48068.0,52479.0,,130,pop,国语,,mad,negative
855,其他,86739.0,75500.0,42172.0,,63,R&B,日语,old,peaceful,negative
856,家装,74584.0,31017.0,47.0,,64,R&B,,new,peaceful,negative
857,家装,56353.0,13765.0,54228.0,,146,dance,,new,peaceful,positive
858,电器,62355.0,29938.0,2214.0,,134,soundtrack,,new,sad,positive
859,服装,50222.0,85407.0,80770.0,,118,pop,英语,old,happy,negative
860,其他,89160.0,15239.0,70790.0,,138,soundtrack,国语,old,mad,negative
861,电器,54559.0,76774.0,89649.0,,83,jazz,英语,,sad,negative
862,其他,51639.0,75645.0,6582.0,,113,,韩语,old,happy,positive
863,服装,72932.0,84612.0,67782.0,,86,jazz,韩语,new,happy,positive
864,其他,10287.0,18206.0,27203.0,,72,pop,英语,,happy,negative
865,食品,71707.0,82477.0,71502.0,,106,pop,,old,sad,positive
866,电器,52651.0,21467.0,3308.0,,139,soundtrack,,new,mad,positive
867,电器,16205.0,93798.0,29946.0,,64,jazz,国语,,happy,negative
868,服装,17734.0,69294.0,65725.0,,83,,其他,,happy,negative
869,其他,91239.0,79608.0,67619.0,,148,jazz,日语,new,peaceful,negative
870,食品,82020.0,81664.0,31097.0,,136,soundtrack,,,happy,positive
871,食品,56734.0,95055.0,3298.0,,146,,,new,happy,positive
872,其他,58146.0,58155.0,79765.0,,65,R&B,英语,new,mad,positive
873,服装,773.0,18862.0,30621.0,,119,jazz,英语,new,happy,negative
874,服装,20769.0,64968.0,64848.0,,74,pop,日语,,happy,positive
875,食品,5049.0,69800.0,87317.0,,131,jazz,日语,old,peaceful,positive
876,家装,86867.0,91665.0,76580.0,,118,R&B,日语,new,mad,positive
877,服装,91969.0,83137.0,87413.0,,117,jazz,,new,mad,negative
878,服装,27401.0,14411.0,99616.0,,138,dance,其他,,peaceful,positive
879,电器,51671.0,29240.0,80397.0,,131,,国语,old,sad,positive
880,其他,11296.0,26024.0,64293.0,,85,,国语,new,sad,negative
881,电器,31121.0,72265.0,72698.0,,103,R&B,英语,old,peaceful,positive
882,食品,53189.0,43856.0,77811.0,,147,jazz,其他,,happy,positive
883,电器,79483.0,5295.0,33024.0,,114,pop,,old,peaceful,negative
884,电器,12091.0,42327.0,78346.0,,80,jazz,国语,old,peaceful,positive
885,服装,36914.0,48864.0,42138.0,,84,jazz,日语,old,mad,negative
886,食品,80582.0,98057.0,73421.0,,105,jazz,国语,new,happy,positive
887,电器,8865.0,23138.0,15788.0,,146,pop,,,peaceful,positive
888,家装,11105.0,81235.0,12997.0,,118,R&B,其他,new,sad,negative
889,食品,6310.0,27898.0,14048.0,,92,dance,国语,new,mad,positive
890,食品,33788.0,75252.0,39335.0,,107,,国语,new,peaceful,negative
891,家装,92054.0,25762.0,87481.0,,82,pop,日语,old,peaceful,positive
892,服装,84136.0,53883.0,12677.0,,129,pop,日语,,happy,positive
893,家装,2596.0,25599.0,92641.0,,75,jazz,,new,peaceful,positive
894,食品,99341.0,64912.0,52474.0,,142,jazz,,old,sad,negative
895,家装,28528.0,70471.0,325.0,,95,pop,国语,,sad,positive
896,其他,15865.0,99013.0,53395.0,,73,jazz,,new,peaceful,positive
897,食品,96978.0,25141.0,31106.0,,73,jazz,其他,old,happy,negative
898,电器,47587.0,32572.0,15106.0,,136,R&B,日语,old,sad,negative
899,服装,75650.0,34200.0,47520.0,,68,jazz,,new,peaceful,negative
900,电器,59172.0,46874.0,33461.0,,126,R&B,英语,,mad,positive
901,服装,59250.0,80078.0,80256.0,,77,dance,英语,old,happy,positive
902,食品,16920.0,94376.0,13761.0,,87,dance,日语,,happy,negative
903,服装,44985.0,77906.0,4934.0,,100,R&B,英语,,sad,positive
904,电器,41729.0,73035.0,86004.0,,113,,韩语,old,happy,positive
905,服装,39209.0,11807.0,88413.0,,138,R&B,英语,old,sad,positive
906,食品,5202.0,22317.0,67563.0,,148,dance,国语,new,mad,positive
907,其他,67495.0,58474.0,12912.0,,75,,韩语,,mad,negative
908,电器,86885.0,71199.0,61258.0,,94,pop,其他,,peaceful,negative
909,食品,16203.0,31964.0,84578.0,,89,dance,,,sad,negative
910,服装,51414.0,39513.0,67520.0,,124,jazz,韩语,old,sad,positive
911,电器,76956.0,4170.0,55527.0,,135,R&B,其他,,happy,negative
912,其他,15983.0,1371.0,48243.0,,87,soundtrack,韩语,new,mad,positive
913,食品,3657.0,60533.0,92716.0,,149,dance,日语,,sad,negative
914,电器,13652.0,36038.0,95533.0,,88,R&B,国语,old,mad,positive
915,家装,58545.0,42516.0,24730.0,,67,pop,英语,,sad,positive
916,服装,42957.0,87666.0,93418.0,,138,soundtrack,英语,,peaceful,positive
917,电器,43311.0,90375.0,35371.0,,144,jazz,国语,,happy,positive
918,电器,61331.0,34493.0,32080.0,,76,pop,其他,old,mad,negative
919,其他,44832.0,61203.0,45768.0,,142,dance,国语,,sad,positive
920,其他,87881.0,35602.0,12605.0,,84,R&B,其他,old,mad,positive
921,电器,87153.0,33219.0,89743.0,,92,dance,其他,old,peaceful,positive
922,家装,39093.0,42739.0,40376.0,,60,dance,国语,,sad,positive
923,服装,86019.0,41934.0,72057.0,,85,jazz,英语,old,peaceful,negative
924,家装,49600.0,13939.0,19603.0,,78,dance,,new,peaceful,negative
925,服装,22860.0,89010.0,29641.0,,142,dance,其他,,mad,negative
926,家装,41036.0,44829.0,21674.0,,110,pop,,new,happy,positive
927,家装,21604.0,74026.0,34431.0,,113,R&B,日语,old,peaceful,negative
928,电器,97630.0,96619.0,64414.0,,96,dance,韩语,new,happy,positive
929,家装,45599.0,31296.0,54938.0,,148,soundtrack,其他,,mad,positive
930,其他,2094.0,13175.0,83944.0,,121,pop,其他,new,happy,negative
931,电器,1039.0,76087.0,9974.0,,148,R&B,,old,happy,positive
932,服装,28082.0,4495.0,20238.0,,115,R&B,日语,old,sad,positive
933,食品,49194.0,47446.0,13877.0,,89,dance,,new,sad,positive
934,家装,89256.0,36649.0,39669.0,,83,soundtrack,英语,,mad,negative
935,服装,55044.0,34845.0,41372.0,,100,R&B,英语,new,peaceful,negative
936,食品,15223.0,93453.0,96713.0,,133,pop,英语,old,peaceful,negative
937,服装,6708.0,43871.0,81342.0,,109,R&B,日语,old,sad,positive
938,服装,50170.0,93830.0,5668.0,,128,,其他,new,sad,negative
939,食品,83850.0,1038.0,30913.0,,129,soundtrack,日语,,mad,positive
940,其他,24411.0,73037.0,94402.0,,101,dance,日语,new,happy,positive
941,家装,18201.0,89149.0,30759.0,,103,jazz,英语,old,mad,negative
942,家装,23116.0,77081.0,27244.0,,67,R&B,韩语,new,happy,positive
943,其他,11371.0,81295.0,75563.0,,73,soundtrack,国语,old,sad,positive
944,电器,48283.0,97831.0,48110.0,,145,pop,国语,new,peaceful,negative
945,其他,67240.0,91699.0,48457.0,,114,pop,,new,sad,negative
946,其他,19858.0,5800.0,74680.0,,71,soundtrack,英语,,mad,negative
947,服装,28421.0,20089.0,95053.0,,138,pop,英语,new,sad,negative
948,其他,48340.0,62168.0,18364.0,,118,dance,韩语,,happy,positive
949,家装,5581.0,99303.0,72354.0,,63,soundtrack,其他,,sad,positive
950,食品,35919.0,73245.0,42522.0,,79,,日语,old,peaceful,negative
951,食品,26373.0,95301.0,53940.0,,132,soundtrack,其他,,mad,negative
952,其他,33236.0,92367.0,31651.0,,112,dance,英语,,happy,negative
953,食品,61329.0,50066.0,68842.0,,113,dance,国语,new,peaceful,positive
954,服装,72918.0,74009.0,32501.0,,143,R&B,其他,,mad,negative
955,食品,26056.0,67414.0,63224.0,,71,,,new,peaceful,positive
956,食品,43901.0,93219.0,14600.0,,109,pop,其他,,happy,positive
957,其他,32139.0,44706.0,60424.0,,64,soundtrack,英语,old,happy,negative
958,家装,1114.0,41326.0,59528.0,,125,soundtrack,日语,,peaceful,negative
959,电器,70112.0,13445.0,97243.0,,89,,国语,new,peaceful,negative
960,家装,4171.0,89242.0,768.0,,127,pop,韩语,new,happy,negative
961,其他,69885.0,72251.0,17880.0,,89,jazz,国语,old,mad,positive
962,其他,24391.0,87554.0,13913.0,,120,,,,happy,positive
963,电器,27413.0,88871.0,30478.0,,67,R&B,韩语,new,sad,positive
964,电器,80155.0,19663.0,81673.0,,128,jazz,韩语,old,sad,negative
965,家装,5559.0,89093.0,27148.0,,142,,英语,new,peaceful,negative
966,食品,36524.0,44075.0,72265.0,,122,R&B,英语,old,mad,negative
967,食品,41469.0,92990.0,64022.0,,79,jazz,韩语,old,peaceful,negative
968,其他,82762.0,85042.0,95830.0,,84,jazz,,,sad,negative
969,食品,2044.0,92723.0,39979.0,,64,soundtrack,其他,,sad,positive
970,食品,98785.0,74435.0,9922.0,,132,R&B,韩语,new,sad,positive
971,服装,51658.0,42480.0,88405.0,,122,soundtrack,韩语,old,mad,positive
972,服装,87697.0,53076.0,45677.0,,145,dance,其他,old,peaceful,positive
973,其他,16679.0,17312.0,92671.0,,109,jazz,英语,,peaceful,positive
974,电器,9774.0,99424.0,3216.0,,81,dance,韩语,new,sad,negative
975,服装,66078.0,57996.0,70264.0,,133,dance,国语,new,sad,positive
976,食品,68014.0,90877.0,58348.0,,113,soundtrack,,old,mad,negative
977,家装,90315.0,66342.0,70810.0,,120,pop,国语,old,happy,positive
978,电器,20489.0,84135.0,49041.0,,106,jazz,,old,mad,negative
979,电器,24554.0,39745.0,47503.0,,88,soundtrack,其他,new,mad,negative
980,服装,88601.0,54780.0,65328.0,,122,pop,国语,old,sad,negative
981,家装,45541.0,60145.0,96856.0,,109,dance,韩语,new,sad,positive
982,服装,48123.0,57252.0,60053.0,,121,dance,,,mad,positive
983,食品,52349.0,38900.0,54003.0,,120,pop,国语,,sad,positive
984,电器,86519.0,54192.0,77733.0,,107,dance,其他,,peaceful,positive
985,家装,65945.0,65347.0,81382.0,,101,R&B,英语,,mad,negative
986,家装,25386.0,60742.0,84.0,,130,R&B,国语,,sad,positive
987,其他,29647.0,74871.0,65894.0,,108,pop,国语,old,mad,positive
988,电器,59375.0,18523.0,22593.0,,86,soundtrack,国语,old,sad,negative
989,服装,2865.0,81080.0,8734.0,,114,pop,其他,old,sad,negative
990,食品,5833.0,24244.0,59183.0,,76,,韩语,new,mad,positive
991,家装,95455.0,69386.0,23611.0,,116,dance,其他,old,happy,negative
992,食品,67744.0,79566.0,5861.0,,80,,国语,new,happy,positive
993,服装,74774.0,51585.0,32436.0,,115,soundtrack,日语,,mad,negative
994,食品,32333.0,52484.0,30196.0,,83,pop,,old,happy,negative
995,服装,2459.0,33228.0,3731.0,,137,R&B,其他,new,mad,positive
996,电器,82851.0,34943.0,91920.0,,72,jazz,其他,old,mad,positive
997,其他,65858.0,88479.0,655.0,,130,dance,其他,,happy,positive
998,家装,22802.0,62292.0,66119.0,,63,soundtrack,英语,new,happy,negative
999,其他,75064.0,12832.0,27375.0,,143,R&B,其他,new,sad,positive
1000,家装,37680.0,76927.0,77799.0,,99,dance,国语,new,sad,negative
1001,家装,82492.0,99359.0,13972.0,,125,R&B,英语,new,sad,negative
1002,服装,8021.0,90623.0,68800.0,,134,pop,韩语,,sad,positive
1003,其他,50024.0,38524.0,51583.0,,148,dance,日语,,happy,positive
1004,电器,44535.0,36424.0,47894.0,,117,pop,国语,old,sad,positive
1005,家装,2708.0,42270.0,24672.0,,140,soundtrack,日语,,mad,positive
1006,其他,44466.0,62983.0,34837.0,,146,R&B,韩语,old,peaceful,positive
1007,其他,11963.0,74087.0,55497.0,,100,soundtrack,英语,old,happy,positive
1008,食品,98104.0,47540.0,89766.0,,62,R&B,日语,,mad,negative
1009,电器,43206.0,40099.0,87422.0,,91,dance,国语,,sad,positive
1010,其他,2323.0,54678.0,44240.0,,92,dance,日语,old,sad,negative
1011,食品,6250.0,30427.0,42512.0,,91,R&B,英语,,mad,positive
1012,服装,55825.0,98723.0,57925.0,,142,pop,韩语,new,peaceful,negative
1013,服装,71949.0,26714.0,43302.0,,61,dance,国语,old,peaceful,positive
1014,服装,80246.0,82698.0,16858.0,,82,dance,英语,old,happy,negative
1015,其他,21658.0,31526.0,98849.0,,128,,,new,mad,negative
1016,其他,25420.0,11115.0,63608.0,,139,dance,其他,new,mad,positive
1017,家装,60163.0,3656.0,33200.0,,104,pop,国语,,happy,negative
1018,家装,11579.0,36150.0,77395.0,,105,pop,国语,new,peaceful,positive
1019,食品,70864.0,58094.0,3900.0,,114,jazz,日语,old,mad,negative
1020,电器,52809.0,2855.0,13700.0,,68,jazz,日语,,sad,positive
1021,家装,42214.0,39238.0,18650.0,,105,,日语,,mad,positive
1022,服装,39062.0,67288.0,8291.0,,131,R&B,日语,new,peaceful,positive
1023,其他,30231.0,46257.0,88863.0,,110,pop,其他,new,happy,negative
1024,电器,85763.0,72197.0,59403.0,,80,,其他,old,happy,negative
1025,食品,86590.0,75984.0,97680.0,,127,R&B,韩语,new,sad,negative
1026,家装,19402.0,35999.0,26631.0,,60,R&B,其他,old,happy,negative
1027,食品,74064.0,5685.0,64119.0,,106,jazz,其他,old,mad,negative
1028,家装,30475.0,76555.0,82601.0,,147,dance,国语,new,sad,positive
1029,电器,4347.0,9153.0,16098.0,,90,dance,英语,,mad,negative
1030,电器,52071.0,86057.0,53096.0,,67,R&B,韩语,old,happy,negative
1031,服装,76321.0,41679.0,7781.0,,63,,,old,peaceful,positive
1032,电器,51346.0,370.0,77863.0,,71,R&B,日语,old,sad,negative
1033,服装,76550.0,28876.0,34196.0,,97,R&B,其他,old,mad,negative
1034,食品,73241.0,84575.0,41603.0,,78,,韩语,old,happy,negative
1035,其他,41453.0,59816.0,49135.0,,112,,其他,new,mad,negative
1036,服装,18776.0,91773.0,29624.0,,103,dance,其他,old,peaceful,negative
1037,服装,70712.0,54219.0,47258.0,,80,R&B,韩语,new,peaceful,positive
1038,服装,61769.0,57061.0,57424.0,,97,R&B,国语,,happy,positive
1039,食品,61791.0,94323.0,86630.0,,81,soundtrack,韩语,old,happy,negative
1040,电器,19631.0,63892.0,38009.0,,75,pop,其他,,happy,positive
1041,食品,69985.0,48968.0,39567.0,,99,dance,,,happy,positive
1042,电器,17383.0,31670.0,15842.0,,90,jazz,国语,new,sad,positive
1043,电器,38584.0,15148.0,48222.0,,112,dance,韩语,,mad,negative
1044,电器,21373.0,8129.0,91274.0,,99,dance,英语,,peaceful,positive
1045,家装,8412.0,28361.0,15907.0,,75,,韩语,old,happy,negative
1046,电器,54084.0,39485.0,13536.0,,122,jazz,,new,happy,negative
1047,食品,67930.0,82094.0,32704.0,,114,soundtrack,其他,new,happy,negative
1048,家装,63944.0,39123.0,21950.0,,102,,,,sad,positive
1049,其他,49618.0,99554.0,95579.0,,72,pop,日语,new,happy,negative
1050,食品,54575.0,27229.0,34062.0,,128,R&B,日语,new,peaceful,negative
1051,服装,41068.0,67765.0,84137.0,,90,dance,其他,old,peaceful,negative
1052,食品,27998.0,66301.0,65915.0,,69,soundtrack,韩语,new,happy,positive
1053,服装,65710.0,35023.0,26061.0,,111,,其他,,sad,negative
1054,电器,11445.0,42291.0,55190.0,,70,dance,,,mad,negative
1055,食品,8183.0,35141.0,61282.0,,149,soundtrack,日语,,mad,negative
1056,食品,7636.0,33118.0,41795.0,,116,,国语,old,sad,positive
1057,食品,84463.0,81660.0,23745.0,,125,soundtrack,英语,,peaceful,negative
1058,食品,18838.0,38126.0,50997.0,,139,soundtrack,,old,peaceful,positive
1059,家装,99344.0,89318.0,31405.0,,95,,日语,new,happy,negative
1060,电器,99697.0,67989.0,80772.0,,116,pop,日语,old,peaceful,negative
1061,食品,28431.0,18841.0,44242.0,,66,soundtrack,其他,,peaceful,positive
1062,其他,92202.0,39464.0,82813.0,,65,,日语,,sad,negative
1063,服装,32639.0,62843.0,32357.0,,80,jazz,日语,old,happy,negative
1064,家装,8190.0,20728.0,8030.0,,93,,韩语,new,mad,negative
1065,家装,52449.0,72908.0,14773.0,,132,soundtrack,其他,old,peaceful,negative
1066,食品,8168.0,97535.0,17967.0,,134,R&B,日语,new,happy,positive
1067,电器,14134.0,14832.0,9334.0,,125,,日语,,sad,positive
1068,食品,30173.0,40413.0,75350.0,,103,soundtrack,英语,,mad,negative
1069,家装,1644.0,8395.0,64901.0,,80,R&B,英语,,mad,positive
1070,服装,31777.0,81123.0,14030.0,,75,dance,国语,new,sad,negative
1071,家装,83562.0,20242.0,13625.0,,89,pop,,old,sad,negative
1072,服装,85468.0,55242.0,99715.0,,139,R&B,国语,,happy,positive
1073,其他,89381.0,92498.0,79365.0,,148,dance,其他,new,happy,negative
1074,服装,86672.0,27957.0,53546.0,,149,jazz,其他,,mad,positive
1075,食品,16815.0,85836.0,43858.0,,65,pop,其他,,happy,positive
1076,电器,31129.0,4009.0,52982.0,,122,soundtrack,,old,happy,positive
1077,家装,21549.0,9013.0,23143.0,,75,soundtrack,韩语,old,mad,positive
1078,服装,2747.0,73726.0,90810.0,,82,soundtrack,,old,mad,negative
1079,电器,1916.0,42025.0,24588.0,,129,soundtrack,日语,new,peaceful,negative
1080,家装,31031.0,77228.0,59382.0,,92,soundtrack,日语,,peaceful,positive
1081,其他,78242.0,790.0,20149.0,,116,R&B,韩语,new,sad,positive
1082,电器,32601.0,89099.0,47435.0,,101,jazz,日语,,sad,negative
1083,食品,91399.0,92428.0,84930.0,,115,R&B,国语,,happy,negative
1084,电器,39573.0,70585.0,746.0,,136,,其他,old,peaceful,positive
1085,电器,26723.0,24100.0,54775.0,,146,R&B,英语,new,mad,negative
1086,其他,47059.0,83479.0,46818.0,,91,soundtrack,韩语,old,happy,negative
1087,食品,26637.0,32536.0,48892.0,,125,,国语,old,happy,positive
1088,服装,35527.0,40719.0,8651.0,,139,pop,韩语,old,mad,negative
1089,服装,27409.0,46946.0,67014.0,,146,dance,韩语,old,sad,positive
1090,电器,58748.0,3435.0,85154.0,,106,jazz,韩语,new,happy,negative
1091,服装,66129.0,81178.0,41580.0,,124,pop,国语,old,peaceful,positive
1092,电器,32663.0,79763.0,46312.0,,128,soundtrack,英语,,sad,negative
1093,家装,70422.0,96841.0,25166.0,,146,jazz,日语,new,peaceful,negative
1094,服装,42016.0,3439.0,60136.0,,131,dance,其他,old,happy,negative
1095,电器,98789.0,44442.0,99088.0,,131,dance,其他,old,sad,positive
1096,食品,2088.0,52444.0,37798.0,,122,jazz,,new,sad,negative
1097,电器,22562.0,30501.0,14984.0,,117,R&B,,old,sad,positive
1098,服装,85286.0,99133.0,26853.0,,91,pop,,,peaceful,positive
1099,服装,1359.0,71217.0,89800.0,,61,,日语,new,happy,negative
1100,服装,60238.0,1001.0,74415.0,,137,pop,日语,,sad,positive
1101,电器,59027.0,73228.0,23739.0,,83,R&B,韩语,,happy,positive
1102,服装,16386.0,8272.0,26973.0,,132,soundtrack,韩语,,mad,negative
1103,家装,7160.0,82094.0,19057.0,,89,soundtrack,国语,new,happy,negative
1104,其他,53936.0,40466.0,72351.0,,138,soundtrack,,old,sad,positive
1105,电器,35191.0,75830.0,51845.0,,78,pop,国语,,sad,negative
1106,其他,36336.0,14959.0,38846.0,,62,soundtrack,日语,,happy,positive
1107,家装,45691.0,65043.0,47136.0,,71,pop,日语,,mad,positive
1108,食品,62582.0,15405.0,63591.0,,105,jazz,韩语,new,peaceful,positive
1109,家装,82606.0,23160.0,6330.0,,97,R&B,其他,,peaceful,positive
1110,家装,53697.0,70485.0,5569.0,,83,,韩语,old,peaceful,positive
1111,食品,34456.0,90976.0,71356.0,,107,soundtrack,其他,old,mad,positive
1112,其他,14457.0,36847.0,83572.0,,80,dance,其他,old,happy,positive
1113,电器,25788.0,62187.0,29506.0,,121,soundtrack,日语,,mad,positive
1114,食品,5008.0,8363.0,86972.0,,90,pop,英语,new,sad,negative
1115,电器,22534.0,38056.0,1854.0,,98,dance,国语,old,mad,positive
1116,服装,78961.0,68360.0,36628.0,,106,dance,英语,new,happy,negative
1117,服装,62036.0,33340.0,7066.0,,108,jazz,日语,new,peaceful,negative
1118,家装,24285.0,15934.0,97944.0,,127,,英语,new,mad,negative
1119,服装,49562.0,51212.0,80866.0,,126,dance,,,sad,positive
1120,食品,94743.0,72831.0,89644.0,,101,pop,其他,,happy,positive
1121,家装,79601.0,88563.0,75637.0,,97,jazz,英语,,sad,positive
1122,食品,80426.0,36174.0,8380.0,,66,dance,英语,old,sad,positive
1123,其他,58204.0,18115.0,40188.0,,125,R&B,日语,new,happy,negative
1124,其他,27382.0,64652.0,33900.0,,107,dance,,,sad,negative
1125,食品,73971.0,69550.0,13057.0,,131,pop,,old,sad,positive
1126,其他,8267.0,68862.0,51767.0,,99,jazz,英语,old,sad,negative
1127,电器,55889.0,67635.0,65113.0,,109,dance,日语,new,sad,positive
1128,其他,89923.0,14055.0,58705.0,,90,pop,国语,new,mad,negative
1129,其他,17071.0,1781.0,62552.0,,60,soundtrack,其他,old,peaceful,negative
1130,其他,27121.0,24609.0,60655.0,,113,,英语,new,mad,negative
1131,家装,84577.0,63442.0,71951.0,,141,R&B,韩语,old,mad,negative
1132,服装,5006.0,24127.0,82145.0,,107,jazz,日语,new,sad,negative
1133,服装,32155.0,15969.0,9797.0,,80,pop,国语,old,sad,negative
1134,食品,90322.0,13805.0,9364.0,,130,R&B,其他,new,mad,positive
1135,食品,87315.0,96745.0,72306.0,,106,jazz,国语,,happy,positive
1136,服装,24284.0,97379.0,40673.0,,124,dance,英语,,happy,negative
1137,家装,96296.0,73775.0,50700.0,,141,pop,其他,old,mad,positive
1138,服装,50533.0,20005.0,34307.0,,71,soundtrack,日语,,mad,negative
1139,其他,45832.0,33928.0,37350.0,,78,pop,韩语,,peaceful,positive
1140,食品,36965.0,62882.0,93690.0,,93,pop,韩语,new,sad,positive
1141,其他,872.0,9873.0,8856.0,,66,jazz,英语,,mad,negative
1142,服装,55665.0,67065.0,18783.0,,122,,日语,,sad,positive
1143,食品,84990.0,34097.0,3828.0,,141,R&B,韩语,old,sad,positive
1144,其他,68851.0,32592.0,46867.0,,114,R&B,英语,,mad,positive
1145,食品,61004.0,60393.0,68469.0,,145,jazz,韩语,new,happy,positive
1146,其他,35199.0,89568.0,62722.0,,105,jazz,,old,peaceful,negative
1147,电器,16185.0,37616.0,87284.0,,81,jazz,,,peaceful,positive
1148,家装,58474.0,27647.0,32522.0,,113,,,,mad,negative
1149,食品,5572.0,30128.0,79500.0,,69,soundtrack,韩语,old,peaceful,positive
1150,电器,40584.0,29366.0,59392.0,,94,R&B,国语,,mad,positive
1151,服装,60314.0,66571.0,42417.0,,60,R&B,英语,old,mad,positive
1152,服装,64314.0,9787.0,37234.0,,88,dance,韩语,new,peaceful,positive
1153,食品,16464.0,63520.0,48173.0,,137,dance,其他,new,sad,negative
1154,家装,71066.0,53173.0,15254.0,,112,,国语,,sad,negative
1155,服装,91933.0,74111.0,74595.0,,130,jazz,,old,sad,negative
1156,电器,68902.0,93511.0,23362.0,,140,dance,韩语,old,sad,negative
1157,食品,84817.0,71125.0,96745.0,,94,pop,其他,old,sad,negative
1158,电器,9612.0,78451.0,38766.0,,78,dance,国语,,happy,positive
1159,家装,96222.0,49864.0,10291.0,,65,pop,其他,new,happy,positive
1160,电器,13051.0,60653.0,7867.0,,81,soundtrack,,new,peaceful,positive
1161,食品,91845.0,16996.0,57441.0,,143,R&B,韩语,old,peaceful,negative
1162,其他,69902.0,81020.0,84093.0,,120,dance,英语,old,sad,positive
1163,家装,21583.0,95365.0,99729.0,,119,dance,日语,new,mad,positive
1164,电器,11864.0,72766.0,25600.0,,144,R&B,国语,old,sad,positive
1165,服装,90157.0,6446.0,69024.0,,115,jazz,英语,old,sad,positive
1166,电器,72017.0,97798.0,88981.0,,114,dance,其他,,happy,negative
1167,食品,99066.0,69352.0,58072.0,,128,R&B,韩语,,peaceful,negative
1168,其他,40942.0,37158.0,63529.0,,142,soundtrack,,old,peaceful,negative
1169,家装,65304.0,3958.0,84159.0,,137,dance,,old,happy,negative
1170,食品,26723.0,10539.0,82723.0,,85,R&B,国语,old,peaceful,positive
1171,服装,9303.0,84650.0,4341.0,,72,jazz,其他,,peaceful,positive
1172,食品,62033.0,40742.0,17617.0,,142,dance,国语,,mad,positive
1173,其他,41176.0,16022.0,65319.0,,67,jazz,日语,old,peaceful,negative
1174,服装,89569.0,55802.0,41983.0,,121,jazz,英语,,peaceful,positive
1175,电器,34208.0,38069.0,64137.0,,84,pop,日语,new,mad,negative
1176,服装,28473.0,84451.0,65263.0,,68,,英语,new,peaceful,negative
1177,服装,24147.0,64236.0,82269.0,,75,,日语,,mad,positive
1178,家装,32108.0,81171.0,75989.0,,108,dance,国语,,happy,negative
1179,其他,19235.0,4803.0,14648.0,,117,,英语,old,mad,positive
1180,家装,88986.0,72089.0,11074.0,,103,,日语,old,sad,positive
1181,电器,20268.0,90128.0,49949.0,,110,dance,日语,old,mad,negative
1182,家装,69198.0,4987.0,12072.0,,73,jazz,,old,happy,positive
1183,食品,59376.0,95496.0,98314.0,,106,R&B,,old,sad,positive
1184,食品,78332.0,69147.0,48368.0,,121,pop,其他,,mad,negative
1185,电器,8552.0,86658.0,99422.0,,78,soundtrack,,old,sad,negative
1186,家装,245.0,18981.0,19639.0,,67,R&B,,new,sad,positive
1187,其他,47095.0,52902.0,10154.0,,119,jazz,日语,,sad,positive
1188,食品,80300.0,61105.0,45016.0,,73,soundtrack,其他,new,mad,positive
1189,服装,66681.0,58006.0,36692.0,,93,dance,日语,,mad,positive
1190,其他,29299.0,41617.0,97101.0,,61,pop,,new,mad,negative
1191,食品,4592.0,65693.0,48675.0,,128,jazz,英语,new,sad,positive
1192,其他,55052.0,51412.0,41654.0,,75,soundtrack,其他,old,happy,negative
1193,家装,22324.0,82865.0,5730.0,,64,pop,,new,mad,negative
1194,电器,12024.0,69635.0,29018.0,,66,soundtrack,日语,new,happy,negative
1195,食品,14601.0,39921.0,64226.0,,131,pop,韩语,,sad,negative
1196,服装,59287.0,31544.0,64983.0,,97,soundtrack,韩语,new,peaceful,negative
1197,服装,83100.0,46760.0,53279.0,,76,jazz,国语,new,happy,negative
1198,家装,95764.0,29013.0,67171.0,,117,jazz,英语,,mad,positive
1199,电器,55117.0,75619.0,84062.0,,134,jazz,韩语,,happy,positive
